--
-- PostgreSQL database cluster dump
--

-- Started on 2024-03-02 09:55:24

SET default_transaction_read_only = off;

SET client_encoding = 'UTF8';
SET standard_conforming_strings = on;

--
-- Roles
--

CREATE ROLE postgres;
ALTER ROLE postgres WITH SUPERUSER INHERIT CREATEROLE CREATEDB LOGIN REPLICATION BYPASSRLS;

--
-- User Configurations
--








--
-- Databases
--

--
-- Database "template1" dump
--

\connect template1

--
-- PostgreSQL database dump
--

-- Dumped from database version 16.1
-- Dumped by pg_dump version 16.1

-- Started on 2024-03-02 09:55:24

SET statement_timeout = 0;
SET lock_timeout = 0;
SET idle_in_transaction_session_timeout = 0;
SET client_encoding = 'UTF8';
SET standard_conforming_strings = on;
SELECT pg_catalog.set_config('search_path', '', false);
SET check_function_bodies = false;
SET xmloption = content;
SET client_min_messages = warning;
SET row_security = off;

-- Completed on 2024-03-02 09:55:24

--
-- PostgreSQL database dump complete
--

--
-- Database "used_car_db" dump
--

--
-- PostgreSQL database dump
--

-- Dumped from database version 16.1
-- Dumped by pg_dump version 16.1

-- Started on 2024-03-02 09:55:24

SET statement_timeout = 0;
SET lock_timeout = 0;
SET idle_in_transaction_session_timeout = 0;
SET client_encoding = 'UTF8';
SET standard_conforming_strings = on;
SELECT pg_catalog.set_config('search_path', '', false);
SET check_function_bodies = false;
SET xmloption = content;
SET client_min_messages = warning;
SET row_security = off;

--
-- TOC entry 4905 (class 1262 OID 26434)
-- Name: used_car_db; Type: DATABASE; Schema: -; Owner: postgres
--

CREATE DATABASE used_car_db WITH TEMPLATE = template0 ENCODING = 'UTF8' LOCALE_PROVIDER = libc LOCALE = 'English_Indonesia.1252';


ALTER DATABASE used_car_db OWNER TO postgres;

\connect used_car_db

SET statement_timeout = 0;
SET lock_timeout = 0;
SET idle_in_transaction_session_timeout = 0;
SET client_encoding = 'UTF8';
SET standard_conforming_strings = on;
SELECT pg_catalog.set_config('search_path', '', false);
SET check_function_bodies = false;
SET xmloption = content;
SET client_min_messages = warning;
SET row_security = off;

SET default_tablespace = '';

SET default_table_access_method = heap;

--
-- TOC entry 225 (class 1259 OID 26483)
-- Name: bid; Type: TABLE; Schema: public; Owner: postgres
--

CREATE TABLE public.bid (
    bid_id integer NOT NULL,
    product_id integer NOT NULL,
    buyer_id integer NOT NULL,
    date_bid date DEFAULT CURRENT_DATE,
    bid_price integer,
    bid_status character varying(255) DEFAULT 'Sent'::character varying,
    CONSTRAINT bid_price_check CHECK ((bid_price > 0))
);


ALTER TABLE public.bid OWNER TO postgres;

--
-- TOC entry 224 (class 1259 OID 26482)
-- Name: bid_bid_id_seq; Type: SEQUENCE; Schema: public; Owner: postgres
--

CREATE SEQUENCE public.bid_bid_id_seq
    AS integer
    START WITH 1
    INCREMENT BY 1
    NO MINVALUE
    NO MAXVALUE
    CACHE 1;


ALTER SEQUENCE public.bid_bid_id_seq OWNER TO postgres;

--
-- TOC entry 4906 (class 0 OID 0)
-- Dependencies: 224
-- Name: bid_bid_id_seq; Type: SEQUENCE OWNED BY; Schema: public; Owner: postgres
--

ALTER SEQUENCE public.bid_bid_id_seq OWNED BY public.bid.bid_id;


--
-- TOC entry 221 (class 1259 OID 26463)
-- Name: buyer; Type: TABLE; Schema: public; Owner: postgres
--

CREATE TABLE public.buyer (
    buyer_id integer NOT NULL,
    buyer_name character varying(255) NOT NULL,
    buyer_contact character varying(255) NOT NULL,
    city_id integer
);


ALTER TABLE public.buyer OWNER TO postgres;

--
-- TOC entry 220 (class 1259 OID 26462)
-- Name: buyer_buyer_id_seq; Type: SEQUENCE; Schema: public; Owner: postgres
--

CREATE SEQUENCE public.buyer_buyer_id_seq
    AS integer
    START WITH 1
    INCREMENT BY 1
    NO MINVALUE
    NO MAXVALUE
    CACHE 1;


ALTER SEQUENCE public.buyer_buyer_id_seq OWNER TO postgres;

--
-- TOC entry 4907 (class 0 OID 0)
-- Dependencies: 220
-- Name: buyer_buyer_id_seq; Type: SEQUENCE OWNED BY; Schema: public; Owner: postgres
--

ALTER SEQUENCE public.buyer_buyer_id_seq OWNED BY public.buyer.buyer_id;


--
-- TOC entry 215 (class 1259 OID 26435)
-- Name: city; Type: TABLE; Schema: public; Owner: postgres
--

CREATE TABLE public.city (
    city_id integer NOT NULL,
    city_name character varying(255) NOT NULL,
    latitude double precision NOT NULL,
    longitude double precision NOT NULL
);


ALTER TABLE public.city OWNER TO postgres;

--
-- TOC entry 223 (class 1259 OID 26474)
-- Name: product; Type: TABLE; Schema: public; Owner: postgres
--

CREATE TABLE public.product (
    product_id integer NOT NULL,
    product_detail_id integer NOT NULL,
    seller_id integer NOT NULL,
    title text NOT NULL,
    date_post date DEFAULT CURRENT_DATE
);


ALTER TABLE public.product OWNER TO postgres;

--
-- TOC entry 217 (class 1259 OID 26443)
-- Name: product_detail; Type: TABLE; Schema: public; Owner: postgres
--

CREATE TABLE public.product_detail (
    product_detail_id integer NOT NULL,
    brand character varying(255) NOT NULL,
    model character varying(255) NOT NULL,
    body_type character varying(255) NOT NULL,
    transmission character varying(255) NOT NULL,
    year integer,
    price integer,
    CONSTRAINT price_check CHECK ((price > 0))
);


ALTER TABLE public.product_detail OWNER TO postgres;

--
-- TOC entry 216 (class 1259 OID 26442)
-- Name: product_detail_product_detail_id_seq; Type: SEQUENCE; Schema: public; Owner: postgres
--

CREATE SEQUENCE public.product_detail_product_detail_id_seq
    AS integer
    START WITH 1
    INCREMENT BY 1
    NO MINVALUE
    NO MAXVALUE
    CACHE 1;


ALTER SEQUENCE public.product_detail_product_detail_id_seq OWNER TO postgres;

--
-- TOC entry 4908 (class 0 OID 0)
-- Dependencies: 216
-- Name: product_detail_product_detail_id_seq; Type: SEQUENCE OWNED BY; Schema: public; Owner: postgres
--

ALTER SEQUENCE public.product_detail_product_detail_id_seq OWNED BY public.product_detail.product_detail_id;


--
-- TOC entry 222 (class 1259 OID 26473)
-- Name: product_product_id_seq; Type: SEQUENCE; Schema: public; Owner: postgres
--

CREATE SEQUENCE public.product_product_id_seq
    AS integer
    START WITH 1
    INCREMENT BY 1
    NO MINVALUE
    NO MAXVALUE
    CACHE 1;


ALTER SEQUENCE public.product_product_id_seq OWNER TO postgres;

--
-- TOC entry 4909 (class 0 OID 0)
-- Dependencies: 222
-- Name: product_product_id_seq; Type: SEQUENCE OWNED BY; Schema: public; Owner: postgres
--

ALTER SEQUENCE public.product_product_id_seq OWNED BY public.product.product_id;


--
-- TOC entry 219 (class 1259 OID 26452)
-- Name: seller; Type: TABLE; Schema: public; Owner: postgres
--

CREATE TABLE public.seller (
    seller_id integer NOT NULL,
    seller_name character varying(255) NOT NULL,
    seller_contact character varying(255) NOT NULL,
    city_id integer NOT NULL
);


ALTER TABLE public.seller OWNER TO postgres;

--
-- TOC entry 218 (class 1259 OID 26451)
-- Name: seller_seller_id_seq; Type: SEQUENCE; Schema: public; Owner: postgres
--

CREATE SEQUENCE public.seller_seller_id_seq
    AS integer
    START WITH 1
    INCREMENT BY 1
    NO MINVALUE
    NO MAXVALUE
    CACHE 1;


ALTER SEQUENCE public.seller_seller_id_seq OWNER TO postgres;

--
-- TOC entry 4910 (class 0 OID 0)
-- Dependencies: 218
-- Name: seller_seller_id_seq; Type: SEQUENCE OWNED BY; Schema: public; Owner: postgres
--

ALTER SEQUENCE public.seller_seller_id_seq OWNED BY public.seller.seller_id;


--
-- TOC entry 4717 (class 2604 OID 26486)
-- Name: bid bid_id; Type: DEFAULT; Schema: public; Owner: postgres
--

ALTER TABLE ONLY public.bid ALTER COLUMN bid_id SET DEFAULT nextval('public.bid_bid_id_seq'::regclass);


--
-- TOC entry 4714 (class 2604 OID 26466)
-- Name: buyer buyer_id; Type: DEFAULT; Schema: public; Owner: postgres
--

ALTER TABLE ONLY public.buyer ALTER COLUMN buyer_id SET DEFAULT nextval('public.buyer_buyer_id_seq'::regclass);


--
-- TOC entry 4715 (class 2604 OID 26477)
-- Name: product product_id; Type: DEFAULT; Schema: public; Owner: postgres
--

ALTER TABLE ONLY public.product ALTER COLUMN product_id SET DEFAULT nextval('public.product_product_id_seq'::regclass);


--
-- TOC entry 4712 (class 2604 OID 26446)
-- Name: product_detail product_detail_id; Type: DEFAULT; Schema: public; Owner: postgres
--

ALTER TABLE ONLY public.product_detail ALTER COLUMN product_detail_id SET DEFAULT nextval('public.product_detail_product_detail_id_seq'::regclass);


--
-- TOC entry 4713 (class 2604 OID 26455)
-- Name: seller seller_id; Type: DEFAULT; Schema: public; Owner: postgres
--

ALTER TABLE ONLY public.seller ALTER COLUMN seller_id SET DEFAULT nextval('public.seller_seller_id_seq'::regclass);


--
-- TOC entry 4899 (class 0 OID 26483)
-- Dependencies: 225
-- Data for Name: bid; Type: TABLE DATA; Schema: public; Owner: postgres
--

COPY public.bid (bid_id, product_id, buyer_id, date_bid, bid_price, bid_status) FROM stdin;
1	411	111	2023-03-07	90048000	Sent
2	1380	137	2023-12-31	126954000	Declined
3	576	22	2023-06-08	165166200	Sent
4	971	69	2023-04-25	155990200	Declined
5	346	110	2023-01-04	178579200	Declined
6	467	62	2022-06-17	158205600	Declined
7	361	53	2023-07-22	102190000	Declined
8	863	3	2023-07-26	123201000	Sent
9	665	94	2023-03-19	103476000	Sent
10	891	69	2022-07-21	393959500	Declined
11	352	72	2023-05-26	105598200	Declined
12	829	18	2022-10-31	193622400	Declined
13	1496	118	2022-12-30	102178200	Declined
14	1474	7	2023-08-07	153883800	Declined
15	205	10	2022-08-17	108662400	Declined
16	1333	4	2023-04-25	204638400	Declined
17	128	38	2022-12-14	123834300	Sent
18	110	31	2022-07-24	88665600	Sent
19	548	139	2023-01-29	107450800	Declined
20	1074	68	2022-06-14	146041500	Sent
21	1422	56	2022-11-04	77048900	Sent
22	1003	43	2022-10-07	354411000	Declined
23	1290	63	2023-02-06	153928500	Sent
24	806	71	2023-04-20	163172600	Declined
25	188	42	2022-09-15	76567500	Declined
26	1288	130	2023-06-06	113204000	Declined
27	624	42	2022-06-01	159844000	Declined
28	1193	128	2023-01-30	170726400	Sent
29	803	57	2023-04-21	88949000	Sent
30	698	64	2023-07-14	158776000	Sent
31	943	108	2023-08-01	163493000	Declined
32	301	135	2024-01-23	101409000	Sent
33	103	133	2023-01-27	147870000	Declined
34	874	11	2023-05-01	114303200	Sent
35	535	131	2023-04-21	166590200	Sent
36	1036	60	2023-10-15	151162200	Declined
37	173	53	2023-06-22	109224000	Declined
38	631	89	2023-04-25	98259200	Sent
39	924	129	2023-08-30	142131000	Sent
40	131	33	2022-12-25	148569600	Declined
41	494	48	2022-05-14	105685000	Declined
42	438	11	2023-03-26	147616150	Declined
43	907	127	2023-10-23	191757700	Sent
44	430	60	2023-10-18	153780000	Declined
45	1248	51	2023-04-28	110400000	Sent
46	1389	110	2023-06-05	247453100	Sent
47	1111	51	2022-08-01	104887200	Declined
48	916	51	2023-12-29	194612000	Declined
49	957	103	2023-02-25	106772400	Declined
50	1082	102	2022-12-15	86330000	Sent
51	68	83	2023-01-12	124510500	Declined
52	972	52	2023-05-24	77671400	Declined
53	344	90	2023-09-06	105075500	Declined
54	328	30	2022-06-03	342909250	Declined
55	840	27	2023-08-13	172608000	Declined
56	1217	34	2022-08-27	88090000	Sent
57	695	30	2023-02-01	145764600	Sent
58	839	29	2023-05-08	235859200	Sent
59	421	1	2022-11-28	123511500	Declined
60	1274	70	2023-03-07	167818400	Declined
61	21	108	2023-04-28	149080900	Declined
62	1096	87	2023-05-09	153782000	Declined
63	1043	132	2023-11-11	194478300	Declined
64	887	34	2022-10-29	239921100	Sent
65	875	98	2023-07-25	101847600	Sent
66	1061	124	2022-07-23	316192500	Sent
67	490	59	2023-03-17	90854400	Sent
68	1268	81	2023-03-08	157964000	Declined
69	62	41	2022-08-29	298770000	Sent
70	1300	146	2023-08-12	247991100	Sent
71	522	51	2023-04-15	145803000	Declined
72	1356	69	2023-02-09	104638500	Sent
73	1372	88	2023-02-04	193094000	Sent
74	1091	123	2023-01-27	88032000	Declined
75	160	104	2023-10-23	153384000	Sent
76	82	46	2022-04-14	107559500	Declined
77	313	87	2023-08-06	324170000	Sent
78	650	27	2022-11-23	150175200	Declined
79	202	142	2022-07-28	75413800	Declined
80	81	75	2023-03-23	105424800	Declined
81	55	103	2023-09-29	198247000	Declined
82	464	143	2023-05-29	195348000	Sent
83	1231	147	2023-06-12	152388000	Sent
84	410	49	2023-09-21	140778600	Declined
85	163	118	2022-06-03	157668000	Sent
86	1278	106	2023-05-04	145051200	Sent
87	1108	20	2023-01-27	108500000	Sent
88	1159	75	2022-09-18	365324500	Declined
89	385	41	2023-11-18	293836500	Declined
90	9	19	2023-04-01	200992000	Declined
91	1141	83	2023-01-30	101676600	Declined
92	1386	100	2022-08-11	367897500	Sent
93	830	124	2023-09-26	156821900	Sent
94	863	57	2023-05-13	115063000	Sent
95	979	28	2023-06-14	313530000	Declined
96	340	56	2023-07-02	170506000	Declined
97	18	141	2022-06-24	103522650	Declined
98	520	146	2023-08-02	143374200	Declined
99	309	137	2022-11-13	88440000	Declined
100	695	137	2023-03-16	144121200	Declined
101	447	133	2023-07-20	88960000	Declined
102	870	104	2022-10-17	189034650	Declined
103	164	100	2022-09-19	153255000	Sent
104	178	150	2023-06-08	191156500	Declined
105	430	143	2023-05-12	148104000	Sent
106	467	111	2022-12-26	147789600	Declined
107	367	133	2023-03-21	323955000	Declined
108	1071	41	2023-03-10	140508300	Sent
109	1121	20	2022-04-16	109470900	Declined
110	790	92	2023-04-30	99852800	Declined
111	202	4	2022-05-07	71645600	Declined
112	1436	127	2023-05-15	97225200	Sent
113	1245	26	2023-02-06	311397000	Declined
114	348	58	2023-03-08	111091600	Declined
115	469	58	2023-05-17	220188000	Declined
116	823	55	2023-07-12	114625000	Declined
117	689	123	2023-08-17	109318400	Declined
118	793	134	2022-08-29	165326940	Sent
119	429	25	2022-06-15	91904800	Sent
120	1320	7	2023-07-07	167206950	Declined
121	1268	142	2023-03-28	149906000	Sent
122	1410	47	2023-07-31	241158500	Declined
123	584	138	2022-12-28	90074200	Declined
124	1247	4	2023-02-28	120487500	Sent
125	1023	44	2023-08-06	90598000	Sent
126	947	108	2022-11-24	143892000	Declined
127	1439	56	2023-05-06	100012900	Declined
128	609	129	2022-08-26	315735000	Sent
129	816	62	2022-06-22	103707000	Declined
130	652	39	2023-12-12	157432800	Declined
131	128	23	2023-03-10	126451000	Sent
132	412	132	2023-09-04	108073350	Declined
133	699	29	2022-10-10	152670000	Declined
134	1275	117	2023-07-07	184839600	Declined
135	1260	150	2023-09-06	102389300	Sent
136	765	20	2023-01-22	124601500	Sent
137	327	58	2023-04-29	147477700	Sent
138	1384	135	2022-09-13	117107600	Declined
139	1257	81	2024-01-30	156922500	Declined
140	872	62	2023-07-10	197511100	Sent
141	94	148	2023-05-04	101901500	Declined
142	126	25	2023-03-04	150688000	Declined
143	1072	39	2023-01-02	85320000	Sent
144	40	43	2023-08-28	142843000	Sent
145	495	26	2023-03-22	86851200	Sent
146	720	86	2023-05-26	106875000	Declined
147	268	76	2023-08-16	193775400	Sent
148	91	73	2023-08-05	168744000	Sent
149	712	3	2023-01-24	109787500	Declined
150	1298	92	2023-09-15	106202400	Declined
151	1251	17	2023-12-06	143246600	Sent
152	85	49	2023-02-14	340956600	Declined
153	1251	113	2023-02-03	135238350	Declined
154	1062	119	2023-03-17	160580000	Sent
155	964	89	2022-12-16	327301500	Sent
156	326	104	2023-01-06	313467000	Declined
157	909	88	2023-09-12	122798000	Declined
158	439	91	2023-01-07	204206400	Sent
159	26	38	2022-11-08	156660000	Declined
160	1272	107	2022-11-26	109932000	Declined
161	1224	82	2023-07-05	103609700	Declined
162	760	41	2023-10-08	174477000	Declined
163	1399	23	2023-04-05	90830000	Declined
164	467	26	2023-01-16	142884000	Sent
165	742	77	2022-12-16	311086500	Declined
166	643	50	2022-08-23	155435000	Declined
167	1255	142	2022-11-21	156927000	Declined
168	1407	69	2022-11-28	160538200	Sent
169	396	18	2022-11-07	99759000	Declined
170	1330	134	2022-12-27	107796150	Declined
171	1187	63	2023-01-21	101651550	Declined
172	1147	33	2023-07-10	172742400	Declined
173	670	49	2023-10-15	233626500	Declined
174	503	36	2022-09-17	158625600	Declined
175	1449	83	2023-08-15	199428900	Sent
176	225	103	2022-08-13	111396000	Declined
177	1259	89	2022-07-21	150760500	Declined
178	330	103	2022-12-13	107717600	Sent
179	653	31	2023-12-18	107508800	Declined
180	846	18	2023-07-04	91946300	Declined
181	123	90	2022-12-12	208901700	Declined
182	551	63	2023-01-18	101654800	Sent
183	1036	33	2023-08-09	141636600	Sent
184	2	91	2022-07-25	103176150	Declined
185	811	110	2023-12-15	73662500	Declined
186	1372	58	2022-07-11	187792000	Declined
187	1089	101	2023-06-06	169958400	Declined
188	725	118	2023-03-30	94567000	Declined
189	1308	84	2023-01-21	212754000	Declined
190	754	116	2022-09-04	118233000	Sent
191	1050	107	2023-05-15	102039500	Declined
192	513	56	2022-12-01	221556800	Sent
193	1313	59	2022-04-29	249174700	Declined
194	1341	124	2023-01-31	102979800	Declined
195	853	42	2022-11-08	184857000	Sent
196	4	99	2022-04-08	84816000	Declined
197	900	51	2022-03-21	153568800	Sent
198	1379	85	2023-11-03	202907700	Sent
199	148	15	2023-04-02	152938600	Declined
200	1324	17	2022-08-04	233725000	Declined
201	599	25	2022-06-07	107903200	Declined
202	835	38	2022-11-02	322816500	Sent
203	1341	18	2023-02-04	99087450	Declined
204	200	131	2023-02-13	191989350	Sent
205	639	43	2022-09-13	201638400	Declined
206	1349	32	2023-05-10	163015300	Declined
207	1389	110	2023-08-03	231662800	Sent
208	1500	18	2023-05-24	99476400	Declined
209	631	45	2023-07-17	97843200	Declined
210	1159	55	2023-05-12	373002000	Declined
211	346	35	2023-04-29	169785600	Sent
212	200	42	2023-02-28	205638300	Sent
213	1258	97	2022-06-22	85640000	Declined
214	60	115	2022-11-28	313260000	Sent
215	104	96	2022-07-24	102044250	Declined
216	475	127	2023-07-12	104840800	Declined
217	60	22	2022-12-03	301288500	Sent
218	640	80	2023-02-15	152635000	Declined
219	544	87	2023-04-27	342684750	Declined
220	1096	15	2023-08-08	148767000	Sent
221	406	86	2022-10-29	203540500	Declined
222	914	44	2023-02-13	86543400	Declined
223	727	110	2023-08-17	377235000	Sent
224	54	7	2023-03-12	119974500	Sent
225	283	61	2023-01-29	202683600	Declined
226	1253	4	2023-11-01	123053400	Declined
227	1323	68	2023-02-21	83212800	Declined
228	1340	76	2022-12-20	159302500	Sent
229	41	36	2023-03-11	236531700	Declined
230	1477	65	2023-03-11	120710700	Declined
231	841	35	2023-07-22	155677400	Declined
232	924	16	2023-03-27	146305500	Declined
233	1378	77	2023-04-02	205556000	Sent
234	482	124	2023-05-26	96185600	Sent
235	976	110	2023-01-14	168853000	Declined
236	1374	108	2023-05-27	154504000	Declined
237	982	73	2023-04-10	144606000	Sent
238	405	31	2023-10-25	129821200	Sent
239	210	129	2022-10-16	147059400	Declined
240	569	116	2024-01-26	200707200	Sent
241	428	43	2023-01-12	195781950	Sent
242	994	7	2022-11-22	144287200	Sent
243	40	15	2023-05-05	152886000	Declined
244	737	26	2023-06-14	84671300	Sent
245	1122	97	2022-07-01	172315260	Sent
246	1303	124	2022-07-22	158602200	Declined
247	1233	41	2023-10-12	184053600	Declined
248	1036	71	2023-01-25	137716200	Declined
249	1161	103	2023-04-21	94897000	Declined
250	373	33	2023-05-18	97027600	Sent
251	282	48	2023-01-14	241293000	Declined
252	1	135	2023-02-12	372219000	Declined
253	350	53	2023-09-02	156911400	Declined
254	1108	123	2023-12-21	106512500	Declined
255	1366	101	2023-08-30	149433200	Declined
256	868	86	2022-10-16	329805000	Declined
257	495	52	2022-08-09	82742400	Declined
258	1321	23	2023-06-07	97423500	Sent
259	1103	121	2023-10-15	348607800	Declined
260	337	119	2022-09-14	142842300	Declined
261	264	56	2023-04-14	342645000	Sent
262	559	89	2023-07-27	117787600	Declined
263	1411	69	2022-10-15	140844000	Sent
264	1329	6	2023-09-08	112150000	Declined
265	1443	140	2023-11-23	178202160	Sent
266	313	63	2023-08-23	317345000	Sent
267	249	22	2023-04-28	151401600	Declined
268	750	133	2023-01-26	112896000	Sent
269	134	15	2023-02-18	309715000	Sent
270	1469	70	2022-12-07	86213600	Declined
271	126	109	2022-12-04	160191000	Declined
272	1146	119	2024-01-12	106398600	Declined
273	483	150	2022-11-23	345348000	Declined
274	1211	143	2022-07-06	143270400	Sent
275	1169	146	2023-10-14	98728100	Declined
276	1235	112	2022-05-26	148125600	Sent
277	800	92	2023-11-11	145106300	Sent
278	1438	105	2022-08-08	191973500	Sent
279	1000	74	2023-06-29	198472050	Sent
280	1404	134	2022-12-26	203623200	Declined
281	1217	134	2023-03-09	86060000	Sent
282	366	32	2023-03-13	98533050	Sent
283	1251	124	2023-11-17	134087650	Declined
284	321	144	2023-11-10	171532800	Declined
285	36	20	2022-08-28	115530800	Declined
286	73	100	2023-06-14	180120150	Declined
287	962	93	2023-05-10	106733550	Declined
288	73	54	2022-11-13	176929830	Sent
289	1092	87	2023-04-21	87387300	Sent
290	273	80	2023-05-31	163327500	Declined
291	967	25	2022-12-28	108100000	Declined
292	349	116	2023-10-24	105381600	Declined
293	983	66	2023-02-12	121316000	Declined
294	788	140	2023-11-27	102062500	Declined
295	267	73	2022-05-31	247103400	Sent
296	995	2	2022-08-16	96139500	Declined
297	651	112	2023-05-06	85020000	Sent
298	324	65	2022-08-20	96000400	Sent
299	165	89	2023-07-06	166412200	Sent
300	1148	18	2023-07-26	101507900	Sent
301	415	93	2022-11-18	147644700	Sent
302	705	40	2023-03-23	150587500	Declined
303	969	13	2023-08-21	377108250	Declined
304	1071	93	2023-10-28	140587800	Declined
305	942	26	2023-06-18	197434500	Sent
306	1301	106	2022-09-06	155497300	Declined
307	815	73	2022-11-11	308050500	Sent
308	1003	55	2023-02-06	370986750	Sent
309	1197	55	2023-03-31	101642400	Declined
310	870	28	2023-05-30	202308750	Sent
311	972	56	2023-09-08	74301600	Declined
312	1246	69	2022-05-13	156568500	Declined
313	253	37	2022-11-24	117217200	Sent
314	165	6	2023-07-18	168690600	Declined
315	1077	42	2023-02-15	201938000	Declined
316	307	131	2023-04-05	101327100	Declined
317	909	84	2022-12-27	118534000	Declined
318	535	115	2022-11-02	167391200	Sent
319	238	36	2023-01-13	300702000	Declined
320	1458	129	2023-07-12	166697000	Declined
321	729	53	2022-12-19	95540300	Declined
322	1495	38	2022-10-30	220494800	Sent
323	1217	34	2023-06-09	85470000	Declined
324	907	138	2023-02-05	208794900	Sent
325	530	42	2022-07-07	212022400	Declined
326	312	110	2022-08-27	110912500	Sent
327	285	101	2023-10-12	156355200	Sent
328	80	147	2022-04-19	162649350	Declined
329	1222	123	2022-10-14	143386200	Sent
330	1144	72	2023-02-09	82886400	Declined
331	849	93	2022-11-14	143661600	Declined
332	941	75	2022-09-03	157147200	Sent
333	724	136	2023-05-26	153754200	Declined
334	225	6	2022-10-14	111084000	Declined
335	283	16	2022-11-22	189762300	Declined
336	236	150	2023-05-04	147420000	Sent
337	487	50	2023-11-16	114088000	Declined
338	53	134	2023-04-06	178297110	Sent
339	1297	140	2023-04-24	107553600	Sent
340	150	70	2023-05-07	170745600	Declined
341	1044	135	2023-05-20	345268500	Declined
342	1484	37	2022-09-18	151270000	Declined
343	1125	68	2023-06-22	82012800	Declined
344	585	59	2023-07-06	169708800	Declined
345	794	85	2022-12-07	113737500	Sent
346	1301	32	2023-02-24	157842200	Sent
347	41	95	2023-07-04	235563300	Declined
348	1446	85	2023-02-16	126225000	Sent
349	1242	115	2024-01-09	116746000	Sent
350	382	32	2023-02-20	145834800	Declined
351	805	90	2023-04-22	98174400	Declined
352	1208	113	2023-01-25	145612200	Sent
353	327	83	2023-04-14	155059500	Declined
354	201	80	2023-01-07	96781500	Sent
355	382	31	2022-11-15	140142600	Declined
356	1426	51	2023-07-09	161887600	Declined
357	538	73	2023-02-18	316468500	Sent
358	424	98	2023-05-12	163940400	Declined
359	1078	34	2022-11-27	175408000	Sent
360	1044	98	2023-03-24	369078750	Declined
361	1246	133	2023-01-01	145761000	Sent
362	429	118	2022-07-04	90688000	Sent
363	306	61	2022-10-11	90170000	Sent
364	1183	28	2023-02-09	107582400	Declined
365	1381	65	2023-09-15	99988350	Declined
366	370	103	2023-07-29	99110000	Sent
367	1411	126	2023-03-16	141240000	Declined
368	733	63	2023-07-27	129506100	Sent
369	1160	75	2022-07-10	140985300	Declined
370	164	59	2022-04-21	145333000	Sent
371	301	120	2023-08-12	108743250	Sent
372	1228	86	2023-07-31	154407000	Declined
373	1480	31	2023-04-06	86446400	Sent
374	824	90	2023-09-13	105463050	Sent
375	877	128	2023-01-28	159635000	Sent
376	513	126	2023-09-10	203384800	Sent
377	537	105	2022-07-30	318435000	Sent
378	192	61	2023-02-28	161452980	Sent
379	92	48	2023-11-04	107399400	Sent
380	284	10	2023-01-11	98040800	Sent
381	813	102	2022-03-31	170599200	Declined
382	1354	131	2023-01-09	150903000	Sent
383	816	141	2023-01-26	101177000	Sent
384	707	2	2022-04-03	346973950	Declined
385	1026	88	2023-03-29	346934100	Declined
386	863	149	2023-07-21	121290000	Declined
387	57	118	2023-03-22	157231200	Sent
388	95	25	2023-07-09	200296800	Declined
389	1294	120	2023-04-18	159001000	Declined
390	767	41	2023-05-07	351835650	Sent
391	477	116	2022-08-05	86840000	Declined
392	1187	80	2023-01-08	98498400	Declined
393	389	122	2023-09-14	146149000	Declined
394	1388	77	2023-09-29	237311800	Sent
395	1303	10	2022-11-06	161038800	Declined
396	726	149	2022-11-15	72981900	Sent
397	520	32	2023-07-21	151325600	Sent
398	765	148	2023-02-22	119669500	Declined
399	367	105	2023-02-11	310431000	Declined
400	349	56	2023-12-14	97048200	Sent
401	336	32	2022-12-17	158665600	Sent
402	1115	19	2023-01-23	145163000	Declined
403	1081	91	2023-03-05	109020800	Declined
404	1331	46	2022-11-22	145067400	Declined
405	1354	52	2022-12-03	138007800	Sent
406	1277	49	2023-11-10	107184000	Sent
407	1182	73	2023-07-09	142209600	Declined
408	111	51	2023-06-18	155658200	Declined
409	916	123	2023-05-14	195756000	Declined
410	1038	133	2023-03-27	173503200	Declined
411	218	140	2023-03-03	154758900	Declined
412	111	141	2023-03-15	150429200	Declined
413	77	20	2023-02-18	98682900	Sent
414	879	121	2023-02-03	92080000	Sent
415	895	87	2022-11-01	190322000	Declined
416	1085	135	2023-10-20	116343000	Declined
417	259	5	2022-11-26	168537600	Declined
418	1460	134	2023-07-22	146057400	Declined
419	904	34	2023-03-04	106592400	Declined
420	766	128	2023-02-24	89472800	Declined
421	853	128	2022-08-17	186254500	Declined
422	1058	34	2023-10-06	181497600	Declined
423	380	107	2023-07-19	152279000	Declined
424	721	99	2023-05-30	155038000	Sent
425	951	108	2023-04-20	157097000	Sent
426	121	119	2023-10-03	121532700	Declined
427	637	55	2023-03-04	100399800	Declined
428	223	54	2022-12-14	87086600	Declined
429	397	84	2023-02-08	246915100	Declined
430	1286	19	2024-01-31	220325000	Declined
431	1193	11	2022-06-28	180307200	Sent
432	1045	2	2023-11-30	162312500	Declined
433	254	21	2023-06-16	145233000	Declined
434	412	133	2023-06-28	105255150	Declined
435	62	26	2022-07-29	316365000	Declined
436	918	42	2023-05-04	117539600	Declined
437	1411	125	2023-02-26	141619500	Sent
438	88	103	2022-05-06	175200000	Declined
439	925	113	2023-08-16	102267000	Sent
440	1245	37	2022-10-10	318021000	Declined
441	937	45	2023-04-02	199173600	Sent
442	782	76	2023-05-15	98175000	Sent
443	154	12	2023-04-13	109413150	Sent
444	380	137	2023-10-05	161944400	Declined
445	818	66	2022-12-12	159630000	Sent
446	1198	122	2023-01-20	196950600	Sent
447	269	89	2023-07-03	172116300	Sent
448	1245	70	2022-07-31	295216500	Sent
449	752	113	2023-01-07	294457500	Declined
450	1029	23	2023-06-29	146820600	Sent
451	242	42	2022-11-26	146694200	Declined
452	553	138	2022-12-05	93714400	Sent
453	800	137	2023-02-05	146776300	Declined
454	425	109	2023-08-29	108831200	Sent
455	1448	80	2022-11-02	154509600	Declined
456	907	56	2022-12-28	205271500	Declined
457	1229	114	2023-10-09	151135000	Sent
458	1389	2	2023-01-14	253828400	Declined
459	1223	117	2023-04-17	128040200	Sent
460	479	64	2023-03-01	91441900	Declined
461	467	101	2022-12-27	149923200	Declined
462	920	35	2023-09-12	191019150	Sent
463	509	40	2023-07-22	118792700	Declined
464	379	18	2023-06-15	323470000	Sent
465	1235	21	2022-11-12	144513600	Declined
466	761	42	2022-03-29	71496200	Declined
467	282	79	2023-10-13	244225100	Sent
468	990	6	2023-01-20	137601950	Sent
469	1015	96	2023-03-28	358211650	Sent
470	470	46	2023-04-17	101694500	Sent
471	1014	91	2023-06-13	87110000	Declined
472	184	69	2023-08-04	144212400	Declined
473	933	116	2023-03-05	347213050	Declined
474	272	19	2023-09-19	177235200	Sent
475	1280	132	2023-01-20	317676000	Sent
476	528	25	2022-12-23	382547000	Sent
477	256	118	2022-12-09	138886500	Declined
478	88	148	2022-11-12	180384000	Sent
479	962	20	2023-04-28	99318450	Declined
480	706	10	2023-09-02	87520000	Declined
481	320	46	2023-01-07	160004200	Declined
482	312	76	2022-10-18	114287500	Declined
483	29	11	2022-07-14	163813400	Declined
484	144	83	2022-09-13	82566400	Sent
485	760	148	2023-10-02	175484000	Declined
486	708	6	2023-04-05	148562400	Declined
487	957	76	2023-04-18	98313600	Sent
488	404	143	2022-05-24	378189500	Declined
489	1224	106	2022-11-07	104332900	Declined
490	728	70	2022-12-28	109362500	Declined
491	515	33	2023-01-06	149852500	Sent
492	118	9	2023-01-18	89174400	Sent
493	1065	77	2022-08-06	109551750	Declined
494	617	106	2023-06-21	167035200	Sent
495	1175	20	2023-05-21	102984000	Sent
496	223	76	2022-09-01	83798300	Sent
497	619	122	2022-10-13	215633200	Declined
498	394	141	2023-01-22	101616000	Declined
499	458	70	2023-02-24	87250000	Sent
500	200	150	2022-09-24	195054300	Sent
501	853	31	2023-05-21	200509000	Declined
502	769	58	2022-05-09	103750400	Sent
503	749	41	2023-06-01	126560600	Sent
504	229	9	2023-05-12	92720000	Declined
505	237	136	2023-05-01	154802000	Declined
506	69	28	2022-07-05	101522000	Declined
507	975	35	2022-12-31	88665600	Declined
508	100	1	2022-07-03	97059600	Sent
509	1163	36	2022-11-28	234200000	Sent
510	474	93	2023-03-11	218200000	Sent
511	28	67	2023-03-28	104139000	Sent
512	1335	76	2022-05-08	142066500	Sent
513	841	143	2023-03-23	145340100	Declined
514	850	77	2022-07-05	122930100	Sent
515	1017	84	2023-03-27	110250000	Declined
516	913	58	2022-09-04	159834000	Declined
517	14	123	2022-10-12	90700000	Sent
518	167	77	2022-12-19	343479750	Declined
519	1243	113	2022-10-05	166540800	Sent
520	7	52	2022-10-29	108390400	Sent
521	837	101	2022-12-06	103261200	Sent
522	439	71	2023-05-29	199411200	Declined
523	1275	150	2023-06-19	171674100	Declined
524	143	51	2023-03-10	103106850	Declined
525	192	82	2023-10-18	176208210	Declined
526	416	60	2022-11-22	90537600	Declined
527	955	141	2023-05-10	102287600	Declined
528	780	6	2023-10-31	113196000	Sent
529	5	116	2023-05-23	150479000	Sent
530	699	56	2022-07-17	157710000	Declined
531	613	31	2023-02-15	161018800	Declined
532	1055	111	2023-11-07	164920000	Sent
533	716	56	2023-12-17	327215000	Sent
534	1354	107	2023-02-23	149169600	Declined
535	910	92	2023-09-01	154357500	Declined
536	524	124	2022-11-28	181342200	Declined
537	1427	142	2023-05-26	97937400	Declined
538	1393	33	2022-10-15	358465500	Sent
539	688	127	2023-02-02	163065000	Declined
540	404	101	2022-07-31	353497000	Declined
541	1153	41	2022-07-17	107657550	Declined
542	184	107	2023-07-07	139563000	Sent
543	1380	68	2023-06-20	123876000	Declined
544	100	112	2022-05-26	103854000	Sent
545	148	100	2022-11-07	156629300	Sent
546	1388	90	2023-07-08	240109400	Declined
547	457	68	2023-02-02	169214000	Declined
548	1347	136	2023-09-04	154921000	Declined
549	302	134	2022-11-14	207769100	Declined
550	1081	84	2023-05-17	110074800	Declined
551	854	135	2022-06-10	304360000	Declined
552	897	64	2023-01-01	196819800	Declined
553	300	150	2022-12-23	164160000	Sent
554	691	17	2022-11-01	142220300	Declined
555	492	26	2023-07-23	224075000	Declined
556	520	62	2023-09-05	149151000	Sent
557	324	109	2022-07-21	95155100	Declined
558	378	54	2023-02-17	85660700	Sent
559	753	12	2023-04-24	112932000	Declined
560	251	102	2023-03-10	107973500	Sent
561	399	76	2022-06-04	120042000	Declined
562	363	91	2023-01-20	350361200	Sent
563	699	104	2023-01-04	152057500	Declined
564	1499	33	2023-02-02	231650000	Declined
565	1013	31	2022-09-10	111786000	Declined
566	766	13	2022-12-27	84981700	Declined
567	503	25	2023-02-20	146025600	Declined
568	972	73	2023-06-02	78335400	Sent
569	1391	116	2023-04-26	186964000	Sent
570	187	94	2023-04-02	144237400	Sent
571	1251	88	2024-01-28	147491750	Declined
572	1205	139	2023-03-28	123683600	Sent
573	99	143	2023-02-11	347494500	Declined
574	681	32	2024-01-02	195544800	Declined
575	1425	45	2022-08-08	91220000	Declined
576	1152	20	2023-04-24	165812500	Sent
577	258	114	2023-07-04	155360100	Declined
578	489	43	2022-09-15	164792400	Sent
579	743	19	2022-11-16	175937400	Sent
580	1174	146	2023-03-16	145071000	Sent
581	1257	62	2023-02-19	155365000	Declined
582	363	5	2022-07-29	361240250	Sent
583	457	73	2023-06-20	170829000	Sent
584	335	134	2022-12-25	245139700	Declined
585	368	147	2022-08-25	101846900	Sent
586	570	63	2023-07-30	137524200	Declined
587	251	43	2023-09-01	103373500	Sent
588	827	41	2023-04-04	316750000	Sent
589	201	139	2022-12-28	91410100	Declined
590	611	5	2022-11-24	163706600	Sent
591	1246	92	2022-08-04	154143000	Declined
592	1338	67	2023-04-25	153542800	Declined
593	794	5	2023-10-08	108087500	Sent
594	309	56	2022-07-12	88040000	Sent
595	495	14	2022-11-26	90422400	Sent
596	324	24	2023-03-01	95989700	Declined
597	1360	121	2023-07-10	164027000	Declined
598	597	35	2022-12-23	105732000	Sent
599	151	3	2023-04-21	100991000	Declined
600	917	69	2022-11-12	179436510	Declined
601	1141	42	2023-06-09	105814800	Declined
602	964	39	2023-04-07	316882500	Sent
603	457	66	2023-02-16	167941000	Declined
604	256	72	2022-11-28	145087500	Declined
605	438	82	2023-06-04	135331650	Declined
606	998	128	2023-08-19	85990000	Declined
607	122	66	2023-01-01	142654800	Sent
608	418	69	2023-05-16	199994400	Declined
609	43	66	2023-03-02	87620000	Sent
610	584	95	2022-12-09	82508200	Sent
611	986	12	2023-05-18	202104900	Declined
612	493	24	2023-01-24	103592000	Declined
613	519	128	2023-01-19	105940200	Declined
614	81	72	2023-02-19	115320000	Declined
615	1274	131	2023-02-20	157797000	Declined
616	943	101	2023-06-28	163742200	Declined
617	534	94	2022-10-16	118705500	Declined
618	571	15	2022-07-06	99089700	Sent
619	1247	130	2022-08-21	126103500	Sent
620	1030	16	2023-06-24	373729500	Sent
621	637	27	2022-12-01	102679800	Declined
622	1428	60	2022-09-10	126711300	Declined
623	484	141	2022-12-08	150127800	Declined
624	897	105	2023-06-25	205672900	Declined
625	1316	21	2023-04-27	176160600	Sent
626	215	147	2022-06-18	97093800	Declined
627	944	63	2023-02-16	172691000	Sent
628	415	48	2023-03-15	142417600	Declined
629	415	44	2023-10-24	146058200	Declined
630	451	130	2023-03-15	141174000	Sent
631	197	92	2022-12-18	204959300	Declined
632	1030	150	2023-10-24	360651750	Declined
633	1380	18	2023-06-03	115411500	Declined
634	244	73	2022-12-02	144702200	Sent
635	657	114	2022-12-17	189737500	Declined
636	913	94	2022-08-25	160293000	Declined
637	1150	8	2022-12-13	101383600	Sent
638	1498	110	2023-08-27	173538000	Declined
639	862	100	2023-10-27	158174400	Sent
640	837	46	2023-06-15	104298600	Declined
641	208	145	2023-01-31	101351250	Declined
642	882	45	2022-07-05	204714000	Declined
643	145	111	2022-12-26	92450000	Sent
644	309	62	2023-02-18	89540000	Sent
645	468	139	2023-08-06	195866000	Sent
646	438	115	2023-03-19	143557600	Declined
647	676	26	2022-09-19	121394000	Declined
648	101	107	2023-11-15	99670200	Sent
649	128	141	2023-04-08	122450600	Declined
650	184	122	2023-07-20	152280000	Declined
651	786	30	2023-05-18	91220000	Declined
652	677	123	2022-10-20	244036800	Declined
653	830	84	2023-07-19	155873200	Sent
654	1141	95	2023-05-30	103500600	Sent
655	260	108	2022-06-24	93667800	Declined
656	1093	4	2022-11-12	317975000	Declined
657	886	24	2022-09-12	199760000	Sent
658	821	110	2022-08-27	132672600	Declined
659	1009	137	2023-02-17	137462000	Sent
660	362	143	2023-03-13	140712000	Declined
661	722	39	2022-10-01	95634000	Declined
662	1001	64	2023-08-15	102602000	Sent
663	1398	131	2023-12-09	160573800	Sent
664	705	80	2023-10-01	151305000	Sent
665	290	57	2023-08-01	299977500	Sent
666	1131	36	2023-07-19	83934100	Sent
667	1042	25	2022-11-27	222575000	Declined
668	110	18	2023-04-14	89865600	Sent
669	1040	95	2022-12-01	140632200	Sent
670	225	76	2022-11-23	108084000	Sent
671	1275	117	2022-09-26	171875100	Sent
672	185	71	2023-11-06	215279200	Sent
673	1041	134	2022-06-19	316050000	Sent
674	1446	88	2022-10-20	127885500	Declined
675	341	68	2022-07-01	144540000	Sent
676	955	12	2023-01-04	102852600	Declined
677	152	104	2022-09-20	103510000	Declined
678	601	129	2023-06-22	116194000	Declined
679	127	81	2023-03-24	189092500	Sent
680	214	58	2023-03-23	149205000	Declined
681	219	51	2023-02-19	145781200	Sent
682	144	4	2023-03-16	90520400	Sent
683	812	123	2023-01-23	98623200	Sent
684	1280	25	2023-02-24	320160000	Declined
685	1084	72	2022-10-21	190123200	Declined
686	1056	98	2022-12-14	165484800	Declined
687	659	112	2022-09-12	156481800	Sent
688	1230	146	2022-08-04	209261200	Sent
689	264	62	2023-08-02	357829500	Declined
690	736	78	2023-04-11	148262600	Declined
691	780	119	2023-06-06	106488000	Sent
692	1039	40	2023-07-23	191026000	Sent
693	239	47	2022-12-13	97247800	Declined
694	22	135	2023-03-03	252779300	Declined
695	538	28	2023-04-10	308982000	Sent
696	1305	148	2023-01-20	172980000	Sent
697	56	69	2023-05-08	315910000	Declined
698	176	16	2023-01-17	162431000	Declined
699	1207	78	2023-02-06	101232000	Declined
700	1188	60	2023-09-09	158028400	Declined
701	53	71	2023-02-07	161471970	Sent
702	298	13	2023-08-30	154725500	Declined
703	128	117	2023-01-23	119436600	Declined
704	410	61	2022-10-22	146184600	Declined
705	939	1	2022-08-01	198789000	Declined
706	337	27	2022-11-19	138208400	Declined
707	1250	112	2023-10-26	91762000	Sent
708	1230	34	2023-03-27	206570800	Sent
709	620	17	2023-03-08	72044000	Declined
710	1014	88	2023-02-21	85260000	Sent
711	17	7	2022-08-23	165237400	Sent
712	430	84	2023-04-24	150579000	Sent
713	1371	63	2023-03-30	107103000	Sent
714	313	84	2024-01-29	307125000	Sent
715	475	21	2023-07-04	108935600	Sent
716	169	140	2023-03-04	138934200	Declined
717	1206	6	2022-12-25	144633600	Sent
718	204	5	2023-01-23	376750500	Declined
719	475	69	2023-07-23	99052400	Sent
720	833	49	2023-05-24	176149000	Declined
721	847	51	2023-04-24	160205000	Declined
722	145	99	2022-12-21	87260000	Sent
723	816	132	2022-10-19	104213000	Declined
724	213	53	2022-07-24	109262500	Declined
725	973	24	2022-10-09	184497900	Declined
726	558	149	2023-05-02	174585600	Sent
727	438	117	2023-07-20	140447600	Sent
728	1403	58	2023-05-20	221438800	Sent
729	1452	129	2022-10-14	155819500	Sent
730	828	140	2023-02-23	232173900	Declined
731	952	139	2023-08-18	168106800	Declined
732	1143	28	2023-01-24	146341050	Declined
733	1084	17	2023-02-15	186386400	Declined
734	235	7	2023-03-24	151096000	Declined
735	1119	129	2023-04-10	360532500	Declined
736	1	19	2023-06-20	353496750	Declined
737	1354	19	2023-04-21	145297800	Sent
738	194	93	2023-09-01	113894000	Sent
739	1375	32	2023-06-27	157341000	Sent
740	1205	74	2022-12-03	127560700	Declined
741	94	60	2023-02-23	100291500	Declined
742	634	52	2022-11-05	162497430	Declined
743	223	73	2022-12-19	91762000	Sent
744	670	25	2023-03-20	243202900	Sent
745	381	56	2022-04-22	204223400	Sent
746	936	9	2023-02-04	97327200	Declined
747	1351	98	2023-04-12	368482500	Sent
748	537	1	2022-10-03	298597500	Sent
749	1011	37	2023-04-15	89531000	Sent
750	492	112	2023-06-09	235150000	Declined
751	403	126	2023-06-21	151518600	Declined
752	904	113	2023-10-09	102080000	Sent
753	707	45	2022-11-30	363790650	Declined
754	1194	143	2022-11-17	120847700	Sent
755	467	94	2022-10-27	152124000	Declined
756	1085	130	2022-11-18	121068000	Sent
757	508	23	2023-01-15	110916000	Sent
758	755	149	2023-03-04	99895200	Declined
759	945	102	2023-08-20	77737800	Declined
760	1139	4	2023-11-18	104259000	Sent
761	629	133	2022-05-18	116462500	Sent
762	1066	65	2023-11-01	137259850	Declined
763	341	64	2022-05-01	152724000	Declined
764	1005	14	2023-10-01	226050000	Declined
765	1137	117	2022-07-25	115986000	Declined
766	1450	9	2022-09-11	86880000	Sent
767	1430	28	2023-02-06	100796000	Sent
768	1482	148	2022-12-13	161317800	Sent
769	64	18	2022-09-02	101536050	Declined
770	1399	129	2023-03-15	94900000	Declined
771	367	109	2023-06-21	323092500	Declined
772	880	3	2023-09-04	103360950	Sent
773	657	130	2022-11-22	185287000	Sent
774	1465	55	2022-11-13	87110000	Declined
775	481	23	2023-04-25	165860400	Declined
776	1338	26	2023-05-03	158954000	Declined
777	1258	16	2022-08-16	89970000	Sent
778	1222	61	2023-02-08	157648000	Sent
779	489	75	2022-11-13	157975000	Declined
780	611	68	2023-01-27	160769600	Declined
781	126	107	2023-03-30	158219000	Sent
782	461	95	2023-06-26	146546400	Declined
783	1459	121	2023-02-15	183846500	Declined
784	459	78	2023-08-03	205087050	Declined
785	918	137	2024-02-19	111476000	Sent
786	384	16	2023-04-16	149632400	Declined
787	930	54	2023-07-03	142002900	Sent
788	1460	113	2022-09-06	138282300	Declined
789	171	123	2023-01-26	207916000	Declined
790	988	122	2023-01-06	89180000	Sent
791	685	105	2023-06-24	141716700	Declined
792	1134	7	2023-07-11	193490000	Sent
793	1318	139	2023-04-21	383377000	Sent
794	1147	113	2023-05-06	173971200	Declined
795	1082	87	2022-08-29	90950000	Declined
796	25	85	2023-04-02	139452400	Declined
797	311	132	2023-04-04	163795200	Declined
798	1099	115	2023-12-29	160885200	Sent
799	1248	118	2022-06-03	112440000	Sent
800	1061	62	2022-11-07	293664000	Sent
801	1419	57	2022-10-04	160431400	Declined
802	805	131	2022-08-14	98174400	Declined
803	229	102	2023-02-18	91960000	Sent
804	1166	91	2022-10-26	177081600	Declined
805	170	97	2023-04-27	99446800	Sent
806	443	30	2022-09-26	297955000	Sent
807	758	12	2023-07-21	169067970	Declined
808	1351	110	2023-03-13	348766500	Declined
809	989	83	2023-10-12	86097200	Declined
810	906	144	2022-11-04	155397000	Declined
811	560	56	2023-03-08	216199600	Declined
812	775	84	2024-01-16	190498000	Declined
813	254	148	2023-02-10	137943000	Declined
814	272	101	2023-07-03	178579200	Declined
815	1220	18	2023-05-14	242126900	Sent
816	717	113	2023-06-29	174548400	Declined
817	1328	100	2023-05-30	148470400	Sent
818	171	149	2022-08-09	207160800	Sent
819	490	58	2023-03-15	87609600	Sent
820	840	141	2023-02-27	165223800	Declined
821	1150	29	2023-07-03	106152200	Declined
822	115	135	2023-01-19	195263000	Declined
823	1177	130	2023-02-13	161350000	Declined
824	1204	88	2023-03-29	76874600	Declined
825	447	96	2023-04-21	87210000	Sent
826	1439	84	2023-06-11	91987900	Sent
827	496	69	2023-03-03	97722400	Declined
828	1291	126	2022-08-01	178942000	Declined
829	56	57	2023-07-16	322420000	Declined
830	825	145	2023-08-03	152022800	Sent
831	1164	106	2023-06-22	164415420	Declined
832	842	87	2023-03-30	198396000	Declined
833	560	68	2023-05-12	216482800	Declined
834	584	72	2023-03-25	85738300	Declined
835	1316	73	2022-08-16	170041200	Declined
836	1271	19	2023-12-13	89010000	Declined
837	702	104	2023-03-02	143287200	Sent
838	855	97	2022-12-16	149782500	Sent
839	457	9	2023-03-04	169195000	Sent
840	508	144	2023-06-02	107988000	Sent
841	1330	72	2022-06-28	99179850	Declined
842	1096	127	2023-09-26	145962000	Declined
843	1084	117	2022-10-17	184291200	Sent
844	1472	108	2023-08-20	158235000	Sent
845	1163	121	2023-06-14	231600000	Declined
846	724	82	2023-09-01	138429000	Declined
847	547	147	2023-01-30	316503000	Sent
848	46	77	2023-03-19	164650000	Declined
849	50	122	2023-03-13	91551200	Declined
850	463	61	2022-08-12	133574500	Sent
851	61	119	2023-02-20	101220600	Sent
852	1067	130	2023-10-07	155534400	Declined
853	1449	18	2023-03-27	211716200	Sent
854	278	62	2022-12-19	353417250	Sent
855	1263	61	2023-03-17	148516500	Declined
856	1396	91	2023-03-17	101848000	Declined
857	979	118	2023-04-04	323155000	Sent
858	1276	78	2022-12-10	98461800	Declined
859	943	67	2022-12-07	162086800	Declined
860	792	10	2022-11-13	347295750	Declined
861	336	42	2023-10-16	165217000	Declined
862	403	56	2023-04-21	145945800	Sent
863	764	2	2022-11-12	148632000	Sent
864	112	21	2023-05-12	72683100	Declined
865	1456	129	2023-07-17	166057500	Declined
866	36	66	2023-04-25	111637200	Declined
867	62	139	2022-11-18	297597000	Declined
868	1334	27	2022-11-01	123039000	Sent
869	173	45	2023-05-13	107112000	Declined
870	170	142	2023-01-24	110084000	Declined
871	641	91	2023-05-14	158793800	Declined
872	195	45	2023-10-23	315571500	Declined
873	1418	140	2022-10-14	108258150	Declined
874	1302	12	2023-04-25	211203300	Sent
875	104	122	2022-10-09	104377350	Sent
876	1084	114	2023-06-01	186667200	Sent
877	1444	132	2023-09-08	106412500	Declined
878	1003	128	2023-03-01	349919250	Sent
879	708	72	2022-09-19	154257600	Declined
880	220	145	2022-11-23	175814700	Sent
881	625	67	2023-03-16	104178500	Sent
882	391	5	2022-06-14	98775600	Sent
883	928	72	2023-02-11	166789170	Sent
884	947	122	2022-12-22	154308000	Declined
885	8	55	2023-06-19	91180800	Sent
886	14	60	2022-12-02	86120000	Sent
887	539	29	2022-08-26	116613000	Declined
888	436	64	2023-04-13	164907600	Sent
889	363	72	2023-06-01	372278700	Sent
890	951	97	2023-04-04	152235000	Declined
891	338	61	2023-01-14	246484700	Sent
892	1203	3	2023-03-27	168327360	Declined
893	338	59	2023-09-14	242395900	Sent
894	582	59	2023-02-07	213438400	Declined
895	91	65	2022-12-25	161588400	Sent
896	387	13	2023-02-01	246915100	Sent
897	413	34	2022-11-17	171231600	Declined
898	552	3	2022-06-30	166231000	Sent
899	967	101	2022-09-19	108162500	Declined
900	1326	88	2023-06-16	152302500	Declined
901	79	64	2023-01-03	152163000	Declined
902	270	87	2022-12-02	348488250	Declined
903	437	11	2023-04-16	113600000	Declined
904	1226	115	2023-06-16	152218000	Sent
905	1472	100	2023-01-16	149100000	Sent
906	559	86	2023-06-20	110025200	Sent
907	553	9	2023-07-06	90927200	Declined
908	674	33	2023-06-03	98174400	Sent
909	901	140	2022-10-03	164757240	Declined
910	353	100	2022-10-06	147456600	Sent
911	1060	68	2023-07-07	165690000	Declined
912	966	67	2023-04-10	90850200	Sent
913	489	101	2022-09-27	164614400	Sent
914	1418	35	2023-04-22	100080750	Sent
915	703	45	2022-11-04	99392300	Declined
916	1455	124	2023-03-06	102873600	Sent
917	600	66	2022-08-17	85507200	Sent
918	1182	97	2023-07-04	148617300	Declined
919	1285	15	2023-04-04	201051900	Sent
920	1329	126	2023-10-23	118362500	Declined
921	750	108	2023-03-01	110700000	Declined
922	1404	40	2022-06-01	194767200	Declined
923	1296	33	2023-07-28	99365600	Declined
924	426	112	2023-03-25	77605000	Declined
925	28	122	2023-03-15	105336000	Declined
926	1172	4	2022-07-27	90714400	Declined
927	1478	112	2023-05-13	101201100	Declined
928	992	28	2023-04-20	201234000	Declined
929	101	36	2023-10-13	97709400	Declined
930	825	37	2023-05-24	146976400	Declined
931	215	32	2022-11-23	105700800	Declined
932	150	76	2022-11-17	176563200	Sent
933	1405	52	2022-03-02	118312500	Declined
934	1105	103	2023-05-15	220825000	Sent
935	437	55	2022-09-21	115062500	Declined
936	1022	1	2022-11-20	143739400	Declined
937	482	91	2022-11-17	98818500	Sent
938	712	123	2023-05-17	115150000	Sent
939	257	113	2023-04-20	380596500	Declined
940	772	6	2022-10-07	152409600	Sent
941	638	138	2023-09-27	315192000	Declined
942	1074	3	2022-06-15	153087000	Declined
943	424	143	2023-08-14	168590400	Declined
944	406	139	2023-05-09	190533000	Declined
945	613	55	2023-08-09	164543200	Declined
946	229	75	2023-05-20	94480000	Declined
947	661	126	2022-05-21	205458000	Declined
948	418	120	2023-12-07	198720000	Sent
949	196	32	2022-10-26	342048750	Sent
950	52	76	2023-05-30	158039100	Sent
951	556	115	2023-08-08	96976000	Sent
952	118	134	2023-04-02	82204800	Sent
953	888	114	2023-07-29	174086400	Sent
954	880	109	2023-08-02	107565150	Sent
955	1364	18	2022-12-10	86640000	Declined
956	1331	39	2022-06-18	149068000	Declined
957	225	112	2022-12-11	109836000	Sent
958	348	102	2023-09-04	117688400	Declined
959	1082	68	2022-11-02	88140000	Sent
960	1098	70	2022-10-03	328650000	Sent
961	736	49	2023-12-07	143503100	Declined
962	749	93	2023-08-05	120354500	Sent
963	802	135	2023-05-13	140556000	Declined
964	153	2	2022-10-07	318573000	Sent
965	923	142	2022-11-23	142122600	Sent
966	448	144	2023-06-07	152443200	Sent
967	1185	5	2023-03-11	88722400	Declined
968	15	47	2023-03-27	202917000	Declined
969	658	8	2023-08-01	151958600	Declined
970	375	24	2022-07-03	149117800	Declined
971	36	20	2022-09-13	115964800	Declined
972	759	93	2023-07-14	184420800	Declined
973	1430	101	2023-02-16	105236900	Sent
974	318	72	2022-08-27	103811400	Declined
975	1107	1	2023-06-27	170380800	Sent
976	833	2	2023-10-07	161918000	Declined
977	482	145	2023-02-12	103112500	Sent
978	579	105	2024-01-04	103657600	Declined
979	288	150	2023-04-16	101311800	Declined
980	1218	125	2023-01-29	90820000	Declined
981	1036	57	2023-11-05	140988600	Declined
982	1389	87	2023-03-22	253989800	Declined
983	862	32	2023-04-16	158937000	Declined
984	251	44	2023-04-29	105777000	Declined
985	907	149	2023-04-24	196552200	Sent
986	376	54	2022-09-15	186749100	Sent
987	1161	108	2023-05-26	97537000	Sent
988	1002	69	2023-05-16	192676000	Declined
989	323	7	2022-11-01	104196000	Declined
990	26	145	2022-05-05	155102500	Sent
991	499	2	2022-08-06	86340000	Sent
992	478	121	2022-03-31	76725200	Declined
993	1168	103	2022-12-17	120109500	Sent
994	701	54	2023-03-28	90995700	Sent
995	356	101	2022-04-24	153888000	Declined
996	720	114	2023-06-03	108537500	Sent
997	896	77	2023-09-26	120299700	Declined
998	329	89	2023-06-29	161090000	Declined
999	187	45	2022-08-19	147192200	Sent
1000	1361	42	2023-03-30	309925000	Declined
1001	1249	128	2023-11-28	98219000	Declined
1002	1177	109	2023-04-17	155942500	Sent
1003	1072	58	2023-08-31	89260000	Sent
1004	658	150	2022-12-02	162549600	Declined
1005	1072	81	2023-07-22	92240000	Sent
1006	313	90	2023-04-27	307405000	Sent
1007	808	94	2023-03-21	108190000	Sent
1008	920	3	2023-07-28	200280150	Declined
1009	1300	6	2023-02-14	234917700	Declined
1010	1100	89	2023-01-09	100326000	Declined
1011	100	150	2022-11-01	103420800	Declined
1012	623	61	2023-06-24	117287500	Sent
1013	774	95	2023-01-15	106627600	Sent
1014	575	113	2023-04-29	155533000	Declined
1015	850	105	2022-11-26	119340700	Sent
1016	321	45	2023-07-23	175891200	Declined
1017	1230	23	2023-04-30	211385200	Sent
1018	1207	87	2023-07-30	99715800	Declined
1019	957	105	2022-11-10	104811600	Declined
1020	1358	15	2023-10-21	340677650	Declined
1021	433	149	2023-02-15	101154000	Declined
1022	541	4	2023-04-23	95929600	Declined
1023	807	76	2022-08-09	111050000	Sent
1024	1379	88	2023-02-18	193341000	Declined
1025	379	147	2023-07-27	302085000	Declined
1026	194	19	2023-02-05	111029600	Declined
1027	1079	95	2023-05-05	101327100	Declined
1028	418	66	2023-08-29	193406400	Declined
1029	910	101	2023-11-13	146635500	Sent
1030	539	134	2023-07-01	115020000	Declined
1031	232	66	2022-10-13	196636000	Sent
1032	508	6	2022-09-14	111780000	Declined
1033	1112	33	2022-12-07	161596800	Sent
1034	733	27	2023-06-02	126437300	Declined
1035	908	81	2022-08-16	153206100	Declined
1036	1235	102	2023-03-16	154140000	Sent
1037	155	68	2023-05-30	157898500	Declined
1038	388	75	2023-03-06	109517100	Sent
1039	1390	82	2022-06-05	95326400	Declined
1040	94	142	2023-11-17	107053500	Declined
1041	158	122	2023-06-16	317345000	Sent
1042	202	9	2022-07-10	78244100	Declined
1043	467	74	2022-10-02	151317600	Declined
1044	1489	89	2023-04-12	135833700	Declined
1045	836	10	2022-12-04	164250400	Sent
1046	1350	86	2023-03-13	85505500	Sent
1047	438	54	2023-08-14	139281350	Declined
1048	1233	33	2023-09-10	189691200	Declined
1049	989	138	2023-12-28	84739200	Declined
1050	1004	110	2023-02-24	141409800	Declined
1051	1269	25	2023-01-12	104966400	Declined
1052	2	59	2022-09-09	101339700	Declined
1053	936	72	2023-11-04	90992800	Sent
1054	633	13	2023-06-15	313605000	Declined
1055	21	102	2022-07-25	153439600	Declined
1056	731	2	2023-05-12	160038000	Sent
1057	1148	13	2022-12-04	106186100	Declined
1058	75	74	2023-03-27	177688000	Declined
1059	354	3	2023-01-19	90510000	Declined
1060	1081	125	2022-08-29	112158000	Sent
1061	153	16	2023-02-22	325542000	Sent
1062	1049	70	2023-04-20	190275000	Declined
1063	652	8	2023-03-06	146647200	Sent
1064	1119	134	2022-12-24	358465500	Sent
1065	755	78	2023-12-12	98996400	Sent
1066	615	100	2023-03-02	157027500	Declined
1067	1182	111	2023-04-04	142241400	Sent
1068	827	120	2023-11-12	315595000	Sent
1069	861	56	2023-06-26	168939800	Sent
1070	378	21	2023-10-05	88318500	Declined
1071	509	27	2023-05-25	121779300	Sent
1072	906	119	2023-09-18	158015000	Sent
1073	557	49	2022-04-24	204006000	Declined
1074	159	17	2022-09-19	90440000	Sent
1075	1250	122	2023-01-09	88745300	Declined
1076	726	135	2023-06-03	71529400	Declined
1077	1492	45	2023-08-19	161718840	Declined
1078	1458	148	2023-08-01	157298600	Declined
1079	206	21	2023-11-02	96343800	Declined
1080	510	1	2023-09-24	157497700	Declined
1081	399	13	2023-04-19	121500000	Sent
1082	1116	50	2023-11-16	77953600	Sent
1083	1492	146	2023-04-18	165269970	Sent
1084	29	76	2022-09-03	163617600	Declined
1085	83	139	2023-02-09	120286000	Declined
1086	1409	131	2022-12-31	161196800	Sent
1087	1018	117	2023-06-24	156887500	Declined
1088	1249	14	2023-11-21	98406000	Sent
1089	315	145	2023-04-20	165672500	Declined
1090	845	136	2023-01-07	184156200	Sent
1091	1150	92	2023-01-11	104332900	Declined
1092	871	102	2023-07-27	171875100	Declined
1093	1323	41	2023-04-01	81705600	Declined
1094	876	28	2023-05-31	179360550	Sent
1095	1118	86	2023-07-22	157036000	Declined
1096	756	129	2022-09-15	152721500	Sent
1097	66	47	2023-10-29	147890400	Declined
1098	677	74	2022-11-04	247883500	Sent
1099	238	71	2023-04-14	302220000	Declined
1100	738	54	2023-04-15	201124000	Sent
1101	949	133	2023-06-03	202015700	Sent
1102	1423	115	2023-06-23	178638930	Declined
1103	1273	35	2022-11-19	202530000	Declined
1104	791	104	2023-11-22	165794000	Declined
1105	1103	68	2023-07-22	350122100	Declined
1106	257	25	2023-05-23	381717000	Sent
1107	674	142	2023-01-14	103146400	Declined
1108	627	142	2023-05-15	152145000	Sent
1109	400	89	2023-06-10	180196500	Declined
1110	537	134	2023-02-11	316641000	Declined
1111	411	50	2023-10-06	89980800	Declined
1112	294	82	2023-01-07	98074200	Sent
1113	1415	89	2023-01-15	145365000	Sent
1114	1368	106	2023-07-07	156298000	Sent
1115	591	100	2023-06-07	153334200	Declined
1116	357	89	2022-07-10	233050000	Declined
1117	677	77	2022-10-29	236531700	Declined
1118	1335	30	2022-10-30	136406100	Sent
1119	737	40	2023-09-14	89792900	Sent
1120	386	26	2023-03-11	183070800	Declined
1121	152	62	2023-02-17	99407000	Declined
1122	700	138	2023-08-30	201652000	Declined
1123	769	63	2022-12-12	106186400	Declined
1124	838	86	2023-05-21	168403320	Sent
1125	929	129	2023-02-08	109737500	Sent
1126	883	111	2023-02-21	110700000	Declined
1127	7	66	2022-07-17	101070800	Declined
1128	926	97	2022-08-27	163345200	Declined
1129	293	82	2023-04-19	133621150	Declined
1130	324	84	2022-08-28	97958500	Sent
1131	683	138	2023-02-03	145864200	Declined
1132	144	38	2022-06-18	89113900	Sent
1133	426	62	2024-01-17	76243800	Declined
1134	403	35	2023-04-12	144034200	Declined
1135	120	78	2023-04-14	196149600	Declined
1136	155	107	2023-04-11	151986700	Sent
1137	1245	102	2023-01-03	301564500	Sent
1138	112	112	2023-10-05	77015700	Declined
1139	1443	17	2023-07-07	162725310	Declined
1140	435	5	2023-10-20	178176000	Declined
1141	572	87	2023-02-01	190266600	Declined
1142	1405	113	2022-07-25	118225000	Declined
1143	303	108	2023-06-22	164667800	Sent
1144	859	62	2023-10-17	205436000	Declined
1145	1250	10	2023-05-09	86068100	Sent
1146	280	131	2022-11-14	193306500	Declined
1147	1311	31	2023-09-28	116312000	Declined
1148	819	142	2022-12-30	302496000	Sent
1149	1050	18	2022-08-26	98152500	Declined
1150	936	27	2023-11-13	100815400	Sent
1151	1480	95	2023-03-27	91985100	Sent
1152	403	81	2023-07-15	151065000	Sent
1153	396	116	2022-10-17	102179000	Declined
1154	168	140	2023-03-18	210333600	Declined
1155	331	7	2022-05-31	144934600	Declined
1156	1020	82	2022-05-18	143068200	Declined
1157	1497	104	2023-05-28	377419350	Sent
1158	155	44	2023-09-01	151970000	Sent
1159	112	28	2023-04-16	78850000	Declined
1160	1039	123	2023-05-04	206910000	Sent
1161	249	74	2023-01-25	159381600	Sent
1162	1028	147	2023-01-05	117562500	Declined
1163	506	58	2023-01-10	312328500	Sent
1164	189	24	2022-07-03	87052800	Declined
1165	255	83	2023-08-10	323230500	Sent
1166	401	129	2023-04-06	363955000	Declined
1167	464	66	2023-10-30	196552200	Sent
1168	71	12	2022-12-02	110987500	Declined
1169	546	51	2023-07-20	156512400	Sent
1170	94	94	2023-02-11	108824500	Declined
1171	874	27	2022-11-05	112554800	Declined
1172	570	84	2022-12-16	143075550	Declined
1173	1307	129	2023-06-15	112356000	Sent
1174	1099	95	2023-03-20	157305200	Sent
1175	161	23	2022-07-29	150518000	Sent
1176	1374	1	2023-09-28	164934800	Sent
1177	384	38	2023-01-03	151226000	Declined
1178	740	26	2023-05-28	207020000	Declined
1179	1496	100	2023-06-20	101551200	Declined
1180	839	147	2023-02-21	236666200	Sent
1181	1476	126	2022-07-02	94370000	Declined
1182	531	35	2022-10-11	106557600	Declined
1183	928	120	2023-05-23	163465920	Declined
1184	506	19	2023-06-03	311086500	Declined
1185	772	6	2022-10-07	151233600	Sent
1186	670	29	2023-05-29	243337400	Sent
1187	717	120	2023-04-05	178287000	Sent
1188	386	10	2022-10-07	174126300	Declined
1189	220	150	2023-05-17	186166200	Sent
1190	170	113	2023-06-18	104202800	Sent
1191	473	35	2023-09-14	100783300	Declined
1192	1416	82	2023-04-30	151147500	Declined
1193	982	33	2023-05-19	147988500	Declined
1194	516	148	2023-02-28	100357950	Sent
1195	546	16	2023-08-09	144338100	Sent
1196	640	22	2022-05-12	155109200	Declined
1197	774	5	2023-01-18	108500000	Sent
1198	1202	125	2022-06-09	116775000	Declined
1199	703	107	2022-09-03	99820300	Declined
1200	74	107	2022-10-12	154456500	Sent
1201	530	96	2022-09-14	217922400	Declined
1202	542	42	2022-09-19	138286150	Declined
1203	1220	11	2023-03-10	239571400	Sent
1204	497	65	2022-04-30	85150000	Declined
1205	1411	64	2022-10-17	149275500	Sent
1206	14	51	2022-11-13	87500000	Declined
1207	841	85	2023-04-25	157347400	Declined
1208	698	116	2023-05-31	157441000	Declined
1209	343	147	2023-01-11	311914500	Sent
1210	1220	90	2023-07-14	239463800	Declined
1211	1041	112	2023-05-03	325570000	Sent
1212	1057	123	2023-11-01	157699000	Sent
1213	464	95	2023-03-31	196775200	Sent
1214	269	104	2023-07-19	186869700	Declined
1215	337	72	2023-07-11	143091100	Declined
1216	321	34	2023-11-16	178867200	Sent
1217	173	116	2023-05-12	109776000	Sent
1218	788	71	2023-04-16	106007000	Declined
1219	848	115	2022-12-09	152140800	Sent
1220	97	19	2023-08-04	208694800	Sent
1221	334	71	2022-12-07	105225600	Declined
1222	72	38	2023-02-13	153664500	Declined
1223	155	102	2023-07-03	154692100	Declined
1224	390	143	2023-03-05	235939900	Declined
1225	303	5	2023-10-03	168156600	Declined
1226	363	99	2022-09-25	348767200	Declined
1227	142	140	2022-10-04	91699000	Sent
1228	836	89	2022-10-11	160688300	Sent
1229	187	5	2022-11-09	149433200	Sent
1230	31	137	2023-03-22	103615050	Declined
1231	792	111	2023-01-30	349362750	Declined
1232	186	120	2023-04-07	194918400	Sent
1233	100	146	2022-07-26	102189600	Sent
1234	365	131	2023-03-24	145945800	Sent
1235	73	21	2023-05-26	172998900	Sent
1236	1322	32	2022-12-02	343068650	Sent
1237	800	125	2023-04-19	149515100	Sent
1238	499	44	2022-05-12	86260000	Declined
1239	1347	64	2023-09-16	149549000	Declined
1240	665	93	2023-06-02	106428000	Declined
1241	1184	100	2023-12-27	319815000	Declined
1242	707	139	2023-03-09	339003950	Declined
1243	1369	62	2023-03-08	102102000	Declined
1244	1196	2	2022-12-14	94831000	Sent
1245	908	50	2023-07-31	164930600	Declined
1246	993	52	2023-01-25	121669700	Declined
1247	229	140	2023-01-20	86500000	Declined
1248	268	7	2023-06-28	199640700	Declined
1249	540	117	2022-05-14	189482700	Declined
1250	1003	91	2022-10-16	343042500	Declined
1251	664	125	2023-01-06	108726800	Declined
1252	28	69	2023-06-02	98724000	Sent
1253	501	16	2023-04-21	87430000	Declined
1254	1142	33	2023-11-20	83662500	Sent
1255	1072	145	2023-03-23	90910000	Sent
1256	51	143	2023-04-16	102667950	Sent
1257	391	49	2022-05-18	108754800	Sent
1258	1387	24	2023-07-04	156271500	Sent
1259	1068	81	2023-01-29	84710400	Declined
1260	896	39	2023-02-05	128410100	Declined
1261	168	13	2022-11-30	189906800	Declined
1262	684	97	2022-12-27	99338800	Sent
1263	1359	79	2023-07-12	137959600	Declined
1264	1213	108	2023-08-24	91247900	Declined
1265	148	104	2022-06-27	151803000	Declined
1266	846	93	2023-03-30	89075100	Sent
1267	684	105	2022-12-19	97070400	Declined
1268	307	18	2023-10-18	107135300	Sent
1269	1134	27	2023-06-14	197296000	Sent
1270	24	28	2023-04-06	222666000	Sent
1271	418	106	2024-01-26	196279200	Declined
1272	721	41	2023-06-15	158384400	Declined
1273	575	39	2023-05-13	152779000	Sent
1274	1012	59	2023-02-28	100334850	Sent
1275	229	98	2022-07-24	91630000	Declined
1276	724	45	2022-09-18	144325800	Declined
1277	1369	112	2022-05-21	94996000	Declined
1278	138	107	2023-04-11	373713300	Declined
1279	562	109	2022-03-27	101767800	Declined
1280	1466	15	2023-01-17	167307000	Declined
1281	492	60	2023-02-14	218850000	Declined
1282	766	149	2023-07-18	90714400	Declined
1283	494	93	2023-01-25	108479500	Declined
1284	1349	130	2023-12-26	167365000	Sent
1285	782	58	2022-08-18	107391900	Declined
1286	198	54	2023-05-03	248905700	Sent
1287	61	59	2023-01-15	97002600	Declined
1288	1427	66	2023-03-24	104766000	Declined
1289	750	29	2023-07-01	112848000	Sent
1290	548	124	2022-05-22	108715200	Declined
1291	769	111	2023-01-29	105757200	Sent
1292	1271	57	2023-10-23	88650000	Declined
1293	677	75	2022-09-01	240297700	Sent
1294	59	102	2023-06-06	144372000	Declined
1295	1090	105	2023-09-11	89084800	Declined
1296	1483	71	2023-03-28	209776100	Sent
1297	428	150	2023-01-22	189299250	Declined
1298	1165	31	2023-03-09	92010000	Declined
1299	1118	36	2023-11-15	146578000	Declined
1300	76	138	2023-01-12	95940000	Sent
1301	1490	78	2023-04-20	169048980	Declined
1302	131	116	2023-05-01	141351000	Sent
1303	1455	50	2023-11-10	104139000	Sent
1304	403	13	2023-09-20	153025200	Declined
1305	428	13	2023-07-20	202551300	Declined
1306	844	84	2023-07-22	154560000	Declined
1307	13	45	2023-06-13	189502800	Sent
1308	1031	36	2023-01-15	368612500	Sent
1309	918	83	2023-11-14	116609600	Sent
1310	1294	57	2023-03-29	157182000	Sent
1311	832	137	2023-09-24	205128000	Sent
1312	751	141	2022-10-26	199713600	Declined
1313	353	34	2022-10-28	136501500	Sent
1314	1467	86	2023-08-03	105084000	Declined
1315	434	78	2023-05-27	106606500	Declined
1316	985	74	2022-07-27	217356000	Declined
1317	1032	67	2022-12-14	119696900	Sent
1318	495	14	2022-12-15	83414400	Sent
1319	971	95	2023-05-03	145316400	Declined
1320	416	36	2023-05-06	85900800	Declined
1321	961	76	2022-12-16	147109200	Sent
1322	170	116	2023-02-22	107624800	Sent
1323	1130	96	2023-09-03	140524200	Declined
1324	362	41	2023-07-04	147394500	Sent
1325	745	46	2022-08-10	117300000	Sent
1326	970	130	2023-09-14	86902300	Declined
1327	664	149	2022-04-26	98948000	Declined
1328	955	20	2022-09-26	104231200	Sent
1329	134	25	2023-02-14	324730000	Sent
1330	1226	51	2022-11-29	156587000	Declined
1331	87	63	2023-05-14	145054800	Declined
1332	1412	58	2023-07-25	152863200	Declined
1333	338	83	2023-07-25	253962900	Declined
1334	417	90	2023-06-13	121614900	Sent
1335	906	3	2023-08-11	147866000	Sent
1336	1279	90	2023-03-26	151684500	Declined
1337	1478	22	2023-04-12	98382900	Declined
1338	1377	102	2023-04-13	151619300	Declined
1339	306	47	2022-08-04	88980000	Sent
1340	752	47	2023-05-07	318711000	Declined
1341	725	10	2022-10-31	95942000	Declined
1342	353	114	2023-01-12	139920000	Declined
1343	634	137	2022-09-18	173036880	Declined
1344	1049	108	2022-12-10	193242000	Declined
1345	1282	16	2023-10-18	196355250	Sent
1346	565	141	2023-01-09	153681000	Declined
1347	1040	100	2023-07-25	139773600	Declined
1348	611	127	2022-12-29	165896000	Declined
1349	1013	94	2023-04-28	106454000	Sent
1350	408	41	2023-07-17	92990000	Sent
1351	1110	127	2022-06-28	176719000	Declined
1352	59	34	2022-10-12	138568500	Sent
1353	848	91	2022-12-22	144429600	Sent
1354	597	149	2023-05-07	106956000	Sent
1355	172	45	2022-03-18	236950000	Sent
1356	1074	134	2023-03-13	146866500	Sent
1357	899	17	2022-08-30	175579000	Declined
1358	1101	48	2023-01-05	119769000	Sent
1359	325	134	2023-03-16	138409500	Declined
1360	272	137	2023-01-06	181017600	Sent
1361	960	150	2023-11-13	94105000	Declined
1362	705	75	2023-04-07	154997500	Declined
1363	1417	9	2022-11-23	176662000	Sent
1364	1193	51	2023-02-05	168979200	Sent
1365	1187	112	2023-02-18	104804700	Sent
1366	1242	97	2024-01-20	108090800	Declined
1367	1139	25	2023-02-19	109020000	Sent
1368	518	25	2023-04-15	101616000	Declined
1369	132	81	2022-08-14	167017400	Sent
1370	1488	6	2022-05-25	203124600	Declined
1371	920	150	2022-12-15	192320100	Declined
1372	211	103	2024-01-13	242799400	Declined
1373	1391	41	2022-12-29	202981500	Sent
1374	62	37	2022-12-10	300840000	Declined
1375	711	76	2023-09-29	89760000	Sent
1376	350	124	2023-09-27	159936500	Sent
1377	333	33	2024-01-20	122836500	Sent
1378	925	13	2023-06-17	96833000	Sent
1379	82	85	2022-06-21	108790000	Sent
1380	1467	71	2022-12-14	105288000	Declined
1381	994	75	2023-03-29	155957000	Declined
1382	559	58	2023-07-23	107520400	Declined
1383	613	36	2023-09-25	155144800	Sent
1384	834	74	2022-08-13	103417600	Sent
1385	1496	93	2023-01-07	107536200	Declined
1386	1330	34	2022-09-14	106052100	Declined
1387	100	15	2023-02-15	98165400	Declined
1388	1024	95	2023-06-25	90307000	Declined
1389	1475	114	2023-04-15	108360000	Sent
1390	268	45	2023-09-22	195561450	Declined
1391	23	143	2023-04-03	135549350	Sent
1392	1101	113	2023-04-21	122408000	Sent
1393	1298	39	2023-09-15	106966200	Declined
1394	2	9	2022-08-30	105682500	Declined
1395	1388	150	2023-08-28	254608500	Declined
1396	1370	69	2023-02-18	145523800	Declined
1397	844	91	2022-10-23	156152500	Sent
1398	1155	1	2023-05-23	108604650	Sent
1399	1499	113	2023-01-24	222150000	Sent
1400	1042	105	2023-05-11	218025000	Declined
1401	979	35	2022-10-09	321370000	Sent
1402	543	44	2022-10-08	101688700	Declined
1403	1036	92	2023-07-09	146059200	Sent
1404	1320	43	2023-01-02	168023520	Sent
1405	566	90	2023-07-21	90990000	Declined
1406	457	73	2023-07-11	168397000	Declined
1407	389	134	2023-05-13	146268000	Declined
1408	814	59	2022-09-06	122478000	Declined
1409	1380	75	2023-03-24	122377500	Declined
1410	567	77	2023-07-14	138743400	Sent
1411	247	11	2022-09-22	150700200	Sent
1412	545	147	2023-02-11	322175000	Declined
1413	345	35	2023-05-23	155595000	Sent
1414	892	9	2022-07-17	102457100	Sent
1415	796	6	2022-11-22	186645600	Declined
1416	1138	11	2022-07-24	167400000	Declined
1417	626	22	2023-03-28	237661500	Sent
1418	834	63	2022-09-12	104875300	Sent
1419	579	130	2023-11-17	109388000	Declined
1420	800	109	2023-10-15	149682100	Declined
1421	1435	103	2023-07-15	86169600	Sent
1422	768	13	2023-11-17	205506000	Declined
1423	1049	63	2023-04-22	189286000	Declined
1424	444	131	2023-04-07	153815600	Declined
1425	1379	72	2023-09-03	202996900	Sent
1426	1317	114	2023-05-12	146141700	Declined
1427	524	141	2023-04-12	180900000	Declined
1428	94	79	2023-08-10	100280000	Sent
1429	187	42	2022-11-15	141232800	Declined
1430	1236	33	2023-08-06	106715400	Sent
1431	657	126	2022-07-28	199563000	Sent
1432	34	94	2022-11-22	86572500	Declined
1433	956	83	2023-03-07	110955200	Sent
1434	1148	92	2023-01-26	103632300	Declined
1435	40	81	2023-07-26	152288400	Declined
1436	96	64	2022-11-16	72384300	Declined
1437	2	112	2022-08-30	101270400	Declined
1438	1305	73	2022-11-18	164126400	Sent
1439	814	28	2022-08-13	123491800	Sent
1440	958	118	2023-06-05	358650000	Sent
1441	688	21	2023-04-23	160300000	Declined
1442	670	81	2023-06-17	255200300	Sent
1443	705	78	2023-06-07	162592500	Declined
1444	30	133	2022-07-16	141124500	Declined
1445	227	144	2022-12-04	195888000	Sent
1446	1344	149	2022-12-09	108581550	Declined
1447	1257	46	2023-06-08	153107500	Declined
1448	14	88	2023-03-31	94030000	Sent
1449	310	42	2022-11-10	302116500	Declined
1450	548	8	2022-06-18	104504400	Sent
1451	1118	134	2023-05-24	152072600	Declined
1452	1136	96	2022-12-19	154945000	Declined
1453	663	142	2022-12-15	111798400	Declined
1454	982	98	2023-02-07	155727000	Sent
1455	1199	126	2022-07-30	99756400	Declined
1456	796	16	2023-04-22	189583200	Sent
1457	736	55	2023-08-28	150834400	Sent
1458	984	25	2023-05-10	99168400	Sent
1459	1060	79	2023-05-23	151287500	Sent
1460	28	37	2023-04-24	100582200	Sent
1461	1256	135	2023-01-02	136676400	Declined
1462	903	20	2022-06-26	222600000	Declined
1463	896	77	2023-07-18	128437500	Sent
1464	1071	18	2023-04-04	144515100	Declined
1465	118	81	2022-07-23	89827200	Sent
1466	467	84	2022-12-11	158894400	Sent
1467	282	99	2023-09-23	244978300	Sent
1468	1239	134	2023-05-31	313775000	Sent
1469	1283	29	2022-12-12	92440000	Sent
1470	1038	150	2023-01-28	179553300	Sent
1471	1398	63	2023-12-03	168245600	Sent
1472	612	119	2022-12-24	364149750	Declined
1473	575	147	2023-06-01	148155000	Declined
1474	1245	137	2023-03-20	309327000	Declined
1475	613	133	2023-05-30	166483400	Declined
1476	1362	40	2023-09-07	182943500	Declined
1477	271	94	2023-01-28	361208250	Sent
1478	1277	5	2023-07-05	107652000	Sent
1479	1174	24	2023-03-21	141053400	Declined
1480	825	140	2023-03-18	152371400	Declined
1481	147	36	2023-11-10	85478400	Sent
1482	885	18	2024-02-14	140762700	Declined
1483	270	108	2022-08-07	358505250	Declined
1484	391	42	2022-12-10	105936600	Sent
1485	969	34	2023-11-09	349164000	Declined
1486	1087	31	2023-03-09	100783300	Declined
1487	1068	112	2023-03-09	86822400	Declined
1488	341	85	2022-09-03	140613000	Declined
1489	71	30	2023-02-14	110375000	Sent
1490	602	8	2022-11-03	163450000	Declined
1491	947	99	2023-07-22	154896000	Declined
1492	565	108	2023-01-22	155727000	Sent
1493	1029	78	2023-01-11	139474800	Declined
1494	954	124	2022-10-11	162712800	Declined
1495	636	48	2023-08-01	85156300	Declined
1496	1222	99	2022-05-16	158149000	Sent
1497	529	147	2023-03-23	155696600	Declined
1498	595	64	2022-10-15	152587900	Sent
1499	1374	117	2023-06-19	159826200	Sent
1500	642	55	2022-11-05	106750000	Declined
\.


--
-- TOC entry 4895 (class 0 OID 26463)
-- Dependencies: 221
-- Data for Name: buyer; Type: TABLE DATA; Schema: public; Owner: postgres
--

COPY public.buyer (buyer_id, buyer_name, buyer_contact, city_id) FROM stdin;
1	Ami Wasita	089944953102	3173
2	Dt. Tomi Melani, S.Farm	088574219369	3174
3	Cagak Sihombing	085290690034	5171
4	Gandi Tamba	083400175357	5171
5	Ulya Astuti, S.Farm	087777814246	7371
6	Gina Melani	086984333164	5171
7	Victoria Handayani	082748885844	3175
8	Asirwada Siregar	087279214595	3171
9	Halima Wijayanti	084680477070	1371
10	Dinda Megantara, S.Gz	088720636203	3273
11	Nurul Yulianti	089579077597	3578
12	Eka Nuraini	081887313630	3172
13	Talia Jailani	080647882851	1371
14	Sutan Darimin Novitasari, S.T.	084577680165	6472
15	Shakila Nuraini	089099147717	3174
16	Jelita Sitompul	087837508251	3471
17	Drs. Fathonah Thamrin	086443576620	3175
18	Novi Megantara	082458961378	3273
19	Lidya Saefullah	083654931938	6472
20	Hj. Anastasia Dongoran, S.Farm	082064111076	3175
21	Dina Andriani	087822606187	3273
22	Dadi Wibisono	089882744854	5171
23	Dalima Santoso	086823067103	3175
24	Tgk. Oni Suryatmi, S.Sos	086764185210	3273
25	Usyi Laksita	087265693568	3171
26	Rahmi Rajasa	080034409436	1375
27	Dr. Oni Padmasari	082758415606	3172
28	Rahayu Riyanti, S.Kom	085652741422	3175
29	Uli Winarno	081581540149	1375
30	Kartika Wahyudin	085996933874	3173
31	Latika Yuniar	088593261408	3578
32	Dagel Zulaika, S.E.I	089637533028	6472
33	Zulfa Hardiansyah	088337539453	5171
34	Mila Permadi	089285799623	7371
35	Kania Pradipta	081897120570	3273
36	Vanya Waluyo	081896721942	3175
37	Ajeng Saptono	087024027489	6472
38	drg. Genta Hassanah	082514186000	3172
39	Mulyanto Najmudin	085991290808	3175
40	Silvia Kurniawan	080018310084	3273
41	Nurul Waskita	087916676636	6472
42	Dr. Vanya Novitasari	087313109876	7371
43	Kusuma Mangunsong	080748182160	6471
44	Estiawan Hardiansyah	081944187533	6471
45	Puspa Kuswandari	088081143824	3175
46	Siska Mahendra	085262849057	3172
47	Dadi Rajata	085878027426	6472
48	Dt. Cahyono Dongoran, S.Gz	081159132267	3172
49	KH. Teddy Narpati	080491977658	3172
50	Zaenab Ardianto	085875791688	3471
51	Eka Lazuardi	080444775589	3175
52	Anom Nashiruddin	089856112915	3172
53	Cut Endah Budiyanto, S.E.I	082580645267	3172
54	Pangeran Jailani	089141848900	1375
55	Ira Oktaviani	081319256522	3173
56	Najwa Hariyah	083000611187	1371
57	Eka Sirait	088863760617	3174
58	Laswi Nababan	081044313543	1371
59	Sutan Arta Samosir, S.Farm	087989422628	3171
60	Bahuwirya Thamrin	089377800151	3578
61	Yuni Kurniawan	080407722889	7371
62	Elvina Padmasari	083958691365	7371
63	Yunita Halimah, M.Ak	085364608401	6471
64	Kambali Prasasta	081353604677	3175
65	Irsad Hassanah	087248017542	7371
66	Gaduh Marpaung	084844277257	6472
67	Zaenab Permadi, S.E.	080881340206	3171
68	Zelda Puspasari	089212920394	3471
69	R. Elisa Yuliarti, S.Ked	086600255583	3573
70	Galang Natsir	082920775994	3273
71	Unjani Nuraini, M.Kom.	088805428037	3273
72	Prayoga Suwarno	082951623680	3173
73	R.M. Bakti Pertiwi, S.Sos	086193414353	3174
74	Ella Ardianto, M.Ak	083474931249	3173
75	Ibrahim Nashiruddin	084411209771	6472
76	Dadap Namaga, S.T.	089204158152	3172
77	Karimah Saragih	082766942335	1371
78	Ir. Dodo Handayani	086743068987	1371
79	Ghaliyati Rahayu, S.Sos	082207019782	3578
80	Julia Rahmawati, M.Farm	084469962611	3171
81	Gamani Wibisono	086989885811	3172
82	Jefri Winarno	081030639089	7371
83	Ihsan Tampubolon	088220588512	7371
84	Umay Wacana, M.M.	081720684076	3172
85	Shakila Kuswoyo	084251021785	3273
86	R.A. Raina Maryati	087476443140	3175
87	Kajen Hariyah	082132859342	6471
88	drg. Yessi Napitupulu, M.Pd	085129193546	3173
89	Eka Nababan	083345286346	5171
90	Betania Hutapea, S.Sos	081470783317	3471
91	Drs. Victoria Latupono	082818522733	3175
92	Tami Haryanti	081872753435	3173
93	Irma Wulandari	085479976450	3175
94	Bakiman Pradana	082293221611	3171
95	Putu Lestari	084690605361	3174
96	Warji Utama, S.E.I	087095427507	3173
97	KH. Narji Usamah	087696141041	7371
98	Arsipatra Agustina	087301580461	1375
99	drg. Endah Mustofa, S.E.I	084177909196	3171
100	Capa Kusmawati, S.E.	083731747562	6472
101	Dacin Wacana	087440301823	3573
102	Tina Palastri	082323682372	3174
103	Azalea Wibowo	086212285499	3175
104	Fitria Mulyani, M.M.	086951104826	3174
105	Chandra Halim, S.Kom	081819000025	6471
106	Zahra Siregar	085668605441	3471
107	Dt. Jumari Thamrin, S.T.	080930017062	6471
108	Anastasia Kusumo	086227470070	3172
109	Ir. Mulya Aryani	080967168632	3273
110	Ira Saragih	085885171908	6472
111	Tgk. Paris Suryatmi, S.Ked	086885889956	3175
112	Dr. Yessi Andriani, M.Ak	087149676438	1375
113	Reksa Novitasari, S.Kom	085304890229	3175
114	Maryanto Rahayu	082998087798	3471
115	Saiful Saputra	081516767676	1371
116	Manah Saputra	088507261961	3573
117	Ajimat Thamrin	082906337277	6471
118	R. Dadap Santoso, S.IP	082731750923	3175
119	Laswi Waskita	080026999427	3175
120	Argono Zulkarnain	082677926286	7371
121	Prayogo Padmasari	082511791501	3173
122	Dodo Melani	086288049019	3273
123	Shakila Nasyidah, S.Pd	084787070353	3174
124	Ayu Hidayat	082040584667	3172
125	R.A. Amalia Wahyuni, S.I.Kom	086482051953	7371
126	Ulya Nuraini	080357945665	3471
127	Drs. Mila Riyanti	087803259189	6472
128	Laila Yuliarti, M.Farm	081462297626	5171
129	Dt. Gadang Salahudin, S.I.Kom	087355830802	3173
130	Dt. Catur Maryadi	089539872896	3171
131	Cinthia Samosir	080824014570	1371
132	Edi Maheswara	081051091349	3173
133	Drs. Luis Sihombing	080254926286	6471
134	Vero Tamba	086051858017	7371
135	Hj. Hani Tampubolon, S.Ked	087736817780	3173
136	Drs. Rachel Sitompul, M.Farm	081893467527	3578
137	Icha Maryadi	082403548953	3175
138	Eja Pertiwi	086068699479	7371
139	Halima Lazuardi, M.Ak	087932701774	3273
140	Dadi Astuti	086629621972	3578
141	Ir. Purwa Pradana, S.Pd	082396477596	6472
142	Carla Usamah, M.Kom.	086366194642	1371
143	Ade Zulaika	083678735550	3471
144	Puti Vanesa Tampubolon, S.Pt	084264823878	6472
145	R. Dian Sirait	082989078831	3174
146	Unjani Permadi	086961719243	6471
147	Langgeng Narpati	084037284573	5171
148	Kenari Wastuti, S.IP	081187434908	3471
149	Dwi Maulana	083525417699	5171
150	Ir. Lili Saputra, S.Pt	084401991905	3174
\.


--
-- TOC entry 4889 (class 0 OID 26435)
-- Dependencies: 215
-- Data for Name: city; Type: TABLE DATA; Schema: public; Owner: postgres
--

COPY public.city (city_id, city_name, latitude, longitude) FROM stdin;
3171	Kota Jakarta Pusat	-6.186486	106.834091
3172	Kota Jakarta Utara	-6.121435	106.774124
3173	Kota Jakarta Barat	-6.1352	106.813301
3174	Kota Jakarta Selatan	-6.300641	106.814095
3175	Kota Jakarta Timur	-6.264451	106.895859
3573	Kota Malang	-7.981894	112.626503
3578	Kota Surabaya	-7.289166	112.734398
3471	Kota Yogyakarta	-7.797224	110.368797
3273	Kota Bandung	-6.9147444	107.6098111
1371	Kota Padang	-0.95	100.3530556
1375	Kota Bukittinggi	-0.3055556	100.3691667
6471	Kota Balikpapan	-1.2635389	116.8278833
6472	Kota Samarinda	-0.502183	117.153801
7371	Kota Makassar	-5.1333333	119.4166667
5171	Kota Denpasar	-8.65629	115.222099
\.


--
-- TOC entry 4897 (class 0 OID 26474)
-- Dependencies: 223
-- Data for Name: product; Type: TABLE DATA; Schema: public; Owner: postgres
--

COPY public.product (product_id, product_detail_id, seller_id, title, date_post) FROM stdin;
1	45	105	Dijual mobil Honda Civic tahun 2019, kondisi sangat terawat. Siap antar jalan-jalan keluarga!	2022-10-11
2	10	8	Dijual mobil Toyota Agya tahun 2017, kondisi sangat terawat. Siap antar jalan-jalan keluarga!	2022-04-30
3	50	7	Dijual mobil Suzuki Ertiga tahun 2018, pemakaian pribadi, kilometer rendah. Jaminan performa dan kenyamanan!	2022-11-20
4	18	37	Dijual mobil Daihatsu Ayla tahun 2015, gabungan sempurna antara performa dan kemewahan. Pengalaman berkendara yang luar biasa!	2022-03-10
5	24	25	Dijual mobil Daihatsu Terios tahun 2017, tampilan stylish dan performa tangguh. Siap temani petualanganmu!	2023-02-22
6	22	118	Dijual mobil Daihatsu Terios tahun 2022, gaya modern dengan teknologi terkini. Dijamin memikat perhatian di jalan!	2022-04-28
7	38	74	Dijual mobil Honda CR-V tahun 2009, kuat dan andal di segala medan. Cocok untuk petualangan di alam terbuka!	2022-05-21
8	18	33	Dijual mobil Daihatsu Ayla tahun 2015, kondisi sangat terawat. Siap antar jalan-jalan keluarga!	2022-11-01
9	4	54	Dijual mobil Toyota Yaris tahun 2020, gabungan sempurna antara performa dan kemewahan. Pengalaman berkendara yang luar biasa!	2022-05-16
10	46	78	Dijual mobil Suzuki Ertiga tahun 2015, kuat dan andal di segala medan. Cocok untuk petualangan di alam terbuka!	2022-05-21
11	1	8	Dijual mobil Toyota Yaris tahun 2016, kondisi sangat terawat. Siap antar jalan-jalan keluarga!	2022-10-14
12	28	117	Dijual mobil Daihatsu Xenia tahun 2017, pemakaian pribadi, kilometer rendah. Jaminan performa dan kenyamanan!	2022-12-16
13	25	23	Dijual mobil Daihatsu Terios tahun 2018, simbol kemewahan dan prestise. Pengalaman berkendara yang tak terlupakan!	2022-07-15
14	49	106	Dijual mobil Suzuki Ertiga tahun 2012, ruang interior luas untuk keluarga. Dijamin nyaman dan ekonomis!	2022-08-06
15	2	42	Dijual mobil Toyota Yaris tahun 2018, kuat dan andal di segala medan. Cocok untuk petualangan di alam terbuka!	2022-08-13
16	7	88	Dijual mobil Toyota Agya tahun 2014, gabungan sempurna antara performa dan kemewahan. Pengalaman berkendara yang luar biasa!	2022-11-27
17	35	81	Dijual mobil Honda Jazz tahun 2013, pemakaian pribadi, kilometer rendah. Jaminan performa dan kenyamanan!	2022-05-15
18	10	63	Dijual mobil Toyota Agya tahun 2017, kondisi sangat terawat. Siap antar jalan-jalan keluarga!	2022-03-23
19	34	145	Dijual mobil Honda Jazz tahun 2015, ruang interior luas untuk keluarga. Dijamin nyaman dan ekonomis!	2022-09-13
20	22	49	Dijual mobil Daihatsu Terios tahun 2022, desain kompak dengan fitur canggih. Solusi tepat untuk mobilitas perkotaan!	2022-10-09
21	50	106	Dijual mobil Suzuki Ertiga tahun 2018, ruang interior luas untuk keluarga. Dijamin nyaman dan ekonomis!	2022-06-10
22	39	149	Dijual mobil Honda CR-V tahun 2016, ruang interior luas untuk keluarga. Dijamin nyaman dan ekonomis!	2022-09-09
23	9	94	Dijual mobil Toyota Agya tahun 2022, simbol kemewahan dan prestise. Pengalaman berkendara yang tak terlupakan!	2022-07-12
24	31	145	Dijual mobil Honda Jazz tahun 2018, gaya modern dengan teknologi terkini. Dijamin memikat perhatian di jalan!	2022-08-29
25	9	41	Dijual mobil Toyota Agya tahun 2022, gabungan sempurna antara performa dan kemewahan. Pengalaman berkendara yang luar biasa!	2022-08-23
26	1	41	Dijual mobil Toyota Yaris tahun 2016, gabungan sempurna antara performa dan kemewahan. Pengalaman berkendara yang luar biasa!	2022-04-23
27	12	44	Dijual mobil Toyota Calya tahun 2019, pemakaian pribadi, kilometer rendah. Jaminan performa dan kenyamanan!	2022-09-15
28	6	52	Dijual mobil Toyota Agya tahun 2019, pemakaian pribadi, kilometer rendah. Jaminan performa dan kenyamanan!	2022-09-01
29	35	118	Dijual mobil Honda Jazz tahun 2013, ruang interior luas untuk keluarga. Dijamin nyaman dan ekonomis!	2022-04-17
30	42	40	Dijual mobil Honda Civic tahun 2010, gabungan sempurna antara performa dan kemewahan. Pengalaman berkendara yang luar biasa!	2022-06-04
31	13	141	Dijual mobil Toyota Calya tahun 2017, gabungan sempurna antara performa dan kemewahan. Pengalaman berkendara yang luar biasa!	2022-10-16
32	16	49	Dijual mobil Daihatsu Ayla tahun 2016, kondisi sangat terawat. Siap antar jalan-jalan keluarga!	2022-03-16
33	48	139	Dijual mobil Suzuki Ertiga tahun 2016, pemakaian pribadi, kilometer rendah. Jaminan performa dan kenyamanan!	2022-11-02
34	7	18	Dijual mobil Toyota Agya tahun 2014, gabungan sempurna antara performa dan kemewahan. Pengalaman berkendara yang luar biasa!	2022-08-24
35	13	17	Dijual mobil Toyota Calya tahun 2017, kuat dan andal di segala medan. Cocok untuk petualangan di alam terbuka!	2022-07-04
36	5	149	Dijual mobil Toyota Yaris tahun 2012, desain kompak dengan fitur canggih. Solusi tepat untuk mobilitas perkotaan!	2022-05-22
37	48	34	Dijual mobil Suzuki Ertiga tahun 2016, pemakaian pribadi, kilometer rendah. Jaminan performa dan kenyamanan!	2022-06-17
38	39	114	Dijual mobil Honda CR-V tahun 2016, pemakaian pribadi, kilometer rendah. Jaminan performa dan kenyamanan!	2022-03-25
39	11	6	Dijual mobil Toyota Calya tahun 2019, kuat dan andal di segala medan. Cocok untuk petualangan di alam terbuka!	2023-01-06
40	24	36	Dijual mobil Daihatsu Terios tahun 2017, tangguh dengan desain elegan. Siap menemani perjalananmu!	2022-08-28
41	39	16	Dijual mobil Honda CR-V tahun 2016, tampilan stylish dan performa tangguh. Siap temani petualanganmu!	2023-02-24
42	45	6	Dijual mobil Honda Civic tahun 2019, tampilan stylish dan performa tangguh. Siap temani petualanganmu!	2022-03-31
43	29	5	Dijual mobil Daihatsu Xenia tahun 2014, kuat dan andal di segala medan. Cocok untuk petualangan di alam terbuka!	2022-07-26
44	36	109	Dijual mobil Honda CR-V tahun 2018, kondisi sangat terawat. Siap antar jalan-jalan keluarga!	2022-05-01
45	29	145	Dijual mobil Daihatsu Xenia tahun 2014, pemakaian pribadi, kilometer rendah. Jaminan performa dan kenyamanan!	2022-08-16
46	47	146	Dijual mobil Suzuki Ertiga tahun 2018, ruang interior luas untuk keluarga. Dijamin nyaman dan ekonomis!	2022-06-02
47	47	43	Dijual mobil Suzuki Ertiga tahun 2018, gaya modern dengan teknologi terkini. Dijamin memikat perhatian di jalan!	2022-05-22
48	50	143	Dijual mobil Suzuki Ertiga tahun 2018, gaya modern dengan teknologi terkini. Dijamin memikat perhatian di jalan!	2023-01-03
49	44	135	Dijual mobil Honda Civic tahun 2013, desain kompak dengan fitur canggih. Solusi tepat untuk mobilitas perkotaan!	2022-08-08
50	14	36	Dijual mobil Toyota Calya tahun 2016, simbol kemewahan dan prestise. Pengalaman berkendara yang tak terlupakan!	2022-04-21
51	13	37	Dijual mobil Toyota Calya tahun 2017, kondisi sangat terawat. Siap antar jalan-jalan keluarga!	2022-12-11
52	44	111	Dijual mobil Honda Civic tahun 2013, pemakaian pribadi, kilometer rendah. Jaminan performa dan kenyamanan!	2022-09-11
53	23	114	Dijual mobil Daihatsu Terios tahun 2019, kuat dan andal di segala medan. Cocok untuk petualangan di alam terbuka!	2022-11-29
54	28	51	Dijual mobil Daihatsu Xenia tahun 2017, kuat dan andal di segala medan. Cocok untuk petualangan di alam terbuka!	2023-02-22
55	22	2	Dijual mobil Daihatsu Terios tahun 2022, simbol kemewahan dan prestise. Pengalaman berkendara yang tak terlupakan!	2023-02-21
56	41	41	Dijual mobil Honda Civic tahun 2018, simbol kemewahan dan prestise. Pengalaman berkendara yang tak terlupakan!	2023-02-22
57	48	14	Dijual mobil Suzuki Ertiga tahun 2016, kondisi sangat terawat. Siap antar jalan-jalan keluarga!	2022-10-17
58	31	46	Dijual mobil Honda Jazz tahun 2018, kuat dan andal di segala medan. Cocok untuk petualangan di alam terbuka!	2022-10-06
59	30	91	Dijual mobil Daihatsu Xenia tahun 2018, simbol kemewahan dan prestise. Pengalaman berkendara yang tak terlupakan!	2022-09-30
60	37	84	Dijual mobil Honda CR-V tahun 2017, kuat dan andal di segala medan. Cocok untuk petualangan di alam terbuka!	2022-05-07
61	6	79	Dijual mobil Toyota Agya tahun 2019, desain kompak dengan fitur canggih. Solusi tepat untuk mobilitas perkotaan!	2022-06-01
62	37	42	Dijual mobil Honda CR-V tahun 2017, ruang interior luas untuk keluarga. Dijamin nyaman dan ekonomis!	2022-04-28
63	14	135	Dijual mobil Toyota Calya tahun 2016, gabungan sempurna antara performa dan kemewahan. Pengalaman berkendara yang luar biasa!	2023-01-11
64	10	105	Dijual mobil Toyota Agya tahun 2017, pemakaian pribadi, kilometer rendah. Jaminan performa dan kenyamanan!	2022-05-28
65	4	113	Dijual mobil Toyota Yaris tahun 2020, pemakaian pribadi, kilometer rendah. Jaminan performa dan kenyamanan!	2022-04-28
66	48	68	Dijual mobil Suzuki Ertiga tahun 2016, kuat dan andal di segala medan. Cocok untuk petualangan di alam terbuka!	2022-12-02
67	9	107	Dijual mobil Toyota Agya tahun 2022, kuat dan andal di segala medan. Cocok untuk petualangan di alam terbuka!	2022-10-09
68	28	100	Dijual mobil Daihatsu Xenia tahun 2017, kuat dan andal di segala medan. Cocok untuk petualangan di alam terbuka!	2022-03-21
69	19	43	Dijual mobil Daihatsu Ayla tahun 2017, pemakaian pribadi, kilometer rendah. Jaminan performa dan kenyamanan!	2022-03-28
70	16	93	Dijual mobil Daihatsu Ayla tahun 2016, kuat dan andal di segala medan. Cocok untuk petualangan di alam terbuka!	2023-01-07
71	46	112	Dijual mobil Suzuki Ertiga tahun 2015, tampilan stylish dan performa tangguh. Siap temani petualanganmu!	2022-11-18
72	42	129	Dijual mobil Honda Civic tahun 2010, ruang interior luas untuk keluarga. Dijamin nyaman dan ekonomis!	2022-04-20
73	23	35	Dijual mobil Daihatsu Terios tahun 2019, ruang interior luas untuk keluarga. Dijamin nyaman dan ekonomis!	2022-08-23
74	42	18	Dijual mobil Honda Civic tahun 2010, desain kompak dengan fitur canggih. Solusi tepat untuk mobilitas perkotaan!	2022-04-04
75	21	141	Dijual mobil Daihatsu Terios tahun 2018, gabungan sempurna antara performa dan kemewahan. Pengalaman berkendara yang luar biasa!	2022-10-13
76	14	149	Dijual mobil Toyota Calya tahun 2016, tangguh dengan desain elegan. Siap menemani perjalananmu!	2022-08-18
77	20	89	Dijual mobil Daihatsu Ayla tahun 2017, gaya modern dengan teknologi terkini. Dijamin memikat perhatian di jalan!	2022-04-28
78	38	77	Dijual mobil Honda CR-V tahun 2009, kuat dan andal di segala medan. Cocok untuk petualangan di alam terbuka!	2022-06-28
79	42	20	Dijual mobil Honda Civic tahun 2010, tampilan stylish dan performa tangguh. Siap temani petualanganmu!	2022-08-28
80	23	107	Dijual mobil Daihatsu Terios tahun 2019, simbol kemewahan dan prestise. Pengalaman berkendara yang tak terlupakan!	2022-03-11
81	5	124	Dijual mobil Toyota Yaris tahun 2012, kuat dan andal di segala medan. Cocok untuk petualangan di alam terbuka!	2022-06-28
82	19	63	Dijual mobil Daihatsu Ayla tahun 2017, pemakaian pribadi, kilometer rendah. Jaminan performa dan kenyamanan!	2022-02-28
83	12	150	Dijual mobil Toyota Calya tahun 2019, tampilan stylish dan performa tangguh. Siap temani petualanganmu!	2022-04-24
84	10	134	Dijual mobil Toyota Agya tahun 2017, simbol kemewahan dan prestise. Pengalaman berkendara yang tak terlupakan!	2022-03-12
85	40	140	Dijual mobil Honda CR-V tahun 2018, simbol kemewahan dan prestise. Pengalaman berkendara yang tak terlupakan!	2022-05-11
86	2	63	Dijual mobil Toyota Yaris tahun 2018, gabungan sempurna antara performa dan kemewahan. Pengalaman berkendara yang luar biasa!	2022-04-25
87	3	3	Dijual mobil Toyota Yaris tahun 2014, tampilan stylish dan performa tangguh. Siap temani petualanganmu!	2022-09-14
88	34	10	Dijual mobil Honda Jazz tahun 2015, gabungan sempurna antara performa dan kemewahan. Pengalaman berkendara yang luar biasa!	2022-03-14
89	4	21	Dijual mobil Toyota Yaris tahun 2020, gabungan sempurna antara performa dan kemewahan. Pengalaman berkendara yang luar biasa!	2022-06-11
90	22	5	Dijual mobil Daihatsu Terios tahun 2022, kondisi sangat terawat. Siap antar jalan-jalan keluarga!	2022-12-09
91	47	53	Dijual mobil Suzuki Ertiga tahun 2018, pemakaian pribadi, kilometer rendah. Jaminan performa dan kenyamanan!	2022-08-24
92	6	57	Dijual mobil Toyota Agya tahun 2019, kondisi sangat terawat. Siap antar jalan-jalan keluarga!	2023-02-08
93	37	63	Dijual mobil Honda CR-V tahun 2017, tangguh dengan desain elegan. Siap menemani perjalananmu!	2022-05-07
94	19	82	Dijual mobil Daihatsu Ayla tahun 2017, kondisi sangat terawat. Siap antar jalan-jalan keluarga!	2023-02-05
95	33	75	Dijual mobil Honda Jazz tahun 2018, ruang interior luas untuk keluarga. Dijamin nyaman dan ekonomis!	2022-10-04
96	16	28	Dijual mobil Daihatsu Ayla tahun 2016, gaya modern dengan teknologi terkini. Dijamin memikat perhatian di jalan!	2022-09-29
97	31	34	Dijual mobil Honda Jazz tahun 2018, kondisi sangat terawat. Siap antar jalan-jalan keluarga!	2022-11-06
98	37	42	Dijual mobil Honda CR-V tahun 2017, pemakaian pribadi, kilometer rendah. Jaminan performa dan kenyamanan!	2022-04-25
99	45	72	Dijual mobil Honda Civic tahun 2019, gabungan sempurna antara performa dan kemewahan. Pengalaman berkendara yang luar biasa!	2022-12-22
100	6	105	Dijual mobil Toyota Agya tahun 2019, kondisi sangat terawat. Siap antar jalan-jalan keluarga!	2022-04-20
101	6	104	Dijual mobil Toyota Agya tahun 2019, ruang interior luas untuk keluarga. Dijamin nyaman dan ekonomis!	2022-12-05
102	3	81	Dijual mobil Toyota Yaris tahun 2014, ruang interior luas untuk keluarga. Dijamin nyaman dan ekonomis!	2022-02-25
103	30	32	Dijual mobil Daihatsu Xenia tahun 2018, tangguh dengan desain elegan. Siap menemani perjalananmu!	2022-02-25
104	10	52	Dijual mobil Toyota Agya tahun 2017, desain kompak dengan fitur canggih. Solusi tepat untuk mobilitas perkotaan!	2022-07-03
105	33	103	Dijual mobil Honda Jazz tahun 2018, tangguh dengan desain elegan. Siap menemani perjalananmu!	2022-03-28
106	5	96	Dijual mobil Toyota Yaris tahun 2012, desain kompak dengan fitur canggih. Solusi tepat untuk mobilitas perkotaan!	2023-01-12
107	29	22	Dijual mobil Daihatsu Xenia tahun 2014, ruang interior luas untuk keluarga. Dijamin nyaman dan ekonomis!	2022-07-31
108	8	41	Dijual mobil Toyota Agya tahun 2016, tampilan stylish dan performa tangguh. Siap temani petualanganmu!	2022-07-07
109	43	30	Dijual mobil Honda Civic tahun 2013, tampilan stylish dan performa tangguh. Siap temani petualanganmu!	2022-03-20
110	18	19	Dijual mobil Daihatsu Ayla tahun 2015, tampilan stylish dan performa tangguh. Siap temani petualanganmu!	2022-05-14
111	24	147	Dijual mobil Daihatsu Terios tahun 2017, pemakaian pribadi, kilometer rendah. Jaminan performa dan kenyamanan!	2022-12-22
112	16	9	Dijual mobil Daihatsu Ayla tahun 2016, gabungan sempurna antara performa dan kemewahan. Pengalaman berkendara yang luar biasa!	2023-01-07
113	6	132	Dijual mobil Toyota Agya tahun 2019, kondisi sangat terawat. Siap antar jalan-jalan keluarga!	2023-01-04
114	15	131	Dijual mobil Toyota Calya tahun 2016, tangguh dengan desain elegan. Siap menemani perjalananmu!	2022-12-23
115	2	23	Dijual mobil Toyota Yaris tahun 2018, desain kompak dengan fitur canggih. Solusi tepat untuk mobilitas perkotaan!	2022-10-25
116	24	85	Dijual mobil Daihatsu Terios tahun 2017, tangguh dengan desain elegan. Siap menemani perjalananmu!	2023-02-23
117	40	114	Dijual mobil Honda CR-V tahun 2018, kuat dan andal di segala medan. Cocok untuk petualangan di alam terbuka!	2022-12-08
118	18	124	Dijual mobil Daihatsu Ayla tahun 2015, gaya modern dengan teknologi terkini. Dijamin memikat perhatian di jalan!	2022-07-10
119	21	91	Dijual mobil Daihatsu Terios tahun 2018, pemakaian pribadi, kilometer rendah. Jaminan performa dan kenyamanan!	2023-01-26
120	33	18	Dijual mobil Honda Jazz tahun 2018, kuat dan andal di segala medan. Cocok untuk petualangan di alam terbuka!	2022-04-17
121	12	132	Dijual mobil Toyota Calya tahun 2019, simbol kemewahan dan prestise. Pengalaman berkendara yang tak terlupakan!	2022-10-27
122	30	42	Dijual mobil Daihatsu Xenia tahun 2018, gabungan sempurna antara performa dan kemewahan. Pengalaman berkendara yang luar biasa!	2022-07-10
123	27	83	Dijual mobil Daihatsu Xenia tahun 2022, kondisi sangat terawat. Siap antar jalan-jalan keluarga!	2022-04-26
124	8	109	Dijual mobil Toyota Agya tahun 2016, simbol kemewahan dan prestise. Pengalaman berkendara yang tak terlupakan!	2023-01-24
125	48	98	Dijual mobil Suzuki Ertiga tahun 2016, desain kompak dengan fitur canggih. Solusi tepat untuk mobilitas perkotaan!	2022-06-24
126	26	87	Dijual mobil Daihatsu Xenia tahun 2019, desain kompak dengan fitur canggih. Solusi tepat untuk mobilitas perkotaan!	2022-10-27
127	2	37	Dijual mobil Toyota Yaris tahun 2018, simbol kemewahan dan prestise. Pengalaman berkendara yang tak terlupakan!	2022-12-27
128	12	48	Dijual mobil Toyota Calya tahun 2019, desain kompak dengan fitur canggih. Solusi tepat untuk mobilitas perkotaan!	2022-04-29
129	47	4	Dijual mobil Suzuki Ertiga tahun 2018, ruang interior luas untuk keluarga. Dijamin nyaman dan ekonomis!	2023-01-31
130	13	51	Dijual mobil Toyota Calya tahun 2017, tangguh dengan desain elegan. Siap menemani perjalananmu!	2022-03-02
131	30	6	Dijual mobil Daihatsu Xenia tahun 2018, tangguh dengan desain elegan. Siap menemani perjalananmu!	2022-07-19
132	47	39	Dijual mobil Suzuki Ertiga tahun 2018, pemakaian pribadi, kilometer rendah. Jaminan performa dan kenyamanan!	2022-06-18
133	45	35	Dijual mobil Honda Civic tahun 2019, tampilan stylish dan performa tangguh. Siap temani petualanganmu!	2022-08-16
134	41	129	Dijual mobil Honda Civic tahun 2018, gaya modern dengan teknologi terkini. Dijamin memikat perhatian di jalan!	2022-06-04
135	37	70	Dijual mobil Honda CR-V tahun 2017, kuat dan andal di segala medan. Cocok untuk petualangan di alam terbuka!	2022-08-10
136	41	60	Dijual mobil Honda Civic tahun 2018, ruang interior luas untuk keluarga. Dijamin nyaman dan ekonomis!	2022-11-11
137	47	33	Dijual mobil Suzuki Ertiga tahun 2018, ruang interior luas untuk keluarga. Dijamin nyaman dan ekonomis!	2022-08-28
138	40	5	Dijual mobil Honda CR-V tahun 2018, gaya modern dengan teknologi terkini. Dijamin memikat perhatian di jalan!	2022-11-25
139	29	73	Dijual mobil Daihatsu Xenia tahun 2014, kuat dan andal di segala medan. Cocok untuk petualangan di alam terbuka!	2022-06-19
140	13	43	Dijual mobil Toyota Calya tahun 2017, pemakaian pribadi, kilometer rendah. Jaminan performa dan kenyamanan!	2022-08-06
141	29	67	Dijual mobil Daihatsu Xenia tahun 2014, kuat dan andal di segala medan. Cocok untuk petualangan di alam terbuka!	2022-07-07
142	15	118	Dijual mobil Toyota Calya tahun 2016, desain kompak dengan fitur canggih. Solusi tepat untuk mobilitas perkotaan!	2022-06-28
143	10	35	Dijual mobil Toyota Agya tahun 2017, pemakaian pribadi, kilometer rendah. Jaminan performa dan kenyamanan!	2022-05-18
144	7	94	Dijual mobil Toyota Agya tahun 2014, gaya modern dengan teknologi terkini. Dijamin memikat perhatian di jalan!	2022-05-21
145	49	85	Dijual mobil Suzuki Ertiga tahun 2012, tampilan stylish dan performa tangguh. Siap temani petualanganmu!	2022-06-12
146	8	23	Dijual mobil Toyota Agya tahun 2016, gabungan sempurna antara performa dan kemewahan. Pengalaman berkendara yang luar biasa!	2022-11-08
147	18	27	Dijual mobil Daihatsu Ayla tahun 2015, desain kompak dengan fitur canggih. Solusi tepat untuk mobilitas perkotaan!	2023-02-10
148	50	69	Dijual mobil Suzuki Ertiga tahun 2018, desain kompak dengan fitur canggih. Solusi tepat untuk mobilitas perkotaan!	2022-06-12
149	48	116	Dijual mobil Suzuki Ertiga tahun 2016, kuat dan andal di segala medan. Cocok untuk petualangan di alam terbuka!	2022-02-27
150	34	65	Dijual mobil Honda Jazz tahun 2015, desain kompak dengan fitur canggih. Solusi tepat untuk mobilitas perkotaan!	2022-07-30
151	8	2	Dijual mobil Toyota Agya tahun 2016, kondisi sangat terawat. Siap antar jalan-jalan keluarga!	2022-06-28
152	8	14	Dijual mobil Toyota Agya tahun 2016, simbol kemewahan dan prestise. Pengalaman berkendara yang tak terlupakan!	2022-05-22
153	37	25	Dijual mobil Honda CR-V tahun 2017, simbol kemewahan dan prestise. Pengalaman berkendara yang tak terlupakan!	2022-09-03
154	10	88	Dijual mobil Toyota Agya tahun 2017, gaya modern dengan teknologi terkini. Dijamin memikat perhatian di jalan!	2023-01-25
155	50	58	Dijual mobil Suzuki Ertiga tahun 2018, tampilan stylish dan performa tangguh. Siap temani petualanganmu!	2022-10-27
156	30	15	Dijual mobil Daihatsu Xenia tahun 2018, gabungan sempurna antara performa dan kemewahan. Pengalaman berkendara yang luar biasa!	2022-10-05
157	18	92	Dijual mobil Daihatsu Ayla tahun 2015, kuat dan andal di segala medan. Cocok untuk petualangan di alam terbuka!	2023-02-13
158	41	103	Dijual mobil Honda Civic tahun 2018, desain kompak dengan fitur canggih. Solusi tepat untuk mobilitas perkotaan!	2022-12-12
159	29	69	Dijual mobil Daihatsu Xenia tahun 2014, tampilan stylish dan performa tangguh. Siap temani petualanganmu!	2022-04-05
160	48	40	Dijual mobil Suzuki Ertiga tahun 2016, gaya modern dengan teknologi terkini. Dijamin memikat perhatian di jalan!	2022-12-04
161	26	38	Dijual mobil Daihatsu Xenia tahun 2019, kondisi sangat terawat. Siap antar jalan-jalan keluarga!	2022-03-11
162	2	88	Dijual mobil Toyota Yaris tahun 2018, desain kompak dengan fitur canggih. Solusi tepat untuk mobilitas perkotaan!	2022-09-21
163	48	116	Dijual mobil Suzuki Ertiga tahun 2016, tangguh dengan desain elegan. Siap menemani perjalananmu!	2022-04-03
164	26	32	Dijual mobil Daihatsu Xenia tahun 2019, kondisi sangat terawat. Siap antar jalan-jalan keluarga!	2022-03-23
165	35	70	Dijual mobil Honda Jazz tahun 2013, desain kompak dengan fitur canggih. Solusi tepat untuk mobilitas perkotaan!	2022-12-02
166	13	18	Dijual mobil Toyota Calya tahun 2017, tampilan stylish dan performa tangguh. Siap temani petualanganmu!	2022-07-25
167	45	74	Dijual mobil Honda Civic tahun 2019, kuat dan andal di segala medan. Cocok untuk petualangan di alam terbuka!	2022-08-10
168	22	36	Dijual mobil Daihatsu Terios tahun 2022, kuat dan andal di segala medan. Cocok untuk petualangan di alam terbuka!	2022-07-16
169	30	69	Dijual mobil Daihatsu Xenia tahun 2018, simbol kemewahan dan prestise. Pengalaman berkendara yang tak terlupakan!	2022-06-05
170	38	67	Dijual mobil Honda CR-V tahun 2009, tampilan stylish dan performa tangguh. Siap temani petualanganmu!	2023-01-08
171	31	90	Dijual mobil Honda Jazz tahun 2018, tangguh dengan desain elegan. Siap menemani perjalananmu!	2022-04-23
172	32	115	Dijual mobil Honda Jazz tahun 2019, tampilan stylish dan performa tangguh. Siap temani petualanganmu!	2022-03-03
173	17	11	Dijual mobil Daihatsu Ayla tahun 2019, pemakaian pribadi, kilometer rendah. Jaminan performa dan kenyamanan!	2022-08-16
174	30	104	Dijual mobil Daihatsu Xenia tahun 2018, tampilan stylish dan performa tangguh. Siap temani petualanganmu!	2023-02-10
175	7	133	Dijual mobil Toyota Agya tahun 2014, kondisi sangat terawat. Siap antar jalan-jalan keluarga!	2022-10-04
176	21	114	Dijual mobil Daihatsu Terios tahun 2018, tampilan stylish dan performa tangguh. Siap temani petualanganmu!	2022-12-27
177	46	36	Dijual mobil Suzuki Ertiga tahun 2015, desain kompak dengan fitur canggih. Solusi tepat untuk mobilitas perkotaan!	2022-12-01
178	2	134	Dijual mobil Toyota Yaris tahun 2018, kondisi sangat terawat. Siap antar jalan-jalan keluarga!	2022-08-09
179	42	64	Dijual mobil Honda Civic tahun 2010, pemakaian pribadi, kilometer rendah. Jaminan performa dan kenyamanan!	2022-06-04
180	37	44	Dijual mobil Honda CR-V tahun 2017, kondisi sangat terawat. Siap antar jalan-jalan keluarga!	2022-08-04
181	24	83	Dijual mobil Daihatsu Terios tahun 2017, simbol kemewahan dan prestise. Pengalaman berkendara yang tak terlupakan!	2022-05-25
182	17	5	Dijual mobil Daihatsu Ayla tahun 2019, kondisi sangat terawat. Siap antar jalan-jalan keluarga!	2022-10-06
183	49	46	Dijual mobil Suzuki Ertiga tahun 2012, kondisi sangat terawat. Siap antar jalan-jalan keluarga!	2022-11-09
184	3	105	Dijual mobil Toyota Yaris tahun 2014, kondisi sangat terawat. Siap antar jalan-jalan keluarga!	2022-10-19
185	31	49	Dijual mobil Honda Jazz tahun 2018, kondisi sangat terawat. Siap antar jalan-jalan keluarga!	2022-11-23
186	33	127	Dijual mobil Honda Jazz tahun 2018, desain kompak dengan fitur canggih. Solusi tepat untuk mobilitas perkotaan!	2022-07-21
187	24	29	Dijual mobil Daihatsu Terios tahun 2017, desain kompak dengan fitur canggih. Solusi tepat untuk mobilitas perkotaan!	2022-08-18
188	16	149	Dijual mobil Daihatsu Ayla tahun 2016, tangguh dengan desain elegan. Siap menemani perjalananmu!	2022-03-20
189	18	93	Dijual mobil Daihatsu Ayla tahun 2015, kondisi sangat terawat. Siap antar jalan-jalan keluarga!	2022-03-13
190	24	79	Dijual mobil Daihatsu Terios tahun 2017, pemakaian pribadi, kilometer rendah. Jaminan performa dan kenyamanan!	2022-04-15
191	7	96	Dijual mobil Toyota Agya tahun 2014, tampilan stylish dan performa tangguh. Siap temani petualanganmu!	2022-12-06
192	23	129	Dijual mobil Daihatsu Terios tahun 2019, ruang interior luas untuk keluarga. Dijamin nyaman dan ekonomis!	2022-11-29
193	39	100	Dijual mobil Honda CR-V tahun 2016, tangguh dengan desain elegan. Siap menemani perjalananmu!	2022-05-27
194	5	28	Dijual mobil Toyota Yaris tahun 2012, tampilan stylish dan performa tangguh. Siap temani petualanganmu!	2022-09-30
195	37	145	Dijual mobil Honda CR-V tahun 2017, pemakaian pribadi, kilometer rendah. Jaminan performa dan kenyamanan!	2023-01-31
196	45	11	Dijual mobil Honda Civic tahun 2019, ruang interior luas untuk keluarga. Dijamin nyaman dan ekonomis!	2022-10-13
197	22	74	Dijual mobil Daihatsu Terios tahun 2022, kondisi sangat terawat. Siap antar jalan-jalan keluarga!	2022-10-19
198	39	120	Dijual mobil Honda CR-V tahun 2016, tampilan stylish dan performa tangguh. Siap temani petualanganmu!	2022-08-05
199	37	78	Dijual mobil Honda CR-V tahun 2017, kondisi sangat terawat. Siap antar jalan-jalan keluarga!	2022-04-20
200	27	41	Dijual mobil Daihatsu Xenia tahun 2022, pemakaian pribadi, kilometer rendah. Jaminan performa dan kenyamanan!	2022-04-09
201	15	43	Dijual mobil Toyota Calya tahun 2016, tampilan stylish dan performa tangguh. Siap temani petualanganmu!	2022-03-29
202	16	148	Dijual mobil Daihatsu Ayla tahun 2016, kuat dan andal di segala medan. Cocok untuk petualangan di alam terbuka!	2022-03-08
203	38	138	Dijual mobil Honda CR-V tahun 2009, gaya modern dengan teknologi terkini. Dijamin memikat perhatian di jalan!	2022-04-08
204	45	132	Dijual mobil Honda Civic tahun 2019, ruang interior luas untuk keluarga. Dijamin nyaman dan ekonomis!	2022-12-13
205	13	148	Dijual mobil Toyota Calya tahun 2017, gaya modern dengan teknologi terkini. Dijamin memikat perhatian di jalan!	2022-05-25
206	20	132	Dijual mobil Daihatsu Ayla tahun 2017, simbol kemewahan dan prestise. Pengalaman berkendara yang tak terlupakan!	2022-12-10
207	34	53	Dijual mobil Honda Jazz tahun 2015, gabungan sempurna antara performa dan kemewahan. Pengalaman berkendara yang luar biasa!	2022-06-25
208	13	56	Dijual mobil Toyota Calya tahun 2017, simbol kemewahan dan prestise. Pengalaman berkendara yang tak terlupakan!	2022-08-11
209	7	91	Dijual mobil Toyota Agya tahun 2014, gabungan sempurna antara performa dan kemewahan. Pengalaman berkendara yang luar biasa!	2022-06-06
210	24	88	Dijual mobil Daihatsu Terios tahun 2017, kondisi sangat terawat. Siap antar jalan-jalan keluarga!	2022-08-02
211	39	29	Dijual mobil Honda CR-V tahun 2016, ruang interior luas untuk keluarga. Dijamin nyaman dan ekonomis!	2023-02-14
212	17	65	Dijual mobil Daihatsu Ayla tahun 2019, gaya modern dengan teknologi terkini. Dijamin memikat perhatian di jalan!	2022-03-13
213	46	22	Dijual mobil Suzuki Ertiga tahun 2015, gabungan sempurna antara performa dan kemewahan. Pengalaman berkendara yang luar biasa!	2022-04-03
214	1	64	Dijual mobil Toyota Yaris tahun 2016, tampilan stylish dan performa tangguh. Siap temani petualanganmu!	2023-01-30
215	6	37	Dijual mobil Toyota Agya tahun 2019, kondisi sangat terawat. Siap antar jalan-jalan keluarga!	2022-06-09
216	50	102	Dijual mobil Suzuki Ertiga tahun 2018, kondisi sangat terawat. Siap antar jalan-jalan keluarga!	2022-09-05
217	32	78	Dijual mobil Honda Jazz tahun 2019, gabungan sempurna antara performa dan kemewahan. Pengalaman berkendara yang luar biasa!	2022-08-28
218	50	1	Dijual mobil Suzuki Ertiga tahun 2018, tampilan stylish dan performa tangguh. Siap temani petualanganmu!	2022-08-25
219	24	137	Dijual mobil Daihatsu Terios tahun 2017, pemakaian pribadi, kilometer rendah. Jaminan performa dan kenyamanan!	2022-05-17
220	25	38	Dijual mobil Daihatsu Terios tahun 2018, gaya modern dengan teknologi terkini. Dijamin memikat perhatian di jalan!	2022-11-04
221	30	11	Dijual mobil Daihatsu Xenia tahun 2018, desain kompak dengan fitur canggih. Solusi tepat untuk mobilitas perkotaan!	2022-06-17
222	1	135	Dijual mobil Toyota Yaris tahun 2016, desain kompak dengan fitur canggih. Solusi tepat untuk mobilitas perkotaan!	2022-10-16
223	7	125	Dijual mobil Toyota Agya tahun 2014, simbol kemewahan dan prestise. Pengalaman berkendara yang tak terlupakan!	2022-03-27
224	12	54	Dijual mobil Toyota Calya tahun 2019, tangguh dengan desain elegan. Siap menemani perjalananmu!	2022-08-05
225	17	90	Dijual mobil Daihatsu Ayla tahun 2019, kuat dan andal di segala medan. Cocok untuk petualangan di alam terbuka!	2022-07-20
226	8	119	Dijual mobil Toyota Agya tahun 2016, tampilan stylish dan performa tangguh. Siap temani petualanganmu!	2022-11-30
227	4	144	Dijual mobil Toyota Yaris tahun 2020, pemakaian pribadi, kilometer rendah. Jaminan performa dan kenyamanan!	2022-09-12
228	39	84	Dijual mobil Honda CR-V tahun 2016, kondisi sangat terawat. Siap antar jalan-jalan keluarga!	2022-12-08
229	29	5	Dijual mobil Daihatsu Xenia tahun 2014, gabungan sempurna antara performa dan kemewahan. Pengalaman berkendara yang luar biasa!	2022-06-19
230	2	8	Dijual mobil Toyota Yaris tahun 2018, ruang interior luas untuk keluarga. Dijamin nyaman dan ekonomis!	2022-11-18
231	42	27	Dijual mobil Honda Civic tahun 2010, kondisi sangat terawat. Siap antar jalan-jalan keluarga!	2022-12-04
232	4	40	Dijual mobil Toyota Yaris tahun 2020, desain kompak dengan fitur canggih. Solusi tepat untuk mobilitas perkotaan!	2022-06-15
233	23	107	Dijual mobil Daihatsu Terios tahun 2019, pemakaian pribadi, kilometer rendah. Jaminan performa dan kenyamanan!	2023-01-12
234	16	3	Dijual mobil Daihatsu Ayla tahun 2016, pemakaian pribadi, kilometer rendah. Jaminan performa dan kenyamanan!	2023-02-04
235	26	10	Dijual mobil Daihatsu Xenia tahun 2019, simbol kemewahan dan prestise. Pengalaman berkendara yang tak terlupakan!	2022-11-09
236	48	76	Dijual mobil Suzuki Ertiga tahun 2016, ruang interior luas untuk keluarga. Dijamin nyaman dan ekonomis!	2022-11-07
237	26	7	Dijual mobil Daihatsu Xenia tahun 2019, pemakaian pribadi, kilometer rendah. Jaminan performa dan kenyamanan!	2022-12-22
238	37	116	Dijual mobil Honda CR-V tahun 2017, kuat dan andal di segala medan. Cocok untuk petualangan di alam terbuka!	2022-06-19
239	20	129	Dijual mobil Daihatsu Ayla tahun 2017, tangguh dengan desain elegan. Siap menemani perjalananmu!	2022-06-11
240	22	69	Dijual mobil Daihatsu Terios tahun 2022, desain kompak dengan fitur canggih. Solusi tepat untuk mobilitas perkotaan!	2022-12-14
241	21	138	Dijual mobil Daihatsu Terios tahun 2018, kondisi sangat terawat. Siap antar jalan-jalan keluarga!	2022-08-29
242	24	130	Dijual mobil Daihatsu Terios tahun 2017, pemakaian pribadi, kilometer rendah. Jaminan performa dan kenyamanan!	2022-09-05
243	1	118	Dijual mobil Toyota Yaris tahun 2016, ruang interior luas untuk keluarga. Dijamin nyaman dan ekonomis!	2022-06-15
244	24	85	Dijual mobil Daihatsu Terios tahun 2017, kondisi sangat terawat. Siap antar jalan-jalan keluarga!	2022-07-28
245	34	33	Dijual mobil Honda Jazz tahun 2015, simbol kemewahan dan prestise. Pengalaman berkendara yang tak terlupakan!	2023-01-08
246	37	103	Dijual mobil Honda CR-V tahun 2017, kuat dan andal di segala medan. Cocok untuk petualangan di alam terbuka!	2022-11-02
247	30	86	Dijual mobil Daihatsu Xenia tahun 2018, kondisi sangat terawat. Siap antar jalan-jalan keluarga!	2022-03-19
248	2	118	Dijual mobil Toyota Yaris tahun 2018, ruang interior luas untuk keluarga. Dijamin nyaman dan ekonomis!	2022-11-27
249	48	99	Dijual mobil Suzuki Ertiga tahun 2016, gaya modern dengan teknologi terkini. Dijamin memikat perhatian di jalan!	2022-09-27
250	23	149	Dijual mobil Daihatsu Terios tahun 2019, kuat dan andal di segala medan. Cocok untuk petualangan di alam terbuka!	2022-08-07
251	19	84	Dijual mobil Daihatsu Ayla tahun 2017, gabungan sempurna antara performa dan kemewahan. Pengalaman berkendara yang luar biasa!	2023-02-17
252	47	55	Dijual mobil Suzuki Ertiga tahun 2018, gabungan sempurna antara performa dan kemewahan. Pengalaman berkendara yang luar biasa!	2022-03-04
253	5	113	Dijual mobil Toyota Yaris tahun 2012, pemakaian pribadi, kilometer rendah. Jaminan performa dan kenyamanan!	2022-08-12
254	3	8	Dijual mobil Toyota Yaris tahun 2014, pemakaian pribadi, kilometer rendah. Jaminan performa dan kenyamanan!	2022-06-17
255	37	70	Dijual mobil Honda CR-V tahun 2017, ruang interior luas untuk keluarga. Dijamin nyaman dan ekonomis!	2022-10-09
256	30	8	Dijual mobil Daihatsu Xenia tahun 2018, tampilan stylish dan performa tangguh. Siap temani petualanganmu!	2022-07-10
257	36	130	Dijual mobil Honda CR-V tahun 2018, desain kompak dengan fitur canggih. Solusi tepat untuk mobilitas perkotaan!	2022-09-06
258	50	50	Dijual mobil Suzuki Ertiga tahun 2018, gaya modern dengan teknologi terkini. Dijamin memikat perhatian di jalan!	2022-07-27
259	34	3	Dijual mobil Honda Jazz tahun 2015, simbol kemewahan dan prestise. Pengalaman berkendara yang tak terlupakan!	2022-11-18
260	15	63	Dijual mobil Toyota Calya tahun 2016, kondisi sangat terawat. Siap antar jalan-jalan keluarga!	2022-04-14
261	23	90	Dijual mobil Daihatsu Terios tahun 2019, tangguh dengan desain elegan. Siap menemani perjalananmu!	2022-11-28
262	40	114	Dijual mobil Honda CR-V tahun 2018, pemakaian pribadi, kilometer rendah. Jaminan performa dan kenyamanan!	2022-09-11
263	38	7	Dijual mobil Honda CR-V tahun 2009, gabungan sempurna antara performa dan kemewahan. Pengalaman berkendara yang luar biasa!	2022-07-08
264	45	50	Dijual mobil Honda Civic tahun 2019, desain kompak dengan fitur canggih. Solusi tepat untuk mobilitas perkotaan!	2023-01-03
265	22	56	Dijual mobil Daihatsu Terios tahun 2022, simbol kemewahan dan prestise. Pengalaman berkendara yang tak terlupakan!	2022-07-16
266	47	56	Dijual mobil Suzuki Ertiga tahun 2018, desain kompak dengan fitur canggih. Solusi tepat untuk mobilitas perkotaan!	2022-08-20
267	39	137	Dijual mobil Honda CR-V tahun 2016, tampilan stylish dan performa tangguh. Siap temani petualanganmu!	2022-03-11
268	27	6	Dijual mobil Daihatsu Xenia tahun 2022, pemakaian pribadi, kilometer rendah. Jaminan performa dan kenyamanan!	2022-12-10
269	25	93	Dijual mobil Daihatsu Terios tahun 2018, ruang interior luas untuk keluarga. Dijamin nyaman dan ekonomis!	2022-12-28
270	45	103	Dijual mobil Honda Civic tahun 2019, desain kompak dengan fitur canggih. Solusi tepat untuk mobilitas perkotaan!	2022-04-02
271	45	61	Dijual mobil Honda Civic tahun 2019, gaya modern dengan teknologi terkini. Dijamin memikat perhatian di jalan!	2022-05-18
272	34	66	Dijual mobil Honda Jazz tahun 2015, simbol kemewahan dan prestise. Pengalaman berkendara yang tak terlupakan!	2022-11-14
273	1	113	Dijual mobil Toyota Yaris tahun 2016, ruang interior luas untuk keluarga. Dijamin nyaman dan ekonomis!	2022-09-07
274	36	116	Dijual mobil Honda CR-V tahun 2018, tangguh dengan desain elegan. Siap menemani perjalananmu!	2022-04-11
275	12	96	Dijual mobil Toyota Calya tahun 2019, desain kompak dengan fitur canggih. Solusi tepat untuk mobilitas perkotaan!	2022-09-19
276	50	57	Dijual mobil Suzuki Ertiga tahun 2018, kuat dan andal di segala medan. Cocok untuk petualangan di alam terbuka!	2022-04-26
277	44	27	Dijual mobil Honda Civic tahun 2013, ruang interior luas untuk keluarga. Dijamin nyaman dan ekonomis!	2022-02-25
278	45	16	Dijual mobil Honda Civic tahun 2019, tangguh dengan desain elegan. Siap menemani perjalananmu!	2022-05-17
279	33	136	Dijual mobil Honda Jazz tahun 2018, simbol kemewahan dan prestise. Pengalaman berkendara yang tak terlupakan!	2022-11-05
280	2	43	Dijual mobil Toyota Yaris tahun 2018, desain kompak dengan fitur canggih. Solusi tepat untuk mobilitas perkotaan!	2022-04-08
281	20	74	Dijual mobil Daihatsu Ayla tahun 2017, kuat dan andal di segala medan. Cocok untuk petualangan di alam terbuka!	2022-10-09
282	39	132	Dijual mobil Honda CR-V tahun 2016, desain kompak dengan fitur canggih. Solusi tepat untuk mobilitas perkotaan!	2022-11-20
283	27	50	Dijual mobil Daihatsu Xenia tahun 2022, tampilan stylish dan performa tangguh. Siap temani petualanganmu!	2022-06-22
284	14	98	Dijual mobil Toyota Calya tahun 2016, ruang interior luas untuk keluarga. Dijamin nyaman dan ekonomis!	2022-12-08
285	35	86	Dijual mobil Honda Jazz tahun 2013, desain kompak dengan fitur canggih. Solusi tepat untuk mobilitas perkotaan!	2022-11-10
286	7	53	Dijual mobil Toyota Agya tahun 2014, kuat dan andal di segala medan. Cocok untuk petualangan di alam terbuka!	2022-05-18
287	8	80	Dijual mobil Toyota Agya tahun 2016, simbol kemewahan dan prestise. Pengalaman berkendara yang tak terlupakan!	2022-03-08
288	6	28	Dijual mobil Toyota Agya tahun 2019, gabungan sempurna antara performa dan kemewahan. Pengalaman berkendara yang luar biasa!	2022-05-20
289	38	104	Dijual mobil Honda CR-V tahun 2009, tampilan stylish dan performa tangguh. Siap temani petualanganmu!	2022-12-04
290	37	73	Dijual mobil Honda CR-V tahun 2017, kondisi sangat terawat. Siap antar jalan-jalan keluarga!	2022-08-27
291	20	66	Dijual mobil Daihatsu Ayla tahun 2017, kuat dan andal di segala medan. Cocok untuk petualangan di alam terbuka!	2022-11-30
292	4	100	Dijual mobil Toyota Yaris tahun 2020, gaya modern dengan teknologi terkini. Dijamin memikat perhatian di jalan!	2022-05-11
293	9	81	Dijual mobil Toyota Agya tahun 2022, tangguh dengan desain elegan. Siap menemani perjalananmu!	2022-08-15
294	6	64	Dijual mobil Toyota Agya tahun 2019, desain kompak dengan fitur canggih. Solusi tepat untuk mobilitas perkotaan!	2022-07-06
295	29	28	Dijual mobil Daihatsu Xenia tahun 2014, pemakaian pribadi, kilometer rendah. Jaminan performa dan kenyamanan!	2022-06-21
296	9	129	Dijual mobil Toyota Agya tahun 2022, kuat dan andal di segala medan. Cocok untuk petualangan di alam terbuka!	2022-12-09
297	32	120	Dijual mobil Honda Jazz tahun 2019, gabungan sempurna antara performa dan kemewahan. Pengalaman berkendara yang luar biasa!	2022-11-22
298	50	114	Dijual mobil Suzuki Ertiga tahun 2018, gaya modern dengan teknologi terkini. Dijamin memikat perhatian di jalan!	2022-09-24
299	2	22	Dijual mobil Toyota Yaris tahun 2018, tampilan stylish dan performa tangguh. Siap temani petualanganmu!	2022-11-24
300	34	69	Dijual mobil Honda Jazz tahun 2015, simbol kemewahan dan prestise. Pengalaman berkendara yang tak terlupakan!	2022-04-24
301	10	143	Dijual mobil Toyota Agya tahun 2017, kuat dan andal di segala medan. Cocok untuk petualangan di alam terbuka!	2023-01-24
302	22	12	Dijual mobil Daihatsu Terios tahun 2022, gaya modern dengan teknologi terkini. Dijamin memikat perhatian di jalan!	2022-05-10
303	47	23	Dijual mobil Suzuki Ertiga tahun 2018, pemakaian pribadi, kilometer rendah. Jaminan performa dan kenyamanan!	2022-12-15
304	48	5	Dijual mobil Suzuki Ertiga tahun 2016, kondisi sangat terawat. Siap antar jalan-jalan keluarga!	2022-03-15
305	33	65	Dijual mobil Honda Jazz tahun 2018, kondisi sangat terawat. Siap antar jalan-jalan keluarga!	2022-05-15
306	49	116	Dijual mobil Suzuki Ertiga tahun 2012, ruang interior luas untuk keluarga. Dijamin nyaman dan ekonomis!	2022-02-25
307	20	10	Dijual mobil Daihatsu Ayla tahun 2017, pemakaian pribadi, kilometer rendah. Jaminan performa dan kenyamanan!	2023-01-07
308	10	81	Dijual mobil Toyota Agya tahun 2017, desain kompak dengan fitur canggih. Solusi tepat untuk mobilitas perkotaan!	2022-03-12
309	29	81	Dijual mobil Daihatsu Xenia tahun 2014, tangguh dengan desain elegan. Siap menemani perjalananmu!	2022-04-10
310	37	115	Dijual mobil Honda CR-V tahun 2017, gabungan sempurna antara performa dan kemewahan. Pengalaman berkendara yang luar biasa!	2022-04-30
311	34	7	Dijual mobil Honda Jazz tahun 2015, ruang interior luas untuk keluarga. Dijamin nyaman dan ekonomis!	2022-07-12
312	46	59	Dijual mobil Suzuki Ertiga tahun 2015, pemakaian pribadi, kilometer rendah. Jaminan performa dan kenyamanan!	2022-04-29
313	41	145	Dijual mobil Honda Civic tahun 2018, ruang interior luas untuk keluarga. Dijamin nyaman dan ekonomis!	2023-02-17
314	50	141	Dijual mobil Suzuki Ertiga tahun 2018, pemakaian pribadi, kilometer rendah. Jaminan performa dan kenyamanan!	2022-06-06
315	1	17	Dijual mobil Toyota Yaris tahun 2016, kuat dan andal di segala medan. Cocok untuk petualangan di alam terbuka!	2022-10-07
316	38	16	Dijual mobil Honda CR-V tahun 2009, gaya modern dengan teknologi terkini. Dijamin memikat perhatian di jalan!	2022-11-19
317	17	74	Dijual mobil Daihatsu Ayla tahun 2019, desain kompak dengan fitur canggih. Solusi tepat untuk mobilitas perkotaan!	2022-11-22
318	10	144	Dijual mobil Toyota Agya tahun 2017, desain kompak dengan fitur canggih. Solusi tepat untuk mobilitas perkotaan!	2022-08-25
319	26	18	Dijual mobil Daihatsu Xenia tahun 2019, kuat dan andal di segala medan. Cocok untuk petualangan di alam terbuka!	2023-01-10
320	35	74	Dijual mobil Honda Jazz tahun 2013, simbol kemewahan dan prestise. Pengalaman berkendara yang tak terlupakan!	2022-06-17
321	34	68	Dijual mobil Honda Jazz tahun 2015, pemakaian pribadi, kilometer rendah. Jaminan performa dan kenyamanan!	2023-01-06
322	41	11	Dijual mobil Honda Civic tahun 2018, tampilan stylish dan performa tangguh. Siap temani petualanganmu!	2022-03-25
323	6	91	Dijual mobil Toyota Agya tahun 2019, pemakaian pribadi, kilometer rendah. Jaminan performa dan kenyamanan!	2022-06-12
324	15	83	Dijual mobil Toyota Calya tahun 2016, kuat dan andal di segala medan. Cocok untuk petualangan di alam terbuka!	2022-04-19
325	30	49	Dijual mobil Daihatsu Xenia tahun 2018, simbol kemewahan dan prestise. Pengalaman berkendara yang tak terlupakan!	2023-02-10
326	37	50	Dijual mobil Honda CR-V tahun 2017, ruang interior luas untuk keluarga. Dijamin nyaman dan ekonomis!	2022-06-09
327	50	50	Dijual mobil Suzuki Ertiga tahun 2018, tampilan stylish dan performa tangguh. Siap temani petualanganmu!	2022-09-18
328	40	122	Dijual mobil Honda CR-V tahun 2018, tangguh dengan desain elegan. Siap menemani perjalananmu!	2022-05-02
329	47	104	Dijual mobil Suzuki Ertiga tahun 2018, kondisi sangat terawat. Siap antar jalan-jalan keluarga!	2022-08-08
330	38	40	Dijual mobil Honda CR-V tahun 2009, desain kompak dengan fitur canggih. Solusi tepat untuk mobilitas perkotaan!	2022-08-28
331	24	105	Dijual mobil Daihatsu Terios tahun 2017, pemakaian pribadi, kilometer rendah. Jaminan performa dan kenyamanan!	2022-05-26
332	7	89	Dijual mobil Toyota Agya tahun 2014, tampilan stylish dan performa tangguh. Siap temani petualanganmu!	2023-01-29
333	28	4	Dijual mobil Daihatsu Xenia tahun 2017, gabungan sempurna antara performa dan kemewahan. Pengalaman berkendara yang luar biasa!	2023-02-16
334	20	41	Dijual mobil Daihatsu Ayla tahun 2017, simbol kemewahan dan prestise. Pengalaman berkendara yang tak terlupakan!	2022-07-05
335	39	44	Dijual mobil Honda CR-V tahun 2016, kondisi sangat terawat. Siap antar jalan-jalan keluarga!	2022-11-10
336	44	10	Dijual mobil Honda Civic tahun 2013, tangguh dengan desain elegan. Siap menemani perjalananmu!	2022-10-31
337	9	82	Dijual mobil Toyota Agya tahun 2022, pemakaian pribadi, kilometer rendah. Jaminan performa dan kenyamanan!	2022-08-09
338	39	11	Dijual mobil Honda CR-V tahun 2016, tampilan stylish dan performa tangguh. Siap temani petualanganmu!	2022-09-20
339	36	134	Dijual mobil Honda CR-V tahun 2018, ruang interior luas untuk keluarga. Dijamin nyaman dan ekonomis!	2022-06-16
340	21	17	Dijual mobil Daihatsu Terios tahun 2018, gaya modern dengan teknologi terkini. Dijamin memikat perhatian di jalan!	2022-07-08
341	42	15	Dijual mobil Honda Civic tahun 2010, tampilan stylish dan performa tangguh. Siap temani petualanganmu!	2022-04-08
342	32	131	Dijual mobil Honda Jazz tahun 2019, tangguh dengan desain elegan. Siap menemani perjalananmu!	2022-04-16
343	37	37	Dijual mobil Honda CR-V tahun 2017, gaya modern dengan teknologi terkini. Dijamin memikat perhatian di jalan!	2022-07-17
344	19	135	Dijual mobil Daihatsu Ayla tahun 2017, gaya modern dengan teknologi terkini. Dijamin memikat perhatian di jalan!	2022-11-12
345	42	87	Dijual mobil Honda Civic tahun 2010, desain kompak dengan fitur canggih. Solusi tepat untuk mobilitas perkotaan!	2023-01-18
346	34	109	Dijual mobil Honda Jazz tahun 2015, tangguh dengan desain elegan. Siap menemani perjalananmu!	2022-04-30
347	34	87	Dijual mobil Honda Jazz tahun 2015, ruang interior luas untuk keluarga. Dijamin nyaman dan ekonomis!	2022-07-30
348	5	63	Dijual mobil Toyota Yaris tahun 2012, pemakaian pribadi, kilometer rendah. Jaminan performa dan kenyamanan!	2022-09-26
349	6	108	Dijual mobil Toyota Agya tahun 2019, pemakaian pribadi, kilometer rendah. Jaminan performa dan kenyamanan!	2023-02-01
350	44	109	Dijual mobil Honda Civic tahun 2013, tangguh dengan desain elegan. Siap menemani perjalananmu!	2023-02-11
351	19	147	Dijual mobil Daihatsu Ayla tahun 2017, gaya modern dengan teknologi terkini. Dijamin memikat perhatian di jalan!	2022-06-29
352	6	40	Dijual mobil Toyota Agya tahun 2019, kuat dan andal di segala medan. Cocok untuk petualangan di alam terbuka!	2022-06-26
353	30	150	Dijual mobil Daihatsu Xenia tahun 2018, gabungan sempurna antara performa dan kemewahan. Pengalaman berkendara yang luar biasa!	2022-08-29
354	29	36	Dijual mobil Daihatsu Xenia tahun 2014, desain kompak dengan fitur canggih. Solusi tepat untuk mobilitas perkotaan!	2022-08-25
355	38	83	Dijual mobil Honda CR-V tahun 2009, simbol kemewahan dan prestise. Pengalaman berkendara yang tak terlupakan!	2022-11-27
356	48	105	Dijual mobil Suzuki Ertiga tahun 2016, tangguh dengan desain elegan. Siap menemani perjalananmu!	2022-04-18
357	32	23	Dijual mobil Honda Jazz tahun 2019, pemakaian pribadi, kilometer rendah. Jaminan performa dan kenyamanan!	2022-05-21
358	17	16	Dijual mobil Daihatsu Ayla tahun 2019, kuat dan andal di segala medan. Cocok untuk petualangan di alam terbuka!	2022-06-14
359	43	109	Dijual mobil Honda Civic tahun 2013, gabungan sempurna antara performa dan kemewahan. Pengalaman berkendara yang luar biasa!	2022-06-10
360	39	7	Dijual mobil Honda CR-V tahun 2016, simbol kemewahan dan prestise. Pengalaman berkendara yang tak terlupakan!	2022-06-30
361	8	60	Dijual mobil Toyota Agya tahun 2016, desain kompak dengan fitur canggih. Solusi tepat untuk mobilitas perkotaan!	2022-07-24
362	42	46	Dijual mobil Honda Civic tahun 2010, pemakaian pribadi, kilometer rendah. Jaminan performa dan kenyamanan!	2022-07-08
363	40	10	Dijual mobil Honda CR-V tahun 2018, pemakaian pribadi, kilometer rendah. Jaminan performa dan kenyamanan!	2022-06-18
364	45	24	Dijual mobil Honda Civic tahun 2019, gabungan sempurna antara performa dan kemewahan. Pengalaman berkendara yang luar biasa!	2023-02-22
365	3	23	Dijual mobil Toyota Yaris tahun 2014, desain kompak dengan fitur canggih. Solusi tepat untuk mobilitas perkotaan!	2023-01-31
366	13	2	Dijual mobil Toyota Calya tahun 2017, simbol kemewahan dan prestise. Pengalaman berkendara yang tak terlupakan!	2022-07-21
367	37	53	Dijual mobil Honda CR-V tahun 2017, kondisi sangat terawat. Siap antar jalan-jalan keluarga!	2023-01-07
368	20	31	Dijual mobil Daihatsu Ayla tahun 2017, ruang interior luas untuk keluarga. Dijamin nyaman dan ekonomis!	2022-04-15
369	4	33	Dijual mobil Toyota Yaris tahun 2020, kondisi sangat terawat. Siap antar jalan-jalan keluarga!	2022-05-23
370	8	64	Dijual mobil Toyota Agya tahun 2016, kuat dan andal di segala medan. Cocok untuk petualangan di alam terbuka!	2022-11-22
371	17	65	Dijual mobil Daihatsu Ayla tahun 2019, gaya modern dengan teknologi terkini. Dijamin memikat perhatian di jalan!	2022-06-29
372	6	61	Dijual mobil Toyota Agya tahun 2019, gaya modern dengan teknologi terkini. Dijamin memikat perhatian di jalan!	2022-05-11
373	15	52	Dijual mobil Toyota Calya tahun 2016, tampilan stylish dan performa tangguh. Siap temani petualanganmu!	2022-06-10
374	35	36	Dijual mobil Honda Jazz tahun 2013, gaya modern dengan teknologi terkini. Dijamin memikat perhatian di jalan!	2022-10-18
375	24	148	Dijual mobil Daihatsu Terios tahun 2017, simbol kemewahan dan prestise. Pengalaman berkendara yang tak terlupakan!	2022-03-31
376	25	72	Dijual mobil Daihatsu Terios tahun 2018, gabungan sempurna antara performa dan kemewahan. Pengalaman berkendara yang luar biasa!	2022-03-02
377	46	16	Dijual mobil Suzuki Ertiga tahun 2015, pemakaian pribadi, kilometer rendah. Jaminan performa dan kenyamanan!	2022-09-04
378	7	28	Dijual mobil Toyota Agya tahun 2014, pemakaian pribadi, kilometer rendah. Jaminan performa dan kenyamanan!	2022-11-26
379	41	10	Dijual mobil Honda Civic tahun 2018, kondisi sangat terawat. Siap antar jalan-jalan keluarga!	2023-02-01
380	35	130	Dijual mobil Honda Jazz tahun 2013, gaya modern dengan teknologi terkini. Dijamin memikat perhatian di jalan!	2022-10-23
381	22	49	Dijual mobil Daihatsu Terios tahun 2022, ruang interior luas untuk keluarga. Dijamin nyaman dan ekonomis!	2022-02-25
382	30	68	Dijual mobil Daihatsu Xenia tahun 2018, ruang interior luas untuk keluarga. Dijamin nyaman dan ekonomis!	2022-10-20
383	45	97	Dijual mobil Honda Civic tahun 2019, pemakaian pribadi, kilometer rendah. Jaminan performa dan kenyamanan!	2023-02-22
384	24	21	Dijual mobil Daihatsu Terios tahun 2017, tampilan stylish dan performa tangguh. Siap temani petualanganmu!	2022-11-07
385	37	135	Dijual mobil Honda CR-V tahun 2017, ruang interior luas untuk keluarga. Dijamin nyaman dan ekonomis!	2022-12-21
386	25	86	Dijual mobil Daihatsu Terios tahun 2018, simbol kemewahan dan prestise. Pengalaman berkendara yang tak terlupakan!	2022-05-01
387	39	86	Dijual mobil Honda CR-V tahun 2016, ruang interior luas untuk keluarga. Dijamin nyaman dan ekonomis!	2022-12-26
388	10	68	Dijual mobil Toyota Agya tahun 2017, gabungan sempurna antara performa dan kemewahan. Pengalaman berkendara yang luar biasa!	2023-02-06
389	26	2	Dijual mobil Daihatsu Xenia tahun 2019, gaya modern dengan teknologi terkini. Dijamin memikat perhatian di jalan!	2022-12-05
390	39	145	Dijual mobil Honda CR-V tahun 2016, gaya modern dengan teknologi terkini. Dijamin memikat perhatian di jalan!	2022-06-16
391	10	80	Dijual mobil Toyota Agya tahun 2017, tangguh dengan desain elegan. Siap menemani perjalananmu!	2022-03-11
392	28	115	Dijual mobil Daihatsu Xenia tahun 2017, simbol kemewahan dan prestise. Pengalaman berkendara yang tak terlupakan!	2022-12-17
393	1	99	Dijual mobil Toyota Yaris tahun 2016, kondisi sangat terawat. Siap antar jalan-jalan keluarga!	2022-04-06
394	38	26	Dijual mobil Honda CR-V tahun 2009, kuat dan andal di segala medan. Cocok untuk petualangan di alam terbuka!	2022-12-30
395	31	77	Dijual mobil Honda Jazz tahun 2018, tampilan stylish dan performa tangguh. Siap temani petualanganmu!	2022-03-13
396	8	65	Dijual mobil Toyota Agya tahun 2016, ruang interior luas untuk keluarga. Dijamin nyaman dan ekonomis!	2022-07-27
397	39	142	Dijual mobil Honda CR-V tahun 2016, tampilan stylish dan performa tangguh. Siap temani petualanganmu!	2022-04-29
398	16	66	Dijual mobil Daihatsu Ayla tahun 2016, kuat dan andal di segala medan. Cocok untuk petualangan di alam terbuka!	2022-07-23
399	28	95	Dijual mobil Daihatsu Xenia tahun 2017, pemakaian pribadi, kilometer rendah. Jaminan performa dan kenyamanan!	2022-04-24
400	25	51	Dijual mobil Daihatsu Terios tahun 2018, gabungan sempurna antara performa dan kemewahan. Pengalaman berkendara yang luar biasa!	2022-12-03
401	36	143	Dijual mobil Honda CR-V tahun 2018, desain kompak dengan fitur canggih. Solusi tepat untuk mobilitas perkotaan!	2022-11-23
402	8	88	Dijual mobil Toyota Agya tahun 2016, kondisi sangat terawat. Siap antar jalan-jalan keluarga!	2022-09-05
403	3	110	Dijual mobil Toyota Yaris tahun 2014, ruang interior luas untuk keluarga. Dijamin nyaman dan ekonomis!	2022-09-30
404	36	98	Dijual mobil Honda CR-V tahun 2018, gabungan sempurna antara performa dan kemewahan. Pengalaman berkendara yang luar biasa!	2022-03-15
405	12	92	Dijual mobil Toyota Calya tahun 2019, ruang interior luas untuk keluarga. Dijamin nyaman dan ekonomis!	2023-02-08
406	2	68	Dijual mobil Toyota Yaris tahun 2018, desain kompak dengan fitur canggih. Solusi tepat untuk mobilitas perkotaan!	2022-05-14
407	33	111	Dijual mobil Honda Jazz tahun 2018, kondisi sangat terawat. Siap antar jalan-jalan keluarga!	2022-05-18
408	29	145	Dijual mobil Daihatsu Xenia tahun 2014, simbol kemewahan dan prestise. Pengalaman berkendara yang tak terlupakan!	2022-11-25
409	44	96	Dijual mobil Honda Civic tahun 2013, simbol kemewahan dan prestise. Pengalaman berkendara yang tak terlupakan!	2022-10-18
410	30	99	Dijual mobil Daihatsu Xenia tahun 2018, kuat dan andal di segala medan. Cocok untuk petualangan di alam terbuka!	2022-10-17
411	18	13	Dijual mobil Daihatsu Ayla tahun 2015, kondisi sangat terawat. Siap antar jalan-jalan keluarga!	2023-02-23
412	10	15	Dijual mobil Toyota Agya tahun 2017, simbol kemewahan dan prestise. Pengalaman berkendara yang tak terlupakan!	2022-12-08
413	43	69	Dijual mobil Honda Civic tahun 2013, gaya modern dengan teknologi terkini. Dijamin memikat perhatian di jalan!	2022-11-07
414	33	22	Dijual mobil Honda Jazz tahun 2018, tampilan stylish dan performa tangguh. Siap temani petualanganmu!	2022-07-16
415	50	91	Dijual mobil Suzuki Ertiga tahun 2018, ruang interior luas untuk keluarga. Dijamin nyaman dan ekonomis!	2022-10-31
416	18	128	Dijual mobil Daihatsu Ayla tahun 2015, kuat dan andal di segala medan. Cocok untuk petualangan di alam terbuka!	2022-08-30
417	12	75	Dijual mobil Toyota Calya tahun 2019, ruang interior luas untuk keluarga. Dijamin nyaman dan ekonomis!	2022-07-23
418	33	85	Dijual mobil Honda Jazz tahun 2018, gabungan sempurna antara performa dan kemewahan. Pengalaman berkendara yang luar biasa!	2023-02-11
419	37	10	Dijual mobil Honda CR-V tahun 2017, pemakaian pribadi, kilometer rendah. Jaminan performa dan kenyamanan!	2022-04-29
420	32	10	Dijual mobil Honda Jazz tahun 2019, gaya modern dengan teknologi terkini. Dijamin memikat perhatian di jalan!	2023-02-05
421	28	94	Dijual mobil Daihatsu Xenia tahun 2017, kondisi sangat terawat. Siap antar jalan-jalan keluarga!	2022-08-10
422	46	147	Dijual mobil Suzuki Ertiga tahun 2015, kondisi sangat terawat. Siap antar jalan-jalan keluarga!	2023-01-22
423	48	41	Dijual mobil Suzuki Ertiga tahun 2016, pemakaian pribadi, kilometer rendah. Jaminan performa dan kenyamanan!	2022-03-20
424	43	146	Dijual mobil Honda Civic tahun 2013, tampilan stylish dan performa tangguh. Siap temani petualanganmu!	2023-02-15
425	38	50	Dijual mobil Honda CR-V tahun 2009, pemakaian pribadi, kilometer rendah. Jaminan performa dan kenyamanan!	2022-12-20
426	16	73	Dijual mobil Daihatsu Ayla tahun 2016, pemakaian pribadi, kilometer rendah. Jaminan performa dan kenyamanan!	2023-01-30
427	46	47	Dijual mobil Suzuki Ertiga tahun 2015, pemakaian pribadi, kilometer rendah. Jaminan performa dan kenyamanan!	2022-11-16
428	27	116	Dijual mobil Daihatsu Xenia tahun 2022, kondisi sangat terawat. Siap antar jalan-jalan keluarga!	2022-11-14
429	14	74	Dijual mobil Toyota Calya tahun 2016, kuat dan andal di segala medan. Cocok untuk petualangan di alam terbuka!	2022-03-20
430	42	108	Dijual mobil Honda Civic tahun 2010, tampilan stylish dan performa tangguh. Siap temani petualanganmu!	2022-12-24
431	46	40	Dijual mobil Suzuki Ertiga tahun 2015, gabungan sempurna antara performa dan kemewahan. Pengalaman berkendara yang luar biasa!	2022-08-17
432	14	145	Dijual mobil Toyota Calya tahun 2016, tangguh dengan desain elegan. Siap menemani perjalananmu!	2022-03-23
433	19	28	Dijual mobil Daihatsu Ayla tahun 2017, kondisi sangat terawat. Siap antar jalan-jalan keluarga!	2022-10-29
434	13	2	Dijual mobil Toyota Calya tahun 2017, kuat dan andal di segala medan. Cocok untuk petualangan di alam terbuka!	2023-01-01
435	34	33	Dijual mobil Honda Jazz tahun 2015, ruang interior luas untuk keluarga. Dijamin nyaman dan ekonomis!	2022-11-18
436	43	49	Dijual mobil Honda Civic tahun 2013, pemakaian pribadi, kilometer rendah. Jaminan performa dan kenyamanan!	2023-01-20
437	46	134	Dijual mobil Suzuki Ertiga tahun 2015, tangguh dengan desain elegan. Siap menemani perjalananmu!	2022-05-17
438	9	32	Dijual mobil Toyota Agya tahun 2022, tangguh dengan desain elegan. Siap menemani perjalananmu!	2022-08-30
439	33	136	Dijual mobil Honda Jazz tahun 2018, desain kompak dengan fitur canggih. Solusi tepat untuk mobilitas perkotaan!	2022-10-25
440	18	142	Dijual mobil Daihatsu Ayla tahun 2015, simbol kemewahan dan prestise. Pengalaman berkendara yang tak terlupakan!	2022-03-17
441	28	57	Dijual mobil Daihatsu Xenia tahun 2017, kuat dan andal di segala medan. Cocok untuk petualangan di alam terbuka!	2022-05-12
442	26	88	Dijual mobil Daihatsu Xenia tahun 2019, ruang interior luas untuk keluarga. Dijamin nyaman dan ekonomis!	2022-04-24
443	41	83	Dijual mobil Honda Civic tahun 2018, gaya modern dengan teknologi terkini. Dijamin memikat perhatian di jalan!	2022-05-08
444	24	6	Dijual mobil Daihatsu Terios tahun 2017, ruang interior luas untuk keluarga. Dijamin nyaman dan ekonomis!	2022-10-31
445	30	91	Dijual mobil Daihatsu Xenia tahun 2018, tangguh dengan desain elegan. Siap menemani perjalananmu!	2023-02-09
446	7	120	Dijual mobil Toyota Agya tahun 2014, pemakaian pribadi, kilometer rendah. Jaminan performa dan kenyamanan!	2022-04-11
447	49	69	Dijual mobil Suzuki Ertiga tahun 2012, kuat dan andal di segala medan. Cocok untuk petualangan di alam terbuka!	2022-09-12
448	48	118	Dijual mobil Suzuki Ertiga tahun 2016, tampilan stylish dan performa tangguh. Siap temani petualanganmu!	2022-08-11
449	14	70	Dijual mobil Toyota Calya tahun 2016, tampilan stylish dan performa tangguh. Siap temani petualanganmu!	2022-11-10
450	26	23	Dijual mobil Daihatsu Xenia tahun 2019, kuat dan andal di segala medan. Cocok untuk petualangan di alam terbuka!	2022-08-15
451	42	29	Dijual mobil Honda Civic tahun 2010, tangguh dengan desain elegan. Siap menemani perjalananmu!	2022-06-27
452	5	39	Dijual mobil Toyota Yaris tahun 2012, gaya modern dengan teknologi terkini. Dijamin memikat perhatian di jalan!	2022-06-19
453	21	42	Dijual mobil Daihatsu Terios tahun 2018, ruang interior luas untuk keluarga. Dijamin nyaman dan ekonomis!	2022-05-21
454	23	141	Dijual mobil Daihatsu Terios tahun 2019, simbol kemewahan dan prestise. Pengalaman berkendara yang tak terlupakan!	2022-12-21
455	44	114	Dijual mobil Honda Civic tahun 2013, gaya modern dengan teknologi terkini. Dijamin memikat perhatian di jalan!	2023-02-16
456	33	94	Dijual mobil Honda Jazz tahun 2018, gabungan sempurna antara performa dan kemewahan. Pengalaman berkendara yang luar biasa!	2023-01-01
457	21	40	Dijual mobil Daihatsu Terios tahun 2018, kuat dan andal di segala medan. Cocok untuk petualangan di alam terbuka!	2022-11-25
458	29	52	Dijual mobil Daihatsu Xenia tahun 2014, pemakaian pribadi, kilometer rendah. Jaminan performa dan kenyamanan!	2022-05-01
459	27	122	Dijual mobil Daihatsu Xenia tahun 2022, desain kompak dengan fitur canggih. Solusi tepat untuk mobilitas perkotaan!	2022-11-06
460	33	94	Dijual mobil Honda Jazz tahun 2018, pemakaian pribadi, kilometer rendah. Jaminan performa dan kenyamanan!	2022-09-17
461	48	3	Dijual mobil Suzuki Ertiga tahun 2016, ruang interior luas untuk keluarga. Dijamin nyaman dan ekonomis!	2022-12-23
462	7	54	Dijual mobil Toyota Agya tahun 2014, ruang interior luas untuk keluarga. Dijamin nyaman dan ekonomis!	2022-08-22
463	9	115	Dijual mobil Toyota Agya tahun 2022, kondisi sangat terawat. Siap antar jalan-jalan keluarga!	2022-07-30
464	22	36	Dijual mobil Daihatsu Terios tahun 2022, gaya modern dengan teknologi terkini. Dijamin memikat perhatian di jalan!	2022-12-23
465	41	86	Dijual mobil Honda Civic tahun 2018, tangguh dengan desain elegan. Siap menemani perjalananmu!	2022-09-19
466	7	80	Dijual mobil Toyota Agya tahun 2014, kondisi sangat terawat. Siap antar jalan-jalan keluarga!	2022-05-19
467	48	39	Dijual mobil Suzuki Ertiga tahun 2016, tampilan stylish dan performa tangguh. Siap temani petualanganmu!	2022-05-08
468	4	54	Dijual mobil Toyota Yaris tahun 2020, gabungan sempurna antara performa dan kemewahan. Pengalaman berkendara yang luar biasa!	2022-09-09
469	31	53	Dijual mobil Honda Jazz tahun 2018, ruang interior luas untuk keluarga. Dijamin nyaman dan ekonomis!	2023-02-09
470	19	63	Dijual mobil Daihatsu Ayla tahun 2017, ruang interior luas untuk keluarga. Dijamin nyaman dan ekonomis!	2022-11-12
471	3	142	Dijual mobil Toyota Yaris tahun 2014, ruang interior luas untuk keluarga. Dijamin nyaman dan ekonomis!	2023-02-03
472	8	90	Dijual mobil Toyota Agya tahun 2016, gaya modern dengan teknologi terkini. Dijamin memikat perhatian di jalan!	2022-03-06
473	15	2	Dijual mobil Toyota Calya tahun 2016, gaya modern dengan teknologi terkini. Dijamin memikat perhatian di jalan!	2022-12-31
474	32	83	Dijual mobil Honda Jazz tahun 2019, ruang interior luas untuk keluarga. Dijamin nyaman dan ekonomis!	2022-05-07
475	38	98	Dijual mobil Honda CR-V tahun 2009, ruang interior luas untuk keluarga. Dijamin nyaman dan ekonomis!	2022-12-17
476	24	71	Dijual mobil Daihatsu Terios tahun 2017, kondisi sangat terawat. Siap antar jalan-jalan keluarga!	2022-03-15
477	49	30	Dijual mobil Suzuki Ertiga tahun 2012, pemakaian pribadi, kilometer rendah. Jaminan performa dan kenyamanan!	2022-05-14
478	16	8	Dijual mobil Daihatsu Ayla tahun 2016, tampilan stylish dan performa tangguh. Siap temani petualanganmu!	2022-03-18
479	7	61	Dijual mobil Toyota Agya tahun 2014, gabungan sempurna antara performa dan kemewahan. Pengalaman berkendara yang luar biasa!	2022-08-17
480	39	136	Dijual mobil Honda CR-V tahun 2016, simbol kemewahan dan prestise. Pengalaman berkendara yang tak terlupakan!	2022-08-24
481	35	4	Dijual mobil Honda Jazz tahun 2013, kuat dan andal di segala medan. Cocok untuk petualangan di alam terbuka!	2022-05-03
482	20	99	Dijual mobil Daihatsu Ayla tahun 2017, kondisi sangat terawat. Siap antar jalan-jalan keluarga!	2022-08-27
483	45	1	Dijual mobil Honda Civic tahun 2019, tangguh dengan desain elegan. Siap menemani perjalananmu!	2022-06-14
484	30	101	Dijual mobil Daihatsu Xenia tahun 2018, pemakaian pribadi, kilometer rendah. Jaminan performa dan kenyamanan!	2022-08-23
485	15	7	Dijual mobil Toyota Calya tahun 2016, kuat dan andal di segala medan. Cocok untuk petualangan di alam terbuka!	2023-01-26
486	41	137	Dijual mobil Honda Civic tahun 2018, pemakaian pribadi, kilometer rendah. Jaminan performa dan kenyamanan!	2022-12-12
487	11	3	Dijual mobil Toyota Calya tahun 2019, tampilan stylish dan performa tangguh. Siap temani petualanganmu!	2023-02-16
488	15	82	Dijual mobil Toyota Calya tahun 2016, desain kompak dengan fitur canggih. Solusi tepat untuk mobilitas perkotaan!	2022-03-15
489	35	42	Dijual mobil Honda Jazz tahun 2013, simbol kemewahan dan prestise. Pengalaman berkendara yang tak terlupakan!	2022-05-18
490	18	112	Dijual mobil Daihatsu Ayla tahun 2015, pemakaian pribadi, kilometer rendah. Jaminan performa dan kenyamanan!	2022-06-11
491	26	1	Dijual mobil Daihatsu Xenia tahun 2019, simbol kemewahan dan prestise. Pengalaman berkendara yang tak terlupakan!	2022-12-21
492	32	92	Dijual mobil Honda Jazz tahun 2019, kuat dan andal di segala medan. Cocok untuk petualangan di alam terbuka!	2022-12-11
493	19	102	Dijual mobil Daihatsu Ayla tahun 2017, pemakaian pribadi, kilometer rendah. Jaminan performa dan kenyamanan!	2022-11-16
494	19	14	Dijual mobil Daihatsu Ayla tahun 2017, tangguh dengan desain elegan. Siap menemani perjalananmu!	2022-03-29
495	18	135	Dijual mobil Daihatsu Ayla tahun 2015, desain kompak dengan fitur canggih. Solusi tepat untuk mobilitas perkotaan!	2022-05-03
496	20	101	Dijual mobil Daihatsu Ayla tahun 2017, pemakaian pribadi, kilometer rendah. Jaminan performa dan kenyamanan!	2022-03-16
497	29	127	Dijual mobil Daihatsu Xenia tahun 2014, tangguh dengan desain elegan. Siap menemani perjalananmu!	2022-03-02
498	3	41	Dijual mobil Toyota Yaris tahun 2014, simbol kemewahan dan prestise. Pengalaman berkendara yang tak terlupakan!	2022-12-07
499	29	99	Dijual mobil Daihatsu Xenia tahun 2014, kondisi sangat terawat. Siap antar jalan-jalan keluarga!	2022-04-23
500	3	145	Dijual mobil Toyota Yaris tahun 2014, ruang interior luas untuk keluarga. Dijamin nyaman dan ekonomis!	2022-11-08
501	49	4	Dijual mobil Suzuki Ertiga tahun 2012, simbol kemewahan dan prestise. Pengalaman berkendara yang tak terlupakan!	2023-01-12
502	36	119	Dijual mobil Honda CR-V tahun 2018, gabungan sempurna antara performa dan kemewahan. Pengalaman berkendara yang luar biasa!	2022-06-28
503	48	25	Dijual mobil Suzuki Ertiga tahun 2016, gabungan sempurna antara performa dan kemewahan. Pengalaman berkendara yang luar biasa!	2022-05-08
504	23	99	Dijual mobil Daihatsu Terios tahun 2019, tangguh dengan desain elegan. Siap menemani perjalananmu!	2023-01-19
505	11	57	Dijual mobil Toyota Calya tahun 2019, gabungan sempurna antara performa dan kemewahan. Pengalaman berkendara yang luar biasa!	2022-09-19
506	37	127	Dijual mobil Honda CR-V tahun 2017, kuat dan andal di segala medan. Cocok untuk petualangan di alam terbuka!	2022-10-08
507	1	107	Dijual mobil Toyota Yaris tahun 2016, tangguh dengan desain elegan. Siap menemani perjalananmu!	2022-12-17
508	17	91	Dijual mobil Daihatsu Ayla tahun 2019, tampilan stylish dan performa tangguh. Siap temani petualanganmu!	2022-07-11
509	12	55	Dijual mobil Toyota Calya tahun 2019, gaya modern dengan teknologi terkini. Dijamin memikat perhatian di jalan!	2022-11-05
510	50	72	Dijual mobil Suzuki Ertiga tahun 2018, gaya modern dengan teknologi terkini. Dijamin memikat perhatian di jalan!	2023-01-12
511	7	2	Dijual mobil Toyota Agya tahun 2014, gaya modern dengan teknologi terkini. Dijamin memikat perhatian di jalan!	2022-07-25
512	33	52	Dijual mobil Honda Jazz tahun 2018, pemakaian pribadi, kilometer rendah. Jaminan performa dan kenyamanan!	2022-05-01
513	31	125	Dijual mobil Honda Jazz tahun 2018, ruang interior luas untuk keluarga. Dijamin nyaman dan ekonomis!	2022-10-03
514	31	80	Dijual mobil Honda Jazz tahun 2018, simbol kemewahan dan prestise. Pengalaman berkendara yang tak terlupakan!	2022-03-25
515	1	64	Dijual mobil Toyota Yaris tahun 2016, tangguh dengan desain elegan. Siap menemani perjalananmu!	2022-06-11
516	13	14	Dijual mobil Toyota Calya tahun 2017, kuat dan andal di segala medan. Cocok untuk petualangan di alam terbuka!	2022-03-03
517	1	125	Dijual mobil Toyota Yaris tahun 2016, pemakaian pribadi, kilometer rendah. Jaminan performa dan kenyamanan!	2022-03-03
518	38	118	Dijual mobil Honda CR-V tahun 2009, gaya modern dengan teknologi terkini. Dijamin memikat perhatian di jalan!	2022-10-26
519	6	22	Dijual mobil Toyota Agya tahun 2019, tangguh dengan desain elegan. Siap menemani perjalananmu!	2022-08-28
520	24	57	Dijual mobil Daihatsu Terios tahun 2017, tangguh dengan desain elegan. Siap menemani perjalananmu!	2022-11-11
521	32	91	Dijual mobil Honda Jazz tahun 2019, kuat dan andal di segala medan. Cocok untuk petualangan di alam terbuka!	2022-05-22
522	30	16	Dijual mobil Daihatsu Xenia tahun 2018, kondisi sangat terawat. Siap antar jalan-jalan keluarga!	2022-07-28
523	17	71	Dijual mobil Daihatsu Ayla tahun 2019, kondisi sangat terawat. Siap antar jalan-jalan keluarga!	2022-10-03
524	25	46	Dijual mobil Daihatsu Terios tahun 2018, kondisi sangat terawat. Siap antar jalan-jalan keluarga!	2022-05-24
525	37	146	Dijual mobil Honda CR-V tahun 2017, kuat dan andal di segala medan. Cocok untuk petualangan di alam terbuka!	2022-07-22
526	15	95	Dijual mobil Toyota Calya tahun 2016, gabungan sempurna antara performa dan kemewahan. Pengalaman berkendara yang luar biasa!	2022-05-31
527	45	111	Dijual mobil Honda Civic tahun 2019, gabungan sempurna antara performa dan kemewahan. Pengalaman berkendara yang luar biasa!	2022-05-17
528	36	23	Dijual mobil Honda CR-V tahun 2018, ruang interior luas untuk keluarga. Dijamin nyaman dan ekonomis!	2022-03-09
529	47	134	Dijual mobil Suzuki Ertiga tahun 2018, pemakaian pribadi, kilometer rendah. Jaminan performa dan kenyamanan!	2023-01-15
530	31	114	Dijual mobil Honda Jazz tahun 2018, ruang interior luas untuk keluarga. Dijamin nyaman dan ekonomis!	2022-06-28
531	38	111	Dijual mobil Honda CR-V tahun 2009, simbol kemewahan dan prestise. Pengalaman berkendara yang tak terlupakan!	2022-08-10
532	13	85	Dijual mobil Toyota Calya tahun 2017, gabungan sempurna antara performa dan kemewahan. Pengalaman berkendara yang luar biasa!	2023-01-26
533	26	55	Dijual mobil Daihatsu Xenia tahun 2019, desain kompak dengan fitur canggih. Solusi tepat untuk mobilitas perkotaan!	2022-08-31
534	28	133	Dijual mobil Daihatsu Xenia tahun 2017, pemakaian pribadi, kilometer rendah. Jaminan performa dan kenyamanan!	2022-03-31
535	35	41	Dijual mobil Honda Jazz tahun 2013, desain kompak dengan fitur canggih. Solusi tepat untuk mobilitas perkotaan!	2022-05-30
536	36	44	Dijual mobil Honda CR-V tahun 2018, kuat dan andal di segala medan. Cocok untuk petualangan di alam terbuka!	2022-10-20
537	37	25	Dijual mobil Honda CR-V tahun 2017, ruang interior luas untuk keluarga. Dijamin nyaman dan ekonomis!	2022-04-10
538	37	127	Dijual mobil Honda CR-V tahun 2017, simbol kemewahan dan prestise. Pengalaman berkendara yang tak terlupakan!	2022-10-08
539	28	132	Dijual mobil Daihatsu Xenia tahun 2017, gabungan sempurna antara performa dan kemewahan. Pengalaman berkendara yang luar biasa!	2022-08-21
540	25	10	Dijual mobil Daihatsu Terios tahun 2018, ruang interior luas untuk keluarga. Dijamin nyaman dan ekonomis!	2022-05-07
541	14	116	Dijual mobil Toyota Calya tahun 2016, kondisi sangat terawat. Siap antar jalan-jalan keluarga!	2022-10-07
542	9	64	Dijual mobil Toyota Agya tahun 2022, gabungan sempurna antara performa dan kemewahan. Pengalaman berkendara yang luar biasa!	2022-06-29
543	20	62	Dijual mobil Daihatsu Ayla tahun 2017, kuat dan andal di segala medan. Cocok untuk petualangan di alam terbuka!	2022-08-11
544	45	150	Dijual mobil Honda Civic tahun 2019, gabungan sempurna antara performa dan kemewahan. Pengalaman berkendara yang luar biasa!	2022-12-25
545	41	119	Dijual mobil Honda Civic tahun 2018, pemakaian pribadi, kilometer rendah. Jaminan performa dan kenyamanan!	2022-03-20
546	50	20	Dijual mobil Suzuki Ertiga tahun 2018, pemakaian pribadi, kilometer rendah. Jaminan performa dan kenyamanan!	2023-01-26
547	37	107	Dijual mobil Honda CR-V tahun 2017, gaya modern dengan teknologi terkini. Dijamin memikat perhatian di jalan!	2022-10-01
548	38	57	Dijual mobil Honda CR-V tahun 2009, pemakaian pribadi, kilometer rendah. Jaminan performa dan kenyamanan!	2022-05-15
549	14	5	Dijual mobil Toyota Calya tahun 2016, kuat dan andal di segala medan. Cocok untuk petualangan di alam terbuka!	2022-08-04
550	33	17	Dijual mobil Honda Jazz tahun 2018, simbol kemewahan dan prestise. Pengalaman berkendara yang tak terlupakan!	2022-03-01
551	20	83	Dijual mobil Daihatsu Ayla tahun 2017, kondisi sangat terawat. Siap antar jalan-jalan keluarga!	2022-06-11
552	21	20	Dijual mobil Daihatsu Terios tahun 2018, desain kompak dengan fitur canggih. Solusi tepat untuk mobilitas perkotaan!	2022-04-16
553	14	118	Dijual mobil Toyota Calya tahun 2016, gabungan sempurna antara performa dan kemewahan. Pengalaman berkendara yang luar biasa!	2022-09-06
554	2	140	Dijual mobil Toyota Yaris tahun 2018, ruang interior luas untuk keluarga. Dijamin nyaman dan ekonomis!	2022-07-26
555	10	46	Dijual mobil Toyota Agya tahun 2017, kondisi sangat terawat. Siap antar jalan-jalan keluarga!	2022-04-05
556	8	1	Dijual mobil Toyota Agya tahun 2016, pemakaian pribadi, kilometer rendah. Jaminan performa dan kenyamanan!	2022-08-25
557	4	61	Dijual mobil Toyota Yaris tahun 2020, kondisi sangat terawat. Siap antar jalan-jalan keluarga!	2022-03-14
558	34	28	Dijual mobil Honda Jazz tahun 2015, simbol kemewahan dan prestise. Pengalaman berkendara yang tak terlupakan!	2022-12-24
559	5	17	Dijual mobil Toyota Yaris tahun 2012, simbol kemewahan dan prestise. Pengalaman berkendara yang tak terlupakan!	2023-02-20
560	31	99	Dijual mobil Honda Jazz tahun 2018, gaya modern dengan teknologi terkini. Dijamin memikat perhatian di jalan!	2022-10-19
561	33	137	Dijual mobil Honda Jazz tahun 2018, desain kompak dengan fitur canggih. Solusi tepat untuk mobilitas perkotaan!	2022-04-01
562	20	24	Dijual mobil Daihatsu Ayla tahun 2017, gabungan sempurna antara performa dan kemewahan. Pengalaman berkendara yang luar biasa!	2022-03-09
563	45	81	Dijual mobil Honda Civic tahun 2019, kondisi sangat terawat. Siap antar jalan-jalan keluarga!	2022-10-15
564	37	2	Dijual mobil Honda CR-V tahun 2017, kondisi sangat terawat. Siap antar jalan-jalan keluarga!	2022-10-07
565	42	124	Dijual mobil Honda Civic tahun 2010, kondisi sangat terawat. Siap antar jalan-jalan keluarga!	2022-03-29
566	49	98	Dijual mobil Suzuki Ertiga tahun 2012, kuat dan andal di segala medan. Cocok untuk petualangan di alam terbuka!	2022-12-19
567	30	140	Dijual mobil Daihatsu Xenia tahun 2018, tangguh dengan desain elegan. Siap menemani perjalananmu!	2022-08-13
568	50	131	Dijual mobil Suzuki Ertiga tahun 2018, desain kompak dengan fitur canggih. Solusi tepat untuk mobilitas perkotaan!	2022-10-03
569	33	66	Dijual mobil Honda Jazz tahun 2018, tampilan stylish dan performa tangguh. Siap temani petualanganmu!	2023-01-28
570	9	48	Dijual mobil Toyota Agya tahun 2022, pemakaian pribadi, kilometer rendah. Jaminan performa dan kenyamanan!	2022-11-15
571	20	104	Dijual mobil Daihatsu Ayla tahun 2017, kondisi sangat terawat. Siap antar jalan-jalan keluarga!	2022-03-08
572	25	42	Dijual mobil Daihatsu Terios tahun 2018, desain kompak dengan fitur canggih. Solusi tepat untuk mobilitas perkotaan!	2022-07-31
573	6	15	Dijual mobil Toyota Agya tahun 2019, pemakaian pribadi, kilometer rendah. Jaminan performa dan kenyamanan!	2022-12-11
574	47	136	Dijual mobil Suzuki Ertiga tahun 2018, desain kompak dengan fitur canggih. Solusi tepat untuk mobilitas perkotaan!	2022-06-01
575	26	95	Dijual mobil Daihatsu Xenia tahun 2019, tampilan stylish dan performa tangguh. Siap temani petualanganmu!	2023-02-11
576	47	133	Dijual mobil Suzuki Ertiga tahun 2018, gaya modern dengan teknologi terkini. Dijamin memikat perhatian di jalan!	2022-11-23
577	1	106	Dijual mobil Toyota Yaris tahun 2016, kondisi sangat terawat. Siap antar jalan-jalan keluarga!	2022-09-09
578	50	22	Dijual mobil Suzuki Ertiga tahun 2018, pemakaian pribadi, kilometer rendah. Jaminan performa dan kenyamanan!	2023-02-18
579	38	134	Dijual mobil Honda CR-V tahun 2009, tangguh dengan desain elegan. Siap menemani perjalananmu!	2023-02-23
580	50	63	Dijual mobil Suzuki Ertiga tahun 2018, gabungan sempurna antara performa dan kemewahan. Pengalaman berkendara yang luar biasa!	2022-12-21
581	4	99	Dijual mobil Toyota Yaris tahun 2020, ruang interior luas untuk keluarga. Dijamin nyaman dan ekonomis!	2022-05-31
582	31	29	Dijual mobil Honda Jazz tahun 2018, pemakaian pribadi, kilometer rendah. Jaminan performa dan kenyamanan!	2023-01-23
583	33	122	Dijual mobil Honda Jazz tahun 2018, desain kompak dengan fitur canggih. Solusi tepat untuk mobilitas perkotaan!	2022-06-18
584	7	46	Dijual mobil Toyota Agya tahun 2014, gaya modern dengan teknologi terkini. Dijamin memikat perhatian di jalan!	2022-08-02
585	34	102	Dijual mobil Honda Jazz tahun 2015, tangguh dengan desain elegan. Siap menemani perjalananmu!	2022-09-12
586	22	131	Dijual mobil Daihatsu Terios tahun 2022, kondisi sangat terawat. Siap antar jalan-jalan keluarga!	2022-06-26
587	42	16	Dijual mobil Honda Civic tahun 2010, simbol kemewahan dan prestise. Pengalaman berkendara yang tak terlupakan!	2022-08-02
588	4	7	Dijual mobil Toyota Yaris tahun 2020, tampilan stylish dan performa tangguh. Siap temani petualanganmu!	2022-09-21
589	20	2	Dijual mobil Daihatsu Ayla tahun 2017, gabungan sempurna antara performa dan kemewahan. Pengalaman berkendara yang luar biasa!	2022-03-27
590	14	49	Dijual mobil Toyota Calya tahun 2016, kondisi sangat terawat. Siap antar jalan-jalan keluarga!	2022-11-09
591	24	4	Dijual mobil Daihatsu Terios tahun 2017, desain kompak dengan fitur canggih. Solusi tepat untuk mobilitas perkotaan!	2023-02-14
592	7	15	Dijual mobil Toyota Agya tahun 2014, simbol kemewahan dan prestise. Pengalaman berkendara yang tak terlupakan!	2022-03-11
593	32	90	Dijual mobil Honda Jazz tahun 2019, tampilan stylish dan performa tangguh. Siap temani petualanganmu!	2022-07-09
594	48	138	Dijual mobil Suzuki Ertiga tahun 2016, ruang interior luas untuk keluarga. Dijamin nyaman dan ekonomis!	2022-12-28
595	50	141	Dijual mobil Suzuki Ertiga tahun 2018, tampilan stylish dan performa tangguh. Siap temani petualanganmu!	2022-04-10
596	15	23	Dijual mobil Toyota Calya tahun 2016, pemakaian pribadi, kilometer rendah. Jaminan performa dan kenyamanan!	2022-09-19
597	17	12	Dijual mobil Daihatsu Ayla tahun 2019, gabungan sempurna antara performa dan kemewahan. Pengalaman berkendara yang luar biasa!	2022-07-25
598	17	84	Dijual mobil Daihatsu Ayla tahun 2019, tampilan stylish dan performa tangguh. Siap temani petualanganmu!	2022-09-14
599	38	14	Dijual mobil Honda CR-V tahun 2009, kuat dan andal di segala medan. Cocok untuk petualangan di alam terbuka!	2022-04-21
600	18	136	Dijual mobil Daihatsu Ayla tahun 2015, desain kompak dengan fitur canggih. Solusi tepat untuk mobilitas perkotaan!	2022-05-06
601	11	19	Dijual mobil Toyota Calya tahun 2019, desain kompak dengan fitur canggih. Solusi tepat untuk mobilitas perkotaan!	2022-07-01
602	1	104	Dijual mobil Toyota Yaris tahun 2016, gaya modern dengan teknologi terkini. Dijamin memikat perhatian di jalan!	2022-05-29
603	19	10	Dijual mobil Daihatsu Ayla tahun 2017, kuat dan andal di segala medan. Cocok untuk petualangan di alam terbuka!	2022-06-19
604	33	84	Dijual mobil Honda Jazz tahun 2018, gabungan sempurna antara performa dan kemewahan. Pengalaman berkendara yang luar biasa!	2022-04-08
605	47	4	Dijual mobil Suzuki Ertiga tahun 2018, tampilan stylish dan performa tangguh. Siap temani petualanganmu!	2022-03-16
606	48	61	Dijual mobil Suzuki Ertiga tahun 2016, tampilan stylish dan performa tangguh. Siap temani petualanganmu!	2022-06-06
607	21	125	Dijual mobil Daihatsu Terios tahun 2018, pemakaian pribadi, kilometer rendah. Jaminan performa dan kenyamanan!	2023-01-10
608	8	61	Dijual mobil Toyota Agya tahun 2016, tangguh dengan desain elegan. Siap menemani perjalananmu!	2022-06-07
609	41	56	Dijual mobil Honda Civic tahun 2018, ruang interior luas untuk keluarga. Dijamin nyaman dan ekonomis!	2022-04-22
610	36	85	Dijual mobil Honda CR-V tahun 2018, pemakaian pribadi, kilometer rendah. Jaminan performa dan kenyamanan!	2022-05-01
611	47	113	Dijual mobil Suzuki Ertiga tahun 2018, tangguh dengan desain elegan. Siap menemani perjalananmu!	2022-04-06
612	45	119	Dijual mobil Honda Civic tahun 2019, kondisi sangat terawat. Siap antar jalan-jalan keluarga!	2022-07-11
613	35	23	Dijual mobil Honda Jazz tahun 2013, kuat dan andal di segala medan. Cocok untuk petualangan di alam terbuka!	2022-11-03
614	9	44	Dijual mobil Toyota Agya tahun 2022, ruang interior luas untuk keluarga. Dijamin nyaman dan ekonomis!	2022-06-24
615	1	135	Dijual mobil Toyota Yaris tahun 2016, ruang interior luas untuk keluarga. Dijamin nyaman dan ekonomis!	2022-07-15
616	33	98	Dijual mobil Honda Jazz tahun 2018, gaya modern dengan teknologi terkini. Dijamin memikat perhatian di jalan!	2022-06-09
617	35	10	Dijual mobil Honda Jazz tahun 2013, gaya modern dengan teknologi terkini. Dijamin memikat perhatian di jalan!	2022-10-24
618	16	5	Dijual mobil Daihatsu Ayla tahun 2016, kondisi sangat terawat. Siap antar jalan-jalan keluarga!	2022-03-24
619	31	33	Dijual mobil Honda Jazz tahun 2018, pemakaian pribadi, kilometer rendah. Jaminan performa dan kenyamanan!	2022-09-10
620	16	80	Dijual mobil Daihatsu Ayla tahun 2016, ruang interior luas untuk keluarga. Dijamin nyaman dan ekonomis!	2022-09-24
621	46	87	Dijual mobil Suzuki Ertiga tahun 2015, gaya modern dengan teknologi terkini. Dijamin memikat perhatian di jalan!	2022-08-05
622	20	40	Dijual mobil Daihatsu Ayla tahun 2017, gaya modern dengan teknologi terkini. Dijamin memikat perhatian di jalan!	2023-01-20
623	46	84	Dijual mobil Suzuki Ertiga tahun 2015, pemakaian pribadi, kilometer rendah. Jaminan performa dan kenyamanan!	2022-07-18
624	35	106	Dijual mobil Honda Jazz tahun 2013, simbol kemewahan dan prestise. Pengalaman berkendara yang tak terlupakan!	2022-04-25
625	19	132	Dijual mobil Daihatsu Ayla tahun 2017, tampilan stylish dan performa tangguh. Siap temani petualanganmu!	2022-08-11
626	39	141	Dijual mobil Honda CR-V tahun 2016, tampilan stylish dan performa tangguh. Siap temani petualanganmu!	2022-12-24
627	1	32	Dijual mobil Toyota Yaris tahun 2016, kuat dan andal di segala medan. Cocok untuk petualangan di alam terbuka!	2022-06-21
628	38	83	Dijual mobil Honda CR-V tahun 2009, kondisi sangat terawat. Siap antar jalan-jalan keluarga!	2022-08-23
629	46	103	Dijual mobil Suzuki Ertiga tahun 2015, ruang interior luas untuk keluarga. Dijamin nyaman dan ekonomis!	2022-03-26
630	13	13	Dijual mobil Toyota Calya tahun 2017, desain kompak dengan fitur canggih. Solusi tepat untuk mobilitas perkotaan!	2022-11-02
631	14	89	Dijual mobil Toyota Calya tahun 2016, gabungan sempurna antara performa dan kemewahan. Pengalaman berkendara yang luar biasa!	2022-10-18
632	24	142	Dijual mobil Daihatsu Terios tahun 2017, pemakaian pribadi, kilometer rendah. Jaminan performa dan kenyamanan!	2022-09-13
633	37	13	Dijual mobil Honda CR-V tahun 2017, pemakaian pribadi, kilometer rendah. Jaminan performa dan kenyamanan!	2023-01-21
634	23	93	Dijual mobil Daihatsu Terios tahun 2019, pemakaian pribadi, kilometer rendah. Jaminan performa dan kenyamanan!	2022-03-11
635	21	131	Dijual mobil Daihatsu Terios tahun 2018, desain kompak dengan fitur canggih. Solusi tepat untuk mobilitas perkotaan!	2022-12-22
636	7	66	Dijual mobil Toyota Agya tahun 2014, tangguh dengan desain elegan. Siap menemani perjalananmu!	2022-08-28
637	6	53	Dijual mobil Toyota Agya tahun 2019, desain kompak dengan fitur canggih. Solusi tepat untuk mobilitas perkotaan!	2022-07-06
638	37	8	Dijual mobil Honda CR-V tahun 2017, pemakaian pribadi, kilometer rendah. Jaminan performa dan kenyamanan!	2022-11-17
639	31	26	Dijual mobil Honda Jazz tahun 2018, gabungan sempurna antara performa dan kemewahan. Pengalaman berkendara yang luar biasa!	2022-08-21
640	47	134	Dijual mobil Suzuki Ertiga tahun 2018, kondisi sangat terawat. Siap antar jalan-jalan keluarga!	2022-04-16
641	47	141	Dijual mobil Suzuki Ertiga tahun 2018, gabungan sempurna antara performa dan kemewahan. Pengalaman berkendara yang luar biasa!	2022-07-11
642	46	20	Dijual mobil Suzuki Ertiga tahun 2015, kondisi sangat terawat. Siap antar jalan-jalan keluarga!	2022-10-05
643	1	106	Dijual mobil Toyota Yaris tahun 2016, desain kompak dengan fitur canggih. Solusi tepat untuk mobilitas perkotaan!	2022-05-30
644	9	40	Dijual mobil Toyota Agya tahun 2022, desain kompak dengan fitur canggih. Solusi tepat untuk mobilitas perkotaan!	2022-06-20
645	47	11	Dijual mobil Suzuki Ertiga tahun 2018, desain kompak dengan fitur canggih. Solusi tepat untuk mobilitas perkotaan!	2023-01-27
646	5	106	Dijual mobil Toyota Yaris tahun 2012, tampilan stylish dan performa tangguh. Siap temani petualanganmu!	2022-06-27
647	27	53	Dijual mobil Daihatsu Xenia tahun 2022, ruang interior luas untuk keluarga. Dijamin nyaman dan ekonomis!	2022-03-25
648	9	40	Dijual mobil Toyota Agya tahun 2022, ruang interior luas untuk keluarga. Dijamin nyaman dan ekonomis!	2022-02-28
649	24	60	Dijual mobil Daihatsu Terios tahun 2017, kuat dan andal di segala medan. Cocok untuk petualangan di alam terbuka!	2022-07-31
650	48	18	Dijual mobil Suzuki Ertiga tahun 2016, pemakaian pribadi, kilometer rendah. Jaminan performa dan kenyamanan!	2022-08-10
651	49	27	Dijual mobil Suzuki Ertiga tahun 2012, kondisi sangat terawat. Siap antar jalan-jalan keluarga!	2022-07-10
652	48	52	Dijual mobil Suzuki Ertiga tahun 2016, gabungan sempurna antara performa dan kemewahan. Pengalaman berkendara yang luar biasa!	2022-12-26
653	38	3	Dijual mobil Honda CR-V tahun 2009, kondisi sangat terawat. Siap antar jalan-jalan keluarga!	2023-01-22
654	36	99	Dijual mobil Honda CR-V tahun 2018, pemakaian pribadi, kilometer rendah. Jaminan performa dan kenyamanan!	2022-09-18
655	33	11	Dijual mobil Honda Jazz tahun 2018, ruang interior luas untuk keluarga. Dijamin nyaman dan ekonomis!	2022-09-24
656	34	29	Dijual mobil Honda Jazz tahun 2015, tampilan stylish dan performa tangguh. Siap temani petualanganmu!	2022-03-23
657	2	120	Dijual mobil Toyota Yaris tahun 2018, pemakaian pribadi, kilometer rendah. Jaminan performa dan kenyamanan!	2022-04-24
658	35	22	Dijual mobil Honda Jazz tahun 2013, ruang interior luas untuk keluarga. Dijamin nyaman dan ekonomis!	2022-09-27
659	44	37	Dijual mobil Honda Civic tahun 2013, simbol kemewahan dan prestise. Pengalaman berkendara yang tak terlupakan!	2022-07-16
660	15	58	Dijual mobil Toyota Calya tahun 2016, pemakaian pribadi, kilometer rendah. Jaminan performa dan kenyamanan!	2022-11-14
661	4	149	Dijual mobil Toyota Yaris tahun 2020, pemakaian pribadi, kilometer rendah. Jaminan performa dan kenyamanan!	2022-03-15
662	12	86	Dijual mobil Toyota Calya tahun 2019, gaya modern dengan teknologi terkini. Dijamin memikat perhatian di jalan!	2023-01-27
663	5	35	Dijual mobil Toyota Yaris tahun 2012, desain kompak dengan fitur canggih. Solusi tepat untuk mobilitas perkotaan!	2022-08-01
664	38	74	Dijual mobil Honda CR-V tahun 2009, gaya modern dengan teknologi terkini. Dijamin memikat perhatian di jalan!	2022-03-15
665	17	126	Dijual mobil Daihatsu Ayla tahun 2019, gaya modern dengan teknologi terkini. Dijamin memikat perhatian di jalan!	2022-09-08
666	47	14	Dijual mobil Suzuki Ertiga tahun 2018, simbol kemewahan dan prestise. Pengalaman berkendara yang tak terlupakan!	2022-08-31
667	36	3	Dijual mobil Honda CR-V tahun 2018, ruang interior luas untuk keluarga. Dijamin nyaman dan ekonomis!	2023-02-09
668	46	69	Dijual mobil Suzuki Ertiga tahun 2015, tampilan stylish dan performa tangguh. Siap temani petualanganmu!	2022-04-16
669	11	75	Dijual mobil Toyota Calya tahun 2019, desain kompak dengan fitur canggih. Solusi tepat untuk mobilitas perkotaan!	2022-08-12
670	39	47	Dijual mobil Honda CR-V tahun 2016, tangguh dengan desain elegan. Siap menemani perjalananmu!	2023-01-08
671	40	111	Dijual mobil Honda CR-V tahun 2018, tangguh dengan desain elegan. Siap menemani perjalananmu!	2022-07-01
672	35	114	Dijual mobil Honda Jazz tahun 2013, kuat dan andal di segala medan. Cocok untuk petualangan di alam terbuka!	2022-11-29
673	34	34	Dijual mobil Honda Jazz tahun 2015, kuat dan andal di segala medan. Cocok untuk petualangan di alam terbuka!	2022-11-11
674	20	128	Dijual mobil Daihatsu Ayla tahun 2017, tampilan stylish dan performa tangguh. Siap temani petualanganmu!	2022-07-20
675	36	58	Dijual mobil Honda CR-V tahun 2018, pemakaian pribadi, kilometer rendah. Jaminan performa dan kenyamanan!	2022-12-13
676	11	101	Dijual mobil Toyota Calya tahun 2019, desain kompak dengan fitur canggih. Solusi tepat untuk mobilitas perkotaan!	2022-09-17
677	39	100	Dijual mobil Honda CR-V tahun 2016, pemakaian pribadi, kilometer rendah. Jaminan performa dan kenyamanan!	2022-04-25
678	25	63	Dijual mobil Daihatsu Terios tahun 2018, gaya modern dengan teknologi terkini. Dijamin memikat perhatian di jalan!	2022-11-13
679	39	21	Dijual mobil Honda CR-V tahun 2016, tangguh dengan desain elegan. Siap menemani perjalananmu!	2022-10-01
680	29	102	Dijual mobil Daihatsu Xenia tahun 2014, gaya modern dengan teknologi terkini. Dijamin memikat perhatian di jalan!	2022-12-04
681	33	3	Dijual mobil Honda Jazz tahun 2018, simbol kemewahan dan prestise. Pengalaman berkendara yang tak terlupakan!	2023-02-24
682	16	117	Dijual mobil Daihatsu Ayla tahun 2016, tangguh dengan desain elegan. Siap menemani perjalananmu!	2022-09-14
683	24	59	Dijual mobil Daihatsu Terios tahun 2017, kondisi sangat terawat. Siap antar jalan-jalan keluarga!	2022-06-27
684	15	51	Dijual mobil Toyota Calya tahun 2016, pemakaian pribadi, kilometer rendah. Jaminan performa dan kenyamanan!	2022-11-12
685	30	116	Dijual mobil Daihatsu Xenia tahun 2018, tangguh dengan desain elegan. Siap menemani perjalananmu!	2022-10-15
686	39	123	Dijual mobil Honda CR-V tahun 2016, ruang interior luas untuk keluarga. Dijamin nyaman dan ekonomis!	2022-07-29
687	3	143	Dijual mobil Toyota Yaris tahun 2014, simbol kemewahan dan prestise. Pengalaman berkendara yang tak terlupakan!	2022-10-30
688	1	31	Dijual mobil Toyota Yaris tahun 2016, simbol kemewahan dan prestise. Pengalaman berkendara yang tak terlupakan!	2022-07-03
689	5	40	Dijual mobil Toyota Yaris tahun 2012, desain kompak dengan fitur canggih. Solusi tepat untuk mobilitas perkotaan!	2023-02-04
690	21	109	Dijual mobil Daihatsu Terios tahun 2018, simbol kemewahan dan prestise. Pengalaman berkendara yang tak terlupakan!	2022-12-02
691	9	125	Dijual mobil Toyota Agya tahun 2022, kondisi sangat terawat. Siap antar jalan-jalan keluarga!	2022-04-17
692	44	28	Dijual mobil Honda Civic tahun 2013, desain kompak dengan fitur canggih. Solusi tepat untuk mobilitas perkotaan!	2022-09-13
693	23	110	Dijual mobil Daihatsu Terios tahun 2019, pemakaian pribadi, kilometer rendah. Jaminan performa dan kenyamanan!	2022-11-14
694	7	139	Dijual mobil Toyota Agya tahun 2014, gabungan sempurna antara performa dan kemewahan. Pengalaman berkendara yang luar biasa!	2022-07-13
695	24	116	Dijual mobil Daihatsu Terios tahun 2017, gabungan sempurna antara performa dan kemewahan. Pengalaman berkendara yang luar biasa!	2022-10-27
696	7	76	Dijual mobil Toyota Agya tahun 2014, ruang interior luas untuk keluarga. Dijamin nyaman dan ekonomis!	2022-07-18
697	37	5	Dijual mobil Honda CR-V tahun 2017, ruang interior luas untuk keluarga. Dijamin nyaman dan ekonomis!	2022-06-04
698	35	35	Dijual mobil Honda Jazz tahun 2013, pemakaian pribadi, kilometer rendah. Jaminan performa dan kenyamanan!	2022-08-13
699	1	47	Dijual mobil Toyota Yaris tahun 2016, gabungan sempurna antara performa dan kemewahan. Pengalaman berkendara yang luar biasa!	2022-03-20
700	4	117	Dijual mobil Toyota Yaris tahun 2020, kuat dan andal di segala medan. Cocok untuk petualangan di alam terbuka!	2022-11-09
701	7	53	Dijual mobil Toyota Agya tahun 2014, tampilan stylish dan performa tangguh. Siap temani petualanganmu!	2022-07-11
702	48	105	Dijual mobil Suzuki Ertiga tahun 2016, ruang interior luas untuk keluarga. Dijamin nyaman dan ekonomis!	2022-03-13
703	15	96	Dijual mobil Toyota Calya tahun 2016, kuat dan andal di segala medan. Cocok untuk petualangan di alam terbuka!	2022-04-16
704	48	73	Dijual mobil Suzuki Ertiga tahun 2016, desain kompak dengan fitur canggih. Solusi tepat untuk mobilitas perkotaan!	2022-10-22
705	1	39	Dijual mobil Toyota Yaris tahun 2016, tangguh dengan desain elegan. Siap menemani perjalananmu!	2023-01-16
706	29	141	Dijual mobil Daihatsu Xenia tahun 2014, kondisi sangat terawat. Siap antar jalan-jalan keluarga!	2023-01-23
707	40	19	Dijual mobil Honda CR-V tahun 2018, simbol kemewahan dan prestise. Pengalaman berkendara yang tak terlupakan!	2022-03-30
708	48	87	Dijual mobil Suzuki Ertiga tahun 2016, gabungan sempurna antara performa dan kemewahan. Pengalaman berkendara yang luar biasa!	2022-05-16
709	1	49	Dijual mobil Toyota Yaris tahun 2016, kondisi sangat terawat. Siap antar jalan-jalan keluarga!	2022-09-22
710	5	81	Dijual mobil Toyota Yaris tahun 2012, ruang interior luas untuk keluarga. Dijamin nyaman dan ekonomis!	2022-12-23
711	29	141	Dijual mobil Daihatsu Xenia tahun 2014, tangguh dengan desain elegan. Siap menemani perjalananmu!	2022-12-04
712	46	57	Dijual mobil Suzuki Ertiga tahun 2015, tampilan stylish dan performa tangguh. Siap temani petualanganmu!	2022-07-02
713	22	132	Dijual mobil Daihatsu Terios tahun 2022, kuat dan andal di segala medan. Cocok untuk petualangan di alam terbuka!	2022-09-26
714	17	93	Dijual mobil Daihatsu Ayla tahun 2019, gaya modern dengan teknologi terkini. Dijamin memikat perhatian di jalan!	2022-10-19
715	26	27	Dijual mobil Daihatsu Xenia tahun 2019, desain kompak dengan fitur canggih. Solusi tepat untuk mobilitas perkotaan!	2022-06-13
716	41	41	Dijual mobil Honda Civic tahun 2018, kuat dan andal di segala medan. Cocok untuk petualangan di alam terbuka!	2023-01-15
717	25	13	Dijual mobil Daihatsu Terios tahun 2018, kondisi sangat terawat. Siap antar jalan-jalan keluarga!	2022-11-27
718	41	100	Dijual mobil Honda Civic tahun 2018, simbol kemewahan dan prestise. Pengalaman berkendara yang tak terlupakan!	2022-12-05
719	26	17	Dijual mobil Daihatsu Xenia tahun 2019, ruang interior luas untuk keluarga. Dijamin nyaman dan ekonomis!	2023-02-16
720	46	72	Dijual mobil Suzuki Ertiga tahun 2015, gabungan sempurna antara performa dan kemewahan. Pengalaman berkendara yang luar biasa!	2023-02-21
721	47	103	Dijual mobil Suzuki Ertiga tahun 2018, desain kompak dengan fitur canggih. Solusi tepat untuk mobilitas perkotaan!	2022-07-08
722	8	126	Dijual mobil Toyota Agya tahun 2016, tangguh dengan desain elegan. Siap menemani perjalananmu!	2022-04-04
723	49	115	Dijual mobil Suzuki Ertiga tahun 2012, gaya modern dengan teknologi terkini. Dijamin memikat perhatian di jalan!	2022-08-28
724	3	147	Dijual mobil Toyota Yaris tahun 2014, tampilan stylish dan performa tangguh. Siap temani petualanganmu!	2022-09-04
725	8	43	Dijual mobil Toyota Agya tahun 2016, simbol kemewahan dan prestise. Pengalaman berkendara yang tak terlupakan!	2022-06-29
726	16	10	Dijual mobil Daihatsu Ayla tahun 2016, desain kompak dengan fitur canggih. Solusi tepat untuk mobilitas perkotaan!	2022-08-31
727	36	106	Dijual mobil Honda CR-V tahun 2018, pemakaian pribadi, kilometer rendah. Jaminan performa dan kenyamanan!	2023-01-16
728	46	96	Dijual mobil Suzuki Ertiga tahun 2015, ruang interior luas untuk keluarga. Dijamin nyaman dan ekonomis!	2022-03-03
729	15	73	Dijual mobil Toyota Calya tahun 2016, gaya modern dengan teknologi terkini. Dijamin memikat perhatian di jalan!	2022-03-26
730	18	104	Dijual mobil Daihatsu Ayla tahun 2015, tampilan stylish dan performa tangguh. Siap temani petualanganmu!	2022-11-22
731	26	14	Dijual mobil Daihatsu Xenia tahun 2019, pemakaian pribadi, kilometer rendah. Jaminan performa dan kenyamanan!	2022-05-16
732	30	56	Dijual mobil Daihatsu Xenia tahun 2018, tampilan stylish dan performa tangguh. Siap temani petualanganmu!	2022-10-14
733	12	129	Dijual mobil Toyota Calya tahun 2019, desain kompak dengan fitur canggih. Solusi tepat untuk mobilitas perkotaan!	2022-11-13
734	26	122	Dijual mobil Daihatsu Xenia tahun 2019, kondisi sangat terawat. Siap antar jalan-jalan keluarga!	2023-02-14
735	8	7	Dijual mobil Toyota Agya tahun 2016, desain kompak dengan fitur canggih. Solusi tepat untuk mobilitas perkotaan!	2022-05-21
736	50	15	Dijual mobil Suzuki Ertiga tahun 2018, gaya modern dengan teknologi terkini. Dijamin memikat perhatian di jalan!	2023-02-05
737	7	1	Dijual mobil Toyota Agya tahun 2014, pemakaian pribadi, kilometer rendah. Jaminan performa dan kenyamanan!	2022-11-21
738	4	28	Dijual mobil Toyota Yaris tahun 2020, kondisi sangat terawat. Siap antar jalan-jalan keluarga!	2022-10-02
739	27	106	Dijual mobil Daihatsu Xenia tahun 2022, kondisi sangat terawat. Siap antar jalan-jalan keluarga!	2022-03-09
740	4	18	Dijual mobil Toyota Yaris tahun 2020, gaya modern dengan teknologi terkini. Dijamin memikat perhatian di jalan!	2022-11-26
741	48	47	Dijual mobil Suzuki Ertiga tahun 2016, ruang interior luas untuk keluarga. Dijamin nyaman dan ekonomis!	2022-04-27
742	37	60	Dijual mobil Honda CR-V tahun 2017, kuat dan andal di segala medan. Cocok untuk petualangan di alam terbuka!	2022-09-03
743	43	131	Dijual mobil Honda Civic tahun 2013, gabungan sempurna antara performa dan kemewahan. Pengalaman berkendara yang luar biasa!	2022-05-01
744	35	32	Dijual mobil Honda Jazz tahun 2013, tampilan stylish dan performa tangguh. Siap temani petualanganmu!	2022-11-23
745	46	111	Dijual mobil Suzuki Ertiga tahun 2015, kuat dan andal di segala medan. Cocok untuk petualangan di alam terbuka!	2022-06-11
746	44	89	Dijual mobil Honda Civic tahun 2013, simbol kemewahan dan prestise. Pengalaman berkendara yang tak terlupakan!	2022-09-20
747	22	78	Dijual mobil Daihatsu Terios tahun 2022, kuat dan andal di segala medan. Cocok untuk petualangan di alam terbuka!	2022-06-12
748	18	109	Dijual mobil Daihatsu Ayla tahun 2015, gabungan sempurna antara performa dan kemewahan. Pengalaman berkendara yang luar biasa!	2022-03-28
749	12	54	Dijual mobil Toyota Calya tahun 2019, gabungan sempurna antara performa dan kemewahan. Pengalaman berkendara yang luar biasa!	2022-09-03
750	17	2	Dijual mobil Daihatsu Ayla tahun 2019, gaya modern dengan teknologi terkini. Dijamin memikat perhatian di jalan!	2022-08-27
751	33	72	Dijual mobil Honda Jazz tahun 2018, ruang interior luas untuk keluarga. Dijamin nyaman dan ekonomis!	2022-08-07
752	37	34	Dijual mobil Honda CR-V tahun 2017, pemakaian pribadi, kilometer rendah. Jaminan performa dan kenyamanan!	2022-07-18
753	17	59	Dijual mobil Daihatsu Ayla tahun 2019, simbol kemewahan dan prestise. Pengalaman berkendara yang tak terlupakan!	2023-01-05
754	28	116	Dijual mobil Daihatsu Xenia tahun 2017, kondisi sangat terawat. Siap antar jalan-jalan keluarga!	2022-07-19
755	15	126	Dijual mobil Toyota Calya tahun 2016, gabungan sempurna antara performa dan kemewahan. Pengalaman berkendara yang luar biasa!	2023-02-22
756	50	55	Dijual mobil Suzuki Ertiga tahun 2018, gabungan sempurna antara performa dan kemewahan. Pengalaman berkendara yang luar biasa!	2022-03-27
757	46	8	Dijual mobil Suzuki Ertiga tahun 2015, gabungan sempurna antara performa dan kemewahan. Pengalaman berkendara yang luar biasa!	2022-11-20
758	23	20	Dijual mobil Daihatsu Terios tahun 2019, ruang interior luas untuk keluarga. Dijamin nyaman dan ekonomis!	2022-09-19
759	33	53	Dijual mobil Honda Jazz tahun 2018, ruang interior luas untuk keluarga. Dijamin nyaman dan ekonomis!	2022-08-14
760	21	128	Dijual mobil Daihatsu Terios tahun 2018, simbol kemewahan dan prestise. Pengalaman berkendara yang tak terlupakan!	2022-10-17
761	16	55	Dijual mobil Daihatsu Ayla tahun 2016, pemakaian pribadi, kilometer rendah. Jaminan performa dan kenyamanan!	2022-03-18
762	21	6	Dijual mobil Daihatsu Terios tahun 2018, gabungan sempurna antara performa dan kemewahan. Pengalaman berkendara yang luar biasa!	2022-04-01
763	26	16	Dijual mobil Daihatsu Xenia tahun 2019, pemakaian pribadi, kilometer rendah. Jaminan performa dan kenyamanan!	2022-10-03
764	42	114	Dijual mobil Honda Civic tahun 2010, simbol kemewahan dan prestise. Pengalaman berkendara yang tak terlupakan!	2022-08-10
765	12	113	Dijual mobil Toyota Calya tahun 2019, kondisi sangat terawat. Siap antar jalan-jalan keluarga!	2022-10-03
766	7	107	Dijual mobil Toyota Agya tahun 2014, desain kompak dengan fitur canggih. Solusi tepat untuk mobilitas perkotaan!	2022-11-25
767	40	150	Dijual mobil Honda CR-V tahun 2018, tangguh dengan desain elegan. Siap menemani perjalananmu!	2022-12-07
768	27	102	Dijual mobil Daihatsu Xenia tahun 2022, tangguh dengan desain elegan. Siap menemani perjalananmu!	2023-02-24
769	38	57	Dijual mobil Honda CR-V tahun 2009, tangguh dengan desain elegan. Siap menemani perjalananmu!	2022-02-28
770	39	140	Dijual mobil Honda CR-V tahun 2016, kuat dan andal di segala medan. Cocok untuk petualangan di alam terbuka!	2022-08-04
771	1	140	Dijual mobil Toyota Yaris tahun 2016, kuat dan andal di segala medan. Cocok untuk petualangan di alam terbuka!	2023-01-21
772	48	111	Dijual mobil Suzuki Ertiga tahun 2016, tangguh dengan desain elegan. Siap menemani perjalananmu!	2022-07-21
773	25	51	Dijual mobil Daihatsu Terios tahun 2018, simbol kemewahan dan prestise. Pengalaman berkendara yang tak terlupakan!	2023-02-17
774	5	52	Dijual mobil Toyota Yaris tahun 2012, kondisi sangat terawat. Siap antar jalan-jalan keluarga!	2022-09-11
775	4	136	Dijual mobil Toyota Yaris tahun 2020, desain kompak dengan fitur canggih. Solusi tepat untuk mobilitas perkotaan!	2023-02-20
776	22	122	Dijual mobil Daihatsu Terios tahun 2022, gaya modern dengan teknologi terkini. Dijamin memikat perhatian di jalan!	2022-03-14
777	46	63	Dijual mobil Suzuki Ertiga tahun 2015, kuat dan andal di segala medan. Cocok untuk petualangan di alam terbuka!	2023-02-15
778	37	78	Dijual mobil Honda CR-V tahun 2017, kondisi sangat terawat. Siap antar jalan-jalan keluarga!	2022-11-20
779	42	102	Dijual mobil Honda Civic tahun 2010, gabungan sempurna antara performa dan kemewahan. Pengalaman berkendara yang luar biasa!	2022-05-01
780	17	138	Dijual mobil Daihatsu Ayla tahun 2019, ruang interior luas untuk keluarga. Dijamin nyaman dan ekonomis!	2022-11-03
781	50	45	Dijual mobil Suzuki Ertiga tahun 2018, desain kompak dengan fitur canggih. Solusi tepat untuk mobilitas perkotaan!	2023-01-07
782	13	97	Dijual mobil Toyota Calya tahun 2017, ruang interior luas untuk keluarga. Dijamin nyaman dan ekonomis!	2022-06-30
783	45	124	Dijual mobil Honda Civic tahun 2019, tangguh dengan desain elegan. Siap menemani perjalananmu!	2022-07-19
784	37	64	Dijual mobil Honda CR-V tahun 2017, kuat dan andal di segala medan. Cocok untuk petualangan di alam terbuka!	2022-10-28
785	1	142	Dijual mobil Toyota Yaris tahun 2016, desain kompak dengan fitur canggih. Solusi tepat untuk mobilitas perkotaan!	2022-07-08
786	29	51	Dijual mobil Daihatsu Xenia tahun 2014, tampilan stylish dan performa tangguh. Siap temani petualanganmu!	2022-08-05
787	28	17	Dijual mobil Daihatsu Xenia tahun 2017, ruang interior luas untuk keluarga. Dijamin nyaman dan ekonomis!	2022-06-27
788	19	68	Dijual mobil Daihatsu Ayla tahun 2017, kuat dan andal di segala medan. Cocok untuk petualangan di alam terbuka!	2022-12-23
789	25	126	Dijual mobil Daihatsu Terios tahun 2018, tampilan stylish dan performa tangguh. Siap temani petualanganmu!	2022-09-04
790	38	18	Dijual mobil Honda CR-V tahun 2009, tangguh dengan desain elegan. Siap menemani perjalananmu!	2022-08-22
791	21	74	Dijual mobil Daihatsu Terios tahun 2018, tampilan stylish dan performa tangguh. Siap temani petualanganmu!	2023-02-15
792	45	14	Dijual mobil Honda Civic tahun 2019, simbol kemewahan dan prestise. Pengalaman berkendara yang tak terlupakan!	2022-03-08
793	23	43	Dijual mobil Daihatsu Terios tahun 2019, gabungan sempurna antara performa dan kemewahan. Pengalaman berkendara yang luar biasa!	2022-03-04
794	46	104	Dijual mobil Suzuki Ertiga tahun 2015, tampilan stylish dan performa tangguh. Siap temani petualanganmu!	2022-10-10
795	49	18	Dijual mobil Suzuki Ertiga tahun 2012, kondisi sangat terawat. Siap antar jalan-jalan keluarga!	2022-10-31
796	33	130	Dijual mobil Honda Jazz tahun 2018, gaya modern dengan teknologi terkini. Dijamin memikat perhatian di jalan!	2022-10-24
797	24	94	Dijual mobil Daihatsu Terios tahun 2017, pemakaian pribadi, kilometer rendah. Jaminan performa dan kenyamanan!	2022-11-11
798	39	104	Dijual mobil Honda CR-V tahun 2016, kuat dan andal di segala medan. Cocok untuk petualangan di alam terbuka!	2022-07-15
799	38	35	Dijual mobil Honda CR-V tahun 2009, pemakaian pribadi, kilometer rendah. Jaminan performa dan kenyamanan!	2022-11-03
800	50	110	Dijual mobil Suzuki Ertiga tahun 2018, gabungan sempurna antara performa dan kemewahan. Pengalaman berkendara yang luar biasa!	2023-01-27
801	35	97	Dijual mobil Honda Jazz tahun 2013, gaya modern dengan teknologi terkini. Dijamin memikat perhatian di jalan!	2022-09-16
802	30	10	Dijual mobil Daihatsu Xenia tahun 2018, tangguh dengan desain elegan. Siap menemani perjalananmu!	2023-02-01
803	7	87	Dijual mobil Toyota Agya tahun 2014, desain kompak dengan fitur canggih. Solusi tepat untuk mobilitas perkotaan!	2022-10-10
804	13	43	Dijual mobil Toyota Calya tahun 2017, kondisi sangat terawat. Siap antar jalan-jalan keluarga!	2022-12-26
805	20	28	Dijual mobil Daihatsu Ayla tahun 2017, gabungan sempurna antara performa dan kemewahan. Pengalaman berkendara yang luar biasa!	2022-06-24
806	35	83	Dijual mobil Honda Jazz tahun 2013, pemakaian pribadi, kilometer rendah. Jaminan performa dan kenyamanan!	2023-02-06
807	46	135	Dijual mobil Suzuki Ertiga tahun 2015, tampilan stylish dan performa tangguh. Siap temani petualanganmu!	2022-03-16
808	5	108	Dijual mobil Toyota Yaris tahun 2012, tangguh dengan desain elegan. Siap menemani perjalananmu!	2023-01-15
809	38	1	Dijual mobil Honda CR-V tahun 2009, gaya modern dengan teknologi terkini. Dijamin memikat perhatian di jalan!	2022-05-04
810	30	62	Dijual mobil Daihatsu Xenia tahun 2018, tangguh dengan desain elegan. Siap menemani perjalananmu!	2022-11-23
811	16	101	Dijual mobil Daihatsu Ayla tahun 2016, tampilan stylish dan performa tangguh. Siap temani petualanganmu!	2023-02-06
812	14	149	Dijual mobil Toyota Calya tahun 2016, kuat dan andal di segala medan. Cocok untuk petualangan di alam terbuka!	2022-07-13
813	43	51	Dijual mobil Honda Civic tahun 2013, tampilan stylish dan performa tangguh. Siap temani petualanganmu!	2022-03-08
814	12	51	Dijual mobil Toyota Calya tahun 2019, tampilan stylish dan performa tangguh. Siap temani petualanganmu!	2022-06-18
815	37	80	Dijual mobil Honda CR-V tahun 2017, tangguh dengan desain elegan. Siap menemani perjalananmu!	2022-08-24
816	19	10	Dijual mobil Daihatsu Ayla tahun 2017, pemakaian pribadi, kilometer rendah. Jaminan performa dan kenyamanan!	2022-03-04
817	15	17	Dijual mobil Toyota Calya tahun 2016, pemakaian pribadi, kilometer rendah. Jaminan performa dan kenyamanan!	2022-04-24
818	26	25	Dijual mobil Daihatsu Xenia tahun 2019, pemakaian pribadi, kilometer rendah. Jaminan performa dan kenyamanan!	2022-10-27
819	37	143	Dijual mobil Honda CR-V tahun 2017, desain kompak dengan fitur canggih. Solusi tepat untuk mobilitas perkotaan!	2022-11-23
820	22	119	Dijual mobil Daihatsu Terios tahun 2022, kuat dan andal di segala medan. Cocok untuk petualangan di alam terbuka!	2023-02-06
821	9	14	Dijual mobil Toyota Agya tahun 2022, ruang interior luas untuk keluarga. Dijamin nyaman dan ekonomis!	2022-06-07
822	7	93	Dijual mobil Toyota Agya tahun 2014, desain kompak dengan fitur canggih. Solusi tepat untuk mobilitas perkotaan!	2022-04-27
823	46	137	Dijual mobil Suzuki Ertiga tahun 2015, tampilan stylish dan performa tangguh. Siap temani petualanganmu!	2023-01-31
824	10	93	Dijual mobil Toyota Agya tahun 2017, ruang interior luas untuk keluarga. Dijamin nyaman dan ekonomis!	2022-12-24
825	24	82	Dijual mobil Daihatsu Terios tahun 2017, pemakaian pribadi, kilometer rendah. Jaminan performa dan kenyamanan!	2022-08-31
826	31	103	Dijual mobil Honda Jazz tahun 2018, tampilan stylish dan performa tangguh. Siap temani petualanganmu!	2022-11-04
827	41	68	Dijual mobil Honda Civic tahun 2018, gaya modern dengan teknologi terkini. Dijamin memikat perhatian di jalan!	2022-11-12
828	39	30	Dijual mobil Honda CR-V tahun 2016, tangguh dengan desain elegan. Siap menemani perjalananmu!	2022-04-25
829	33	27	Dijual mobil Honda Jazz tahun 2018, ruang interior luas untuk keluarga. Dijamin nyaman dan ekonomis!	2022-03-06
830	44	119	Dijual mobil Honda Civic tahun 2013, simbol kemewahan dan prestise. Pengalaman berkendara yang tak terlupakan!	2023-02-08
831	1	28	Dijual mobil Toyota Yaris tahun 2016, gabungan sempurna antara performa dan kemewahan. Pengalaman berkendara yang luar biasa!	2022-06-13
832	4	121	Dijual mobil Toyota Yaris tahun 2020, ruang interior luas untuk keluarga. Dijamin nyaman dan ekonomis!	2022-09-25
833	21	5	Dijual mobil Daihatsu Terios tahun 2018, desain kompak dengan fitur canggih. Solusi tepat untuk mobilitas perkotaan!	2022-11-13
834	20	105	Dijual mobil Daihatsu Ayla tahun 2017, kuat dan andal di segala medan. Cocok untuk petualangan di alam terbuka!	2022-04-06
835	37	48	Dijual mobil Honda CR-V tahun 2017, desain kompak dengan fitur canggih. Solusi tepat untuk mobilitas perkotaan!	2022-10-08
836	44	59	Dijual mobil Honda Civic tahun 2013, kondisi sangat terawat. Siap antar jalan-jalan keluarga!	2022-08-31
837	6	15	Dijual mobil Toyota Agya tahun 2019, ruang interior luas untuk keluarga. Dijamin nyaman dan ekonomis!	2022-07-23
838	23	65	Dijual mobil Daihatsu Terios tahun 2019, gabungan sempurna antara performa dan kemewahan. Pengalaman berkendara yang luar biasa!	2022-10-18
839	39	92	Dijual mobil Honda CR-V tahun 2016, desain kompak dengan fitur canggih. Solusi tepat untuk mobilitas perkotaan!	2022-05-10
840	43	144	Dijual mobil Honda Civic tahun 2013, pemakaian pribadi, kilometer rendah. Jaminan performa dan kenyamanan!	2022-10-29
841	50	144	Dijual mobil Suzuki Ertiga tahun 2018, simbol kemewahan dan prestise. Pengalaman berkendara yang tak terlupakan!	2022-07-23
842	33	42	Dijual mobil Honda Jazz tahun 2018, simbol kemewahan dan prestise. Pengalaman berkendara yang tak terlupakan!	2023-01-22
843	24	31	Dijual mobil Daihatsu Terios tahun 2017, ruang interior luas untuk keluarga. Dijamin nyaman dan ekonomis!	2022-10-09
844	1	129	Dijual mobil Toyota Yaris tahun 2016, tangguh dengan desain elegan. Siap menemani perjalananmu!	2022-08-04
845	25	51	Dijual mobil Daihatsu Terios tahun 2018, kondisi sangat terawat. Siap antar jalan-jalan keluarga!	2022-11-12
846	7	116	Dijual mobil Toyota Agya tahun 2014, desain kompak dengan fitur canggih. Solusi tepat untuk mobilitas perkotaan!	2022-07-31
847	44	127	Dijual mobil Honda Civic tahun 2013, desain kompak dengan fitur canggih. Solusi tepat untuk mobilitas perkotaan!	2022-06-17
848	48	130	Dijual mobil Suzuki Ertiga tahun 2016, desain kompak dengan fitur canggih. Solusi tepat untuk mobilitas perkotaan!	2022-05-12
849	3	120	Dijual mobil Toyota Yaris tahun 2014, kondisi sangat terawat. Siap antar jalan-jalan keluarga!	2022-02-28
850	12	101	Dijual mobil Toyota Calya tahun 2019, kondisi sangat terawat. Siap antar jalan-jalan keluarga!	2022-04-24
851	4	21	Dijual mobil Toyota Yaris tahun 2020, ruang interior luas untuk keluarga. Dijamin nyaman dan ekonomis!	2022-05-19
852	48	149	Dijual mobil Suzuki Ertiga tahun 2016, gabungan sempurna antara performa dan kemewahan. Pengalaman berkendara yang luar biasa!	2022-12-27
853	2	21	Dijual mobil Toyota Yaris tahun 2018, ruang interior luas untuk keluarga. Dijamin nyaman dan ekonomis!	2022-08-14
854	41	117	Dijual mobil Honda Civic tahun 2018, ruang interior luas untuk keluarga. Dijamin nyaman dan ekonomis!	2022-05-18
855	1	56	Dijual mobil Toyota Yaris tahun 2016, gabungan sempurna antara performa dan kemewahan. Pengalaman berkendara yang luar biasa!	2022-03-08
856	31	53	Dijual mobil Honda Jazz tahun 2018, pemakaian pribadi, kilometer rendah. Jaminan performa dan kenyamanan!	2023-01-04
857	38	142	Dijual mobil Honda CR-V tahun 2009, kuat dan andal di segala medan. Cocok untuk petualangan di alam terbuka!	2022-08-26
858	30	39	Dijual mobil Daihatsu Xenia tahun 2018, tangguh dengan desain elegan. Siap menemani perjalananmu!	2022-06-17
859	4	6	Dijual mobil Toyota Yaris tahun 2020, kuat dan andal di segala medan. Cocok untuk petualangan di alam terbuka!	2022-11-15
860	48	101	Dijual mobil Suzuki Ertiga tahun 2016, desain kompak dengan fitur canggih. Solusi tepat untuk mobilitas perkotaan!	2023-02-04
861	47	12	Dijual mobil Suzuki Ertiga tahun 2018, kuat dan andal di segala medan. Cocok untuk petualangan di alam terbuka!	2022-10-28
862	43	110	Dijual mobil Honda Civic tahun 2013, tampilan stylish dan performa tangguh. Siap temani petualanganmu!	2022-11-03
863	11	69	Dijual mobil Toyota Calya tahun 2019, simbol kemewahan dan prestise. Pengalaman berkendara yang tak terlupakan!	2023-02-13
864	22	73	Dijual mobil Daihatsu Terios tahun 2022, kuat dan andal di segala medan. Cocok untuk petualangan di alam terbuka!	2022-08-25
865	39	39	Dijual mobil Honda CR-V tahun 2016, desain kompak dengan fitur canggih. Solusi tepat untuk mobilitas perkotaan!	2022-11-27
866	20	51	Dijual mobil Daihatsu Ayla tahun 2017, tangguh dengan desain elegan. Siap menemani perjalananmu!	2023-01-01
867	12	139	Dijual mobil Toyota Calya tahun 2019, kondisi sangat terawat. Siap antar jalan-jalan keluarga!	2022-11-17
868	41	120	Dijual mobil Honda Civic tahun 2018, pemakaian pribadi, kilometer rendah. Jaminan performa dan kenyamanan!	2022-03-21
869	13	51	Dijual mobil Toyota Calya tahun 2017, gaya modern dengan teknologi terkini. Dijamin memikat perhatian di jalan!	2022-12-14
870	27	83	Dijual mobil Daihatsu Xenia tahun 2022, ruang interior luas untuk keluarga. Dijamin nyaman dan ekonomis!	2022-06-15
871	25	125	Dijual mobil Daihatsu Terios tahun 2018, tangguh dengan desain elegan. Siap menemani perjalananmu!	2022-11-03
872	22	15	Dijual mobil Daihatsu Terios tahun 2022, pemakaian pribadi, kilometer rendah. Jaminan performa dan kenyamanan!	2022-10-26
873	49	35	Dijual mobil Suzuki Ertiga tahun 2012, tangguh dengan desain elegan. Siap menemani perjalananmu!	2022-04-25
874	5	133	Dijual mobil Toyota Yaris tahun 2012, tampilan stylish dan performa tangguh. Siap temani petualanganmu!	2022-05-03
875	6	9	Dijual mobil Toyota Agya tahun 2019, kuat dan andal di segala medan. Cocok untuk petualangan di alam terbuka!	2022-08-04
876	23	97	Dijual mobil Daihatsu Terios tahun 2019, kuat dan andal di segala medan. Cocok untuk petualangan di alam terbuka!	2022-07-15
877	1	81	Dijual mobil Toyota Yaris tahun 2016, simbol kemewahan dan prestise. Pengalaman berkendara yang tak terlupakan!	2022-03-31
878	26	139	Dijual mobil Daihatsu Xenia tahun 2019, tampilan stylish dan performa tangguh. Siap temani petualanganmu!	2022-07-04
879	29	125	Dijual mobil Daihatsu Xenia tahun 2014, gabungan sempurna antara performa dan kemewahan. Pengalaman berkendara yang luar biasa!	2022-03-16
880	13	25	Dijual mobil Toyota Calya tahun 2017, kondisi sangat terawat. Siap antar jalan-jalan keluarga!	2023-01-01
881	11	126	Dijual mobil Toyota Calya tahun 2019, ruang interior luas untuk keluarga. Dijamin nyaman dan ekonomis!	2022-05-01
882	22	64	Dijual mobil Daihatsu Terios tahun 2022, gaya modern dengan teknologi terkini. Dijamin memikat perhatian di jalan!	2022-03-17
883	17	8	Dijual mobil Daihatsu Ayla tahun 2019, pemakaian pribadi, kilometer rendah. Jaminan performa dan kenyamanan!	2022-09-29
884	45	75	Dijual mobil Honda Civic tahun 2019, tangguh dengan desain elegan. Siap menemani perjalananmu!	2023-02-05
885	30	28	Dijual mobil Daihatsu Xenia tahun 2018, ruang interior luas untuk keluarga. Dijamin nyaman dan ekonomis!	2023-02-18
886	4	9	Dijual mobil Toyota Yaris tahun 2020, ruang interior luas untuk keluarga. Dijamin nyaman dan ekonomis!	2022-07-05
887	39	82	Dijual mobil Honda CR-V tahun 2016, pemakaian pribadi, kilometer rendah. Jaminan performa dan kenyamanan!	2022-07-18
888	34	52	Dijual mobil Honda Jazz tahun 2015, gabungan sempurna antara performa dan kemewahan. Pengalaman berkendara yang luar biasa!	2022-09-21
889	38	66	Dijual mobil Honda CR-V tahun 2009, desain kompak dengan fitur canggih. Solusi tepat untuk mobilitas perkotaan!	2022-07-18
890	13	139	Dijual mobil Toyota Calya tahun 2017, kondisi sangat terawat. Siap antar jalan-jalan keluarga!	2022-11-05
891	36	141	Dijual mobil Honda CR-V tahun 2018, tampilan stylish dan performa tangguh. Siap temani petualanganmu!	2022-03-21
892	20	20	Dijual mobil Daihatsu Ayla tahun 2017, desain kompak dengan fitur canggih. Solusi tepat untuk mobilitas perkotaan!	2022-03-22
893	50	89	Dijual mobil Suzuki Ertiga tahun 2018, tangguh dengan desain elegan. Siap menemani perjalananmu!	2022-11-05
894	17	45	Dijual mobil Daihatsu Ayla tahun 2019, kondisi sangat terawat. Siap antar jalan-jalan keluarga!	2022-11-22
895	4	133	Dijual mobil Toyota Yaris tahun 2020, kondisi sangat terawat. Siap antar jalan-jalan keluarga!	2022-09-17
896	12	35	Dijual mobil Toyota Calya tahun 2019, pemakaian pribadi, kilometer rendah. Jaminan performa dan kenyamanan!	2022-09-28
897	22	113	Dijual mobil Daihatsu Terios tahun 2022, gaya modern dengan teknologi terkini. Dijamin memikat perhatian di jalan!	2022-11-15
898	26	95	Dijual mobil Daihatsu Xenia tahun 2019, desain kompak dengan fitur canggih. Solusi tepat untuk mobilitas perkotaan!	2022-12-13
899	21	134	Dijual mobil Daihatsu Terios tahun 2018, tangguh dengan desain elegan. Siap menemani perjalananmu!	2022-06-29
900	48	31	Dijual mobil Suzuki Ertiga tahun 2016, ruang interior luas untuk keluarga. Dijamin nyaman dan ekonomis!	2022-03-09
901	23	128	Dijual mobil Daihatsu Terios tahun 2019, tampilan stylish dan performa tangguh. Siap temani petualanganmu!	2022-05-16
902	18	63	Dijual mobil Daihatsu Ayla tahun 2015, ruang interior luas untuk keluarga. Dijamin nyaman dan ekonomis!	2023-01-17
903	32	139	Dijual mobil Honda Jazz tahun 2019, gabungan sempurna antara performa dan kemewahan. Pengalaman berkendara yang luar biasa!	2022-05-26
904	38	24	Dijual mobil Honda CR-V tahun 2009, ruang interior luas untuk keluarga. Dijamin nyaman dan ekonomis!	2023-01-16
905	6	25	Dijual mobil Toyota Agya tahun 2019, gaya modern dengan teknologi terkini. Dijamin memikat perhatian di jalan!	2022-10-25
906	26	133	Dijual mobil Daihatsu Xenia tahun 2019, kuat dan andal di segala medan. Cocok untuk petualangan di alam terbuka!	2022-10-02
907	22	36	Dijual mobil Daihatsu Terios tahun 2022, ruang interior luas untuk keluarga. Dijamin nyaman dan ekonomis!	2022-12-26
908	44	79	Dijual mobil Honda Civic tahun 2013, gaya modern dengan teknologi terkini. Dijamin memikat perhatian di jalan!	2022-08-08
909	11	6	Dijual mobil Toyota Calya tahun 2019, tampilan stylish dan performa tangguh. Siap temani petualanganmu!	2022-11-04
910	42	18	Dijual mobil Honda Civic tahun 2010, tampilan stylish dan performa tangguh. Siap temani petualanganmu!	2022-12-28
911	40	13	Dijual mobil Honda CR-V tahun 2018, gabungan sempurna antara performa dan kemewahan. Pengalaman berkendara yang luar biasa!	2022-09-21
912	11	29	Dijual mobil Toyota Calya tahun 2019, tampilan stylish dan performa tangguh. Siap temani petualanganmu!	2022-09-22
913	26	84	Dijual mobil Daihatsu Xenia tahun 2019, tangguh dengan desain elegan. Siap menemani perjalananmu!	2022-05-02
914	7	135	Dijual mobil Toyota Agya tahun 2014, gabungan sempurna antara performa dan kemewahan. Pengalaman berkendara yang luar biasa!	2023-01-21
915	35	28	Dijual mobil Honda Jazz tahun 2013, ruang interior luas untuk keluarga. Dijamin nyaman dan ekonomis!	2023-01-09
916	4	134	Dijual mobil Toyota Yaris tahun 2020, tampilan stylish dan performa tangguh. Siap temani petualanganmu!	2023-01-29
917	23	139	Dijual mobil Daihatsu Terios tahun 2019, gabungan sempurna antara performa dan kemewahan. Pengalaman berkendara yang luar biasa!	2022-06-27
918	5	51	Dijual mobil Toyota Yaris tahun 2012, pemakaian pribadi, kilometer rendah. Jaminan performa dan kenyamanan!	2023-02-20
919	14	58	Dijual mobil Toyota Calya tahun 2016, tampilan stylish dan performa tangguh. Siap temani petualanganmu!	2022-09-08
920	27	82	Dijual mobil Daihatsu Xenia tahun 2022, simbol kemewahan dan prestise. Pengalaman berkendara yang tak terlupakan!	2022-09-15
921	12	27	Dijual mobil Toyota Calya tahun 2019, simbol kemewahan dan prestise. Pengalaman berkendara yang tak terlupakan!	2022-09-09
922	50	45	Dijual mobil Suzuki Ertiga tahun 2018, simbol kemewahan dan prestise. Pengalaman berkendara yang tak terlupakan!	2022-06-29
923	3	40	Dijual mobil Toyota Yaris tahun 2014, tampilan stylish dan performa tangguh. Siap temani petualanganmu!	2022-02-26
924	42	42	Dijual mobil Honda Civic tahun 2010, pemakaian pribadi, kilometer rendah. Jaminan performa dan kenyamanan!	2022-11-24
925	8	58	Dijual mobil Toyota Agya tahun 2016, tampilan stylish dan performa tangguh. Siap temani petualanganmu!	2022-12-13
926	43	102	Dijual mobil Honda Civic tahun 2013, tampilan stylish dan performa tangguh. Siap temani petualanganmu!	2022-07-03
927	14	148	Dijual mobil Toyota Calya tahun 2016, kuat dan andal di segala medan. Cocok untuk petualangan di alam terbuka!	2023-01-18
928	23	145	Dijual mobil Daihatsu Terios tahun 2019, simbol kemewahan dan prestise. Pengalaman berkendara yang tak terlupakan!	2022-11-29
929	46	39	Dijual mobil Suzuki Ertiga tahun 2015, pemakaian pribadi, kilometer rendah. Jaminan performa dan kenyamanan!	2022-04-08
930	30	44	Dijual mobil Daihatsu Xenia tahun 2018, ruang interior luas untuk keluarga. Dijamin nyaman dan ekonomis!	2022-09-08
931	35	137	Dijual mobil Honda Jazz tahun 2013, gabungan sempurna antara performa dan kemewahan. Pengalaman berkendara yang luar biasa!	2022-06-16
932	31	134	Dijual mobil Honda Jazz tahun 2018, pemakaian pribadi, kilometer rendah. Jaminan performa dan kenyamanan!	2022-12-28
933	40	16	Dijual mobil Honda CR-V tahun 2018, gabungan sempurna antara performa dan kemewahan. Pengalaman berkendara yang luar biasa!	2023-01-01
934	12	8	Dijual mobil Toyota Calya tahun 2019, kondisi sangat terawat. Siap antar jalan-jalan keluarga!	2022-04-13
935	14	91	Dijual mobil Toyota Calya tahun 2016, desain kompak dengan fitur canggih. Solusi tepat untuk mobilitas perkotaan!	2022-09-01
936	15	66	Dijual mobil Toyota Calya tahun 2016, tampilan stylish dan performa tangguh. Siap temani petualanganmu!	2022-12-31
937	33	17	Dijual mobil Honda Jazz tahun 2018, desain kompak dengan fitur canggih. Solusi tepat untuk mobilitas perkotaan!	2022-05-31
938	49	27	Dijual mobil Suzuki Ertiga tahun 2012, simbol kemewahan dan prestise. Pengalaman berkendara yang tak terlupakan!	2022-11-09
939	2	82	Dijual mobil Toyota Yaris tahun 2018, tangguh dengan desain elegan. Siap menemani perjalananmu!	2022-02-25
940	20	131	Dijual mobil Daihatsu Ayla tahun 2017, ruang interior luas untuk keluarga. Dijamin nyaman dan ekonomis!	2022-03-28
941	48	95	Dijual mobil Suzuki Ertiga tahun 2016, simbol kemewahan dan prestise. Pengalaman berkendara yang tak terlupakan!	2022-06-14
942	2	60	Dijual mobil Toyota Yaris tahun 2018, simbol kemewahan dan prestise. Pengalaman berkendara yang tak terlupakan!	2022-11-28
943	47	92	Dijual mobil Suzuki Ertiga tahun 2018, tangguh dengan desain elegan. Siap menemani perjalananmu!	2022-08-07
944	21	29	Dijual mobil Daihatsu Terios tahun 2018, gaya modern dengan teknologi terkini. Dijamin memikat perhatian di jalan!	2022-05-18
945	16	65	Dijual mobil Daihatsu Ayla tahun 2016, desain kompak dengan fitur canggih. Solusi tepat untuk mobilitas perkotaan!	2022-09-03
946	4	67	Dijual mobil Toyota Yaris tahun 2020, ruang interior luas untuk keluarga. Dijamin nyaman dan ekonomis!	2022-04-18
947	48	91	Dijual mobil Suzuki Ertiga tahun 2016, desain kompak dengan fitur canggih. Solusi tepat untuk mobilitas perkotaan!	2022-10-25
948	36	138	Dijual mobil Honda CR-V tahun 2018, ruang interior luas untuk keluarga. Dijamin nyaman dan ekonomis!	2022-10-16
949	22	134	Dijual mobil Daihatsu Terios tahun 2022, tangguh dengan desain elegan. Siap menemani perjalananmu!	2022-07-01
950	12	90	Dijual mobil Toyota Calya tahun 2019, ruang interior luas untuk keluarga. Dijamin nyaman dan ekonomis!	2023-02-22
951	26	128	Dijual mobil Daihatsu Xenia tahun 2019, gaya modern dengan teknologi terkini. Dijamin memikat perhatian di jalan!	2022-11-15
952	43	112	Dijual mobil Honda Civic tahun 2013, tangguh dengan desain elegan. Siap menemani perjalananmu!	2022-12-14
953	15	30	Dijual mobil Toyota Calya tahun 2016, desain kompak dengan fitur canggih. Solusi tepat untuk mobilitas perkotaan!	2022-07-05
954	43	73	Dijual mobil Honda Civic tahun 2013, gaya modern dengan teknologi terkini. Dijamin memikat perhatian di jalan!	2022-07-26
955	20	116	Dijual mobil Daihatsu Ayla tahun 2017, gabungan sempurna antara performa dan kemewahan. Pengalaman berkendara yang luar biasa!	2022-06-08
956	5	147	Dijual mobil Toyota Yaris tahun 2012, simbol kemewahan dan prestise. Pengalaman berkendara yang tak terlupakan!	2022-03-14
957	6	35	Dijual mobil Toyota Agya tahun 2019, ruang interior luas untuk keluarga. Dijamin nyaman dan ekonomis!	2022-09-23
958	40	84	Dijual mobil Honda CR-V tahun 2018, gaya modern dengan teknologi terkini. Dijamin memikat perhatian di jalan!	2022-11-20
959	43	5	Dijual mobil Honda Civic tahun 2013, pemakaian pribadi, kilometer rendah. Jaminan performa dan kenyamanan!	2022-09-18
960	8	120	Dijual mobil Toyota Agya tahun 2016, pemakaian pribadi, kilometer rendah. Jaminan performa dan kenyamanan!	2023-02-17
961	24	17	Dijual mobil Daihatsu Terios tahun 2017, gabungan sempurna antara performa dan kemewahan. Pengalaman berkendara yang luar biasa!	2022-05-06
962	10	109	Dijual mobil Toyota Agya tahun 2017, gaya modern dengan teknologi terkini. Dijamin memikat perhatian di jalan!	2022-09-12
963	18	85	Dijual mobil Daihatsu Ayla tahun 2015, kondisi sangat terawat. Siap antar jalan-jalan keluarga!	2022-10-13
964	37	45	Dijual mobil Honda CR-V tahun 2017, pemakaian pribadi, kilometer rendah. Jaminan performa dan kenyamanan!	2022-07-11
965	12	41	Dijual mobil Toyota Calya tahun 2019, pemakaian pribadi, kilometer rendah. Jaminan performa dan kenyamanan!	2022-10-04
966	7	23	Dijual mobil Toyota Agya tahun 2014, kondisi sangat terawat. Siap antar jalan-jalan keluarga!	2022-09-24
967	46	115	Dijual mobil Suzuki Ertiga tahun 2015, kondisi sangat terawat. Siap antar jalan-jalan keluarga!	2022-05-15
968	17	127	Dijual mobil Daihatsu Ayla tahun 2019, pemakaian pribadi, kilometer rendah. Jaminan performa dan kenyamanan!	2022-08-30
969	45	7	Dijual mobil Honda Civic tahun 2019, gabungan sempurna antara performa dan kemewahan. Pengalaman berkendara yang luar biasa!	2023-02-18
970	7	128	Dijual mobil Toyota Agya tahun 2014, gaya modern dengan teknologi terkini. Dijamin memikat perhatian di jalan!	2022-10-05
971	24	79	Dijual mobil Daihatsu Terios tahun 2017, tangguh dengan desain elegan. Siap menemani perjalananmu!	2022-06-20
972	16	46	Dijual mobil Daihatsu Ayla tahun 2016, gabungan sempurna antara performa dan kemewahan. Pengalaman berkendara yang luar biasa!	2022-10-24
973	25	6	Dijual mobil Daihatsu Terios tahun 2018, kondisi sangat terawat. Siap antar jalan-jalan keluarga!	2022-06-16
974	8	56	Dijual mobil Toyota Agya tahun 2016, desain kompak dengan fitur canggih. Solusi tepat untuk mobilitas perkotaan!	2022-04-07
975	18	37	Dijual mobil Daihatsu Ayla tahun 2015, ruang interior luas untuk keluarga. Dijamin nyaman dan ekonomis!	2022-11-14
976	21	65	Dijual mobil Daihatsu Terios tahun 2018, pemakaian pribadi, kilometer rendah. Jaminan performa dan kenyamanan!	2022-06-25
977	3	49	Dijual mobil Toyota Yaris tahun 2014, gabungan sempurna antara performa dan kemewahan. Pengalaman berkendara yang luar biasa!	2022-06-17
978	25	73	Dijual mobil Daihatsu Terios tahun 2018, ruang interior luas untuk keluarga. Dijamin nyaman dan ekonomis!	2022-03-16
979	41	52	Dijual mobil Honda Civic tahun 2018, kuat dan andal di segala medan. Cocok untuk petualangan di alam terbuka!	2022-06-20
980	5	128	Dijual mobil Toyota Yaris tahun 2012, pemakaian pribadi, kilometer rendah. Jaminan performa dan kenyamanan!	2022-09-17
981	18	120	Dijual mobil Daihatsu Ayla tahun 2015, kuat dan andal di segala medan. Cocok untuk petualangan di alam terbuka!	2022-09-09
982	42	116	Dijual mobil Honda Civic tahun 2010, tangguh dengan desain elegan. Siap menemani perjalananmu!	2022-08-21
983	11	87	Dijual mobil Toyota Calya tahun 2019, kuat dan andal di segala medan. Cocok untuk petualangan di alam terbuka!	2022-08-15
984	38	149	Dijual mobil Honda CR-V tahun 2009, kuat dan andal di segala medan. Cocok untuk petualangan di alam terbuka!	2022-06-16
985	31	125	Dijual mobil Honda Jazz tahun 2018, tampilan stylish dan performa tangguh. Siap temani petualanganmu!	2022-06-17
986	22	84	Dijual mobil Daihatsu Terios tahun 2022, tangguh dengan desain elegan. Siap menemani perjalananmu!	2022-09-21
987	1	35	Dijual mobil Toyota Yaris tahun 2016, simbol kemewahan dan prestise. Pengalaman berkendara yang tak terlupakan!	2022-03-21
988	29	122	Dijual mobil Daihatsu Xenia tahun 2014, kuat dan andal di segala medan. Cocok untuk petualangan di alam terbuka!	2022-06-27
989	7	36	Dijual mobil Toyota Agya tahun 2014, kuat dan andal di segala medan. Cocok untuk petualangan di alam terbuka!	2023-01-27
990	9	32	Dijual mobil Toyota Agya tahun 2022, tampilan stylish dan performa tangguh. Siap temani petualanganmu!	2022-05-02
991	34	22	Dijual mobil Honda Jazz tahun 2015, gaya modern dengan teknologi terkini. Dijamin memikat perhatian di jalan!	2022-09-23
992	4	30	Dijual mobil Toyota Yaris tahun 2020, pemakaian pribadi, kilometer rendah. Jaminan performa dan kenyamanan!	2022-08-06
993	12	28	Dijual mobil Toyota Calya tahun 2019, gabungan sempurna antara performa dan kemewahan. Pengalaman berkendara yang luar biasa!	2022-08-27
994	24	31	Dijual mobil Daihatsu Terios tahun 2017, tampilan stylish dan performa tangguh. Siap temani petualanganmu!	2022-04-11
995	15	51	Dijual mobil Toyota Calya tahun 2016, ruang interior luas untuk keluarga. Dijamin nyaman dan ekonomis!	2022-04-17
996	32	28	Dijual mobil Honda Jazz tahun 2019, ruang interior luas untuk keluarga. Dijamin nyaman dan ekonomis!	2022-06-30
997	45	51	Dijual mobil Honda Civic tahun 2019, gabungan sempurna antara performa dan kemewahan. Pengalaman berkendara yang luar biasa!	2022-03-11
998	29	67	Dijual mobil Daihatsu Xenia tahun 2014, ruang interior luas untuk keluarga. Dijamin nyaman dan ekonomis!	2022-08-19
999	39	130	Dijual mobil Honda CR-V tahun 2016, tampilan stylish dan performa tangguh. Siap temani petualanganmu!	2022-04-24
1000	27	92	Dijual mobil Daihatsu Xenia tahun 2022, simbol kemewahan dan prestise. Pengalaman berkendara yang tak terlupakan!	2022-08-02
1001	38	82	Dijual mobil Honda CR-V tahun 2009, gabungan sempurna antara performa dan kemewahan. Pengalaman berkendara yang luar biasa!	2023-01-02
1002	4	54	Dijual mobil Toyota Yaris tahun 2020, kondisi sangat terawat. Siap antar jalan-jalan keluarga!	2022-12-13
1003	45	94	Dijual mobil Honda Civic tahun 2019, gabungan sempurna antara performa dan kemewahan. Pengalaman berkendara yang luar biasa!	2022-08-30
1004	3	42	Dijual mobil Toyota Yaris tahun 2014, simbol kemewahan dan prestise. Pengalaman berkendara yang tak terlupakan!	2022-11-02
1005	32	37	Dijual mobil Honda Jazz tahun 2019, kondisi sangat terawat. Siap antar jalan-jalan keluarga!	2023-02-13
1006	33	125	Dijual mobil Honda Jazz tahun 2018, pemakaian pribadi, kilometer rendah. Jaminan performa dan kenyamanan!	2023-01-11
1007	8	113	Dijual mobil Toyota Agya tahun 2016, gaya modern dengan teknologi terkini. Dijamin memikat perhatian di jalan!	2022-10-25
1008	25	52	Dijual mobil Daihatsu Terios tahun 2018, gabungan sempurna antara performa dan kemewahan. Pengalaman berkendara yang luar biasa!	2022-07-20
1009	9	66	Dijual mobil Toyota Agya tahun 2022, kuat dan andal di segala medan. Cocok untuk petualangan di alam terbuka!	2022-03-08
1010	31	109	Dijual mobil Honda Jazz tahun 2018, tangguh dengan desain elegan. Siap menemani perjalananmu!	2022-12-12
1011	7	46	Dijual mobil Toyota Agya tahun 2014, tangguh dengan desain elegan. Siap menemani perjalananmu!	2023-01-12
1012	13	36	Dijual mobil Toyota Calya tahun 2017, tampilan stylish dan performa tangguh. Siap temani petualanganmu!	2022-11-23
1013	5	64	Dijual mobil Toyota Yaris tahun 2012, simbol kemewahan dan prestise. Pengalaman berkendara yang tak terlupakan!	2022-06-27
1014	49	11	Dijual mobil Suzuki Ertiga tahun 2012, desain kompak dengan fitur canggih. Solusi tepat untuk mobilitas perkotaan!	2022-08-21
1015	40	50	Dijual mobil Honda CR-V tahun 2018, pemakaian pribadi, kilometer rendah. Jaminan performa dan kenyamanan!	2022-04-09
1016	8	113	Dijual mobil Toyota Agya tahun 2016, gaya modern dengan teknologi terkini. Dijamin memikat perhatian di jalan!	2023-01-28
1017	46	141	Dijual mobil Suzuki Ertiga tahun 2015, tampilan stylish dan performa tangguh. Siap temani petualanganmu!	2022-10-28
1018	1	70	Dijual mobil Toyota Yaris tahun 2016, tangguh dengan desain elegan. Siap menemani perjalananmu!	2023-02-20
1019	48	46	Dijual mobil Suzuki Ertiga tahun 2016, desain kompak dengan fitur canggih. Solusi tepat untuk mobilitas perkotaan!	2022-11-15
1020	30	76	Dijual mobil Daihatsu Xenia tahun 2018, gaya modern dengan teknologi terkini. Dijamin memikat perhatian di jalan!	2022-04-09
1021	33	113	Dijual mobil Honda Jazz tahun 2018, kondisi sangat terawat. Siap antar jalan-jalan keluarga!	2022-04-16
1022	24	97	Dijual mobil Daihatsu Terios tahun 2017, gaya modern dengan teknologi terkini. Dijamin memikat perhatian di jalan!	2022-11-06
1023	7	98	Dijual mobil Toyota Agya tahun 2014, tangguh dengan desain elegan. Siap menemani perjalananmu!	2022-12-13
1024	7	150	Dijual mobil Toyota Agya tahun 2014, tampilan stylish dan performa tangguh. Siap temani petualanganmu!	2022-10-19
1025	3	134	Dijual mobil Toyota Yaris tahun 2014, tangguh dengan desain elegan. Siap menemani perjalananmu!	2022-06-05
1026	40	117	Dijual mobil Honda CR-V tahun 2018, kuat dan andal di segala medan. Cocok untuk petualangan di alam terbuka!	2022-06-18
1027	50	78	Dijual mobil Suzuki Ertiga tahun 2018, kuat dan andal di segala medan. Cocok untuk petualangan di alam terbuka!	2022-06-06
1028	46	148	Dijual mobil Suzuki Ertiga tahun 2015, tampilan stylish dan performa tangguh. Siap temani petualanganmu!	2022-11-09
1029	30	54	Dijual mobil Daihatsu Xenia tahun 2018, tampilan stylish dan performa tangguh. Siap temani petualanganmu!	2022-08-19
1030	45	102	Dijual mobil Honda Civic tahun 2019, ruang interior luas untuk keluarga. Dijamin nyaman dan ekonomis!	2023-02-08
1031	40	54	Dijual mobil Honda CR-V tahun 2018, tangguh dengan desain elegan. Siap menemani perjalananmu!	2022-07-31
1032	12	22	Dijual mobil Toyota Calya tahun 2019, gabungan sempurna antara performa dan kemewahan. Pengalaman berkendara yang luar biasa!	2022-07-21
1033	47	79	Dijual mobil Suzuki Ertiga tahun 2018, kuat dan andal di segala medan. Cocok untuk petualangan di alam terbuka!	2022-03-07
1034	40	145	Dijual mobil Honda CR-V tahun 2018, ruang interior luas untuk keluarga. Dijamin nyaman dan ekonomis!	2022-03-02
1035	30	133	Dijual mobil Daihatsu Xenia tahun 2018, gabungan sempurna antara performa dan kemewahan. Pengalaman berkendara yang luar biasa!	2022-12-12
1036	3	124	Dijual mobil Toyota Yaris tahun 2014, gaya modern dengan teknologi terkini. Dijamin memikat perhatian di jalan!	2022-11-14
1037	45	43	Dijual mobil Honda Civic tahun 2019, gabungan sempurna antara performa dan kemewahan. Pengalaman berkendara yang luar biasa!	2022-10-28
1038	25	114	Dijual mobil Daihatsu Terios tahun 2018, kuat dan andal di segala medan. Cocok untuk petualangan di alam terbuka!	2022-09-11
1039	4	23	Dijual mobil Toyota Yaris tahun 2020, gaya modern dengan teknologi terkini. Dijamin memikat perhatian di jalan!	2022-09-02
1040	3	111	Dijual mobil Toyota Yaris tahun 2014, kuat dan andal di segala medan. Cocok untuk petualangan di alam terbuka!	2022-11-24
1041	41	105	Dijual mobil Honda Civic tahun 2018, kondisi sangat terawat. Siap antar jalan-jalan keluarga!	2022-05-25
1042	32	149	Dijual mobil Honda Jazz tahun 2019, kondisi sangat terawat. Siap antar jalan-jalan keluarga!	2022-10-31
1043	22	93	Dijual mobil Daihatsu Terios tahun 2022, gaya modern dengan teknologi terkini. Dijamin memikat perhatian di jalan!	2022-12-26
1044	45	104	Dijual mobil Honda Civic tahun 2019, simbol kemewahan dan prestise. Pengalaman berkendara yang tak terlupakan!	2022-07-23
1045	1	99	Dijual mobil Toyota Yaris tahun 2016, pemakaian pribadi, kilometer rendah. Jaminan performa dan kenyamanan!	2023-01-26
1046	20	30	Dijual mobil Daihatsu Ayla tahun 2017, kuat dan andal di segala medan. Cocok untuk petualangan di alam terbuka!	2022-08-16
1047	42	125	Dijual mobil Honda Civic tahun 2010, pemakaian pribadi, kilometer rendah. Jaminan performa dan kenyamanan!	2022-07-22
1048	50	106	Dijual mobil Suzuki Ertiga tahun 2018, ruang interior luas untuk keluarga. Dijamin nyaman dan ekonomis!	2022-08-29
1049	2	29	Dijual mobil Toyota Yaris tahun 2018, kuat dan andal di segala medan. Cocok untuk petualangan di alam terbuka!	2022-08-20
1050	19	104	Dijual mobil Daihatsu Ayla tahun 2017, gaya modern dengan teknologi terkini. Dijamin memikat perhatian di jalan!	2022-05-28
1051	17	66	Dijual mobil Daihatsu Ayla tahun 2019, kuat dan andal di segala medan. Cocok untuk petualangan di alam terbuka!	2022-07-04
1052	37	55	Dijual mobil Honda CR-V tahun 2017, pemakaian pribadi, kilometer rendah. Jaminan performa dan kenyamanan!	2022-11-01
1053	29	122	Dijual mobil Daihatsu Xenia tahun 2014, tangguh dengan desain elegan. Siap menemani perjalananmu!	2022-09-13
1054	46	113	Dijual mobil Suzuki Ertiga tahun 2015, gabungan sempurna antara performa dan kemewahan. Pengalaman berkendara yang luar biasa!	2022-10-15
1055	21	110	Dijual mobil Daihatsu Terios tahun 2018, ruang interior luas untuk keluarga. Dijamin nyaman dan ekonomis!	2022-12-23
1056	34	97	Dijual mobil Honda Jazz tahun 2015, kondisi sangat terawat. Siap antar jalan-jalan keluarga!	2022-09-26
1057	44	92	Dijual mobil Honda Civic tahun 2013, kondisi sangat terawat. Siap antar jalan-jalan keluarga!	2023-02-09
1058	34	148	Dijual mobil Honda Jazz tahun 2015, gabungan sempurna antara performa dan kemewahan. Pengalaman berkendara yang luar biasa!	2022-12-07
1059	19	59	Dijual mobil Daihatsu Ayla tahun 2017, tangguh dengan desain elegan. Siap menemani perjalananmu!	2022-11-01
1060	1	2	Dijual mobil Toyota Yaris tahun 2016, desain kompak dengan fitur canggih. Solusi tepat untuk mobilitas perkotaan!	2022-12-06
1061	37	43	Dijual mobil Honda CR-V tahun 2017, simbol kemewahan dan prestise. Pengalaman berkendara yang tak terlupakan!	2022-06-29
1062	1	140	Dijual mobil Toyota Yaris tahun 2016, tangguh dengan desain elegan. Siap menemani perjalananmu!	2022-05-14
1063	24	118	Dijual mobil Daihatsu Terios tahun 2017, kondisi sangat terawat. Siap antar jalan-jalan keluarga!	2023-01-30
1064	49	121	Dijual mobil Suzuki Ertiga tahun 2012, ruang interior luas untuk keluarga. Dijamin nyaman dan ekonomis!	2022-08-22
1065	10	19	Dijual mobil Toyota Agya tahun 2017, tampilan stylish dan performa tangguh. Siap temani petualanganmu!	2022-06-10
1066	9	70	Dijual mobil Toyota Agya tahun 2022, pemakaian pribadi, kilometer rendah. Jaminan performa dan kenyamanan!	2022-11-06
1067	48	82	Dijual mobil Suzuki Ertiga tahun 2016, ruang interior luas untuk keluarga. Dijamin nyaman dan ekonomis!	2022-11-08
1068	18	86	Dijual mobil Daihatsu Ayla tahun 2015, desain kompak dengan fitur canggih. Solusi tepat untuk mobilitas perkotaan!	2022-09-15
1069	40	122	Dijual mobil Honda CR-V tahun 2018, kuat dan andal di segala medan. Cocok untuk petualangan di alam terbuka!	2023-02-12
1070	5	66	Dijual mobil Toyota Yaris tahun 2012, ruang interior luas untuk keluarga. Dijamin nyaman dan ekonomis!	2022-12-14
1071	30	71	Dijual mobil Daihatsu Xenia tahun 2018, tangguh dengan desain elegan. Siap menemani perjalananmu!	2022-10-29
1072	49	66	Dijual mobil Suzuki Ertiga tahun 2012, gabungan sempurna antara performa dan kemewahan. Pengalaman berkendara yang luar biasa!	2023-01-01
1073	12	148	Dijual mobil Toyota Calya tahun 2019, kuat dan andal di segala medan. Cocok untuk petualangan di alam terbuka!	2022-10-21
1074	42	61	Dijual mobil Honda Civic tahun 2010, pemakaian pribadi, kilometer rendah. Jaminan performa dan kenyamanan!	2022-04-07
1075	38	80	Dijual mobil Honda CR-V tahun 2009, tangguh dengan desain elegan. Siap menemani perjalananmu!	2023-02-11
1076	38	145	Dijual mobil Honda CR-V tahun 2009, tampilan stylish dan performa tangguh. Siap temani petualanganmu!	2022-03-28
1077	4	23	Dijual mobil Toyota Yaris tahun 2020, gaya modern dengan teknologi terkini. Dijamin memikat perhatian di jalan!	2022-04-19
1078	21	114	Dijual mobil Daihatsu Terios tahun 2018, desain kompak dengan fitur canggih. Solusi tepat untuk mobilitas perkotaan!	2022-06-08
1079	20	87	Dijual mobil Daihatsu Ayla tahun 2017, gaya modern dengan teknologi terkini. Dijamin memikat perhatian di jalan!	2023-01-01
1080	30	87	Dijual mobil Daihatsu Xenia tahun 2018, tampilan stylish dan performa tangguh. Siap temani petualanganmu!	2022-03-04
1081	5	140	Dijual mobil Toyota Yaris tahun 2012, ruang interior luas untuk keluarga. Dijamin nyaman dan ekonomis!	2022-07-09
1082	49	84	Dijual mobil Suzuki Ertiga tahun 2012, pemakaian pribadi, kilometer rendah. Jaminan performa dan kenyamanan!	2022-08-22
1083	41	54	Dijual mobil Honda Civic tahun 2018, kondisi sangat terawat. Siap antar jalan-jalan keluarga!	2022-12-10
1084	33	103	Dijual mobil Honda Jazz tahun 2018, tangguh dengan desain elegan. Siap menemani perjalananmu!	2022-08-30
1085	28	30	Dijual mobil Daihatsu Xenia tahun 2017, gabungan sempurna antara performa dan kemewahan. Pengalaman berkendara yang luar biasa!	2022-11-07
1086	43	150	Dijual mobil Honda Civic tahun 2013, pemakaian pribadi, kilometer rendah. Jaminan performa dan kenyamanan!	2022-04-10
1087	15	87	Dijual mobil Toyota Calya tahun 2016, pemakaian pribadi, kilometer rendah. Jaminan performa dan kenyamanan!	2022-09-06
1088	37	69	Dijual mobil Honda CR-V tahun 2017, desain kompak dengan fitur canggih. Solusi tepat untuk mobilitas perkotaan!	2022-07-07
1089	34	143	Dijual mobil Honda Jazz tahun 2015, tangguh dengan desain elegan. Siap menemani perjalananmu!	2022-09-29
1090	7	116	Dijual mobil Toyota Agya tahun 2014, tangguh dengan desain elegan. Siap menemani perjalananmu!	2022-09-25
1091	18	84	Dijual mobil Daihatsu Ayla tahun 2015, gabungan sempurna antara performa dan kemewahan. Pengalaman berkendara yang luar biasa!	2022-03-15
1092	7	10	Dijual mobil Toyota Agya tahun 2014, simbol kemewahan dan prestise. Pengalaman berkendara yang tak terlupakan!	2022-08-14
1093	41	7	Dijual mobil Honda Civic tahun 2018, kondisi sangat terawat. Siap antar jalan-jalan keluarga!	2022-07-31
1094	10	69	Dijual mobil Toyota Agya tahun 2017, tampilan stylish dan performa tangguh. Siap temani petualanganmu!	2022-03-12
1095	13	105	Dijual mobil Toyota Calya tahun 2017, gaya modern dengan teknologi terkini. Dijamin memikat perhatian di jalan!	2022-07-11
1096	26	130	Dijual mobil Daihatsu Xenia tahun 2019, kuat dan andal di segala medan. Cocok untuk petualangan di alam terbuka!	2022-12-21
1097	49	122	Dijual mobil Suzuki Ertiga tahun 2012, gaya modern dengan teknologi terkini. Dijamin memikat perhatian di jalan!	2022-08-12
1098	41	149	Dijual mobil Honda Civic tahun 2018, kondisi sangat terawat. Siap antar jalan-jalan keluarga!	2022-06-27
1099	44	22	Dijual mobil Honda Civic tahun 2013, gaya modern dengan teknologi terkini. Dijamin memikat perhatian di jalan!	2022-12-31
1100	19	47	Dijual mobil Daihatsu Ayla tahun 2017, tampilan stylish dan performa tangguh. Siap temani petualanganmu!	2022-12-13
1101	11	125	Dijual mobil Toyota Calya tahun 2019, simbol kemewahan dan prestise. Pengalaman berkendara yang tak terlupakan!	2022-08-04
1102	47	99	Dijual mobil Suzuki Ertiga tahun 2018, tampilan stylish dan performa tangguh. Siap temani petualanganmu!	2022-07-03
1103	40	2	Dijual mobil Honda CR-V tahun 2018, tangguh dengan desain elegan. Siap menemani perjalananmu!	2022-11-05
1104	46	128	Dijual mobil Suzuki Ertiga tahun 2015, kondisi sangat terawat. Siap antar jalan-jalan keluarga!	2022-11-15
1105	32	127	Dijual mobil Honda Jazz tahun 2019, pemakaian pribadi, kilometer rendah. Jaminan performa dan kenyamanan!	2023-02-11
1106	43	113	Dijual mobil Honda Civic tahun 2013, pemakaian pribadi, kilometer rendah. Jaminan performa dan kenyamanan!	2022-12-01
1107	34	56	Dijual mobil Honda Jazz tahun 2015, kuat dan andal di segala medan. Cocok untuk petualangan di alam terbuka!	2022-07-25
1108	46	83	Dijual mobil Suzuki Ertiga tahun 2015, simbol kemewahan dan prestise. Pengalaman berkendara yang tak terlupakan!	2023-01-13
1109	25	59	Dijual mobil Daihatsu Terios tahun 2018, gaya modern dengan teknologi terkini. Dijamin memikat perhatian di jalan!	2022-09-10
1110	21	141	Dijual mobil Daihatsu Terios tahun 2018, desain kompak dengan fitur canggih. Solusi tepat untuk mobilitas perkotaan!	2022-04-10
1111	38	46	Dijual mobil Honda CR-V tahun 2009, tampilan stylish dan performa tangguh. Siap temani petualanganmu!	2022-07-24
1112	43	112	Dijual mobil Honda Civic tahun 2013, ruang interior luas untuk keluarga. Dijamin nyaman dan ekonomis!	2022-11-17
1113	35	66	Dijual mobil Honda Jazz tahun 2013, gaya modern dengan teknologi terkini. Dijamin memikat perhatian di jalan!	2022-05-02
1114	49	103	Dijual mobil Suzuki Ertiga tahun 2012, desain kompak dengan fitur canggih. Solusi tepat untuk mobilitas perkotaan!	2022-06-09
1115	26	97	Dijual mobil Daihatsu Xenia tahun 2019, simbol kemewahan dan prestise. Pengalaman berkendara yang tak terlupakan!	2022-09-27
1116	16	51	Dijual mobil Daihatsu Ayla tahun 2016, kondisi sangat terawat. Siap antar jalan-jalan keluarga!	2023-02-07
1117	18	21	Dijual mobil Daihatsu Ayla tahun 2015, gabungan sempurna antara performa dan kemewahan. Pengalaman berkendara yang luar biasa!	2022-03-28
1118	24	150	Dijual mobil Daihatsu Terios tahun 2017, pemakaian pribadi, kilometer rendah. Jaminan performa dan kenyamanan!	2022-12-29
1119	45	145	Dijual mobil Honda Civic tahun 2019, desain kompak dengan fitur canggih. Solusi tepat untuk mobilitas perkotaan!	2022-06-19
1120	33	69	Dijual mobil Honda Jazz tahun 2018, kuat dan andal di segala medan. Cocok untuk petualangan di alam terbuka!	2022-08-12
1121	10	83	Dijual mobil Toyota Agya tahun 2017, kondisi sangat terawat. Siap antar jalan-jalan keluarga!	2022-03-28
1122	23	120	Dijual mobil Daihatsu Terios tahun 2019, kondisi sangat terawat. Siap antar jalan-jalan keluarga!	2022-03-01
1123	1	26	Dijual mobil Toyota Yaris tahun 2016, kuat dan andal di segala medan. Cocok untuk petualangan di alam terbuka!	2022-03-23
1124	43	8	Dijual mobil Honda Civic tahun 2013, gaya modern dengan teknologi terkini. Dijamin memikat perhatian di jalan!	2022-08-05
1125	18	38	Dijual mobil Daihatsu Ayla tahun 2015, kondisi sangat terawat. Siap antar jalan-jalan keluarga!	2023-01-23
1126	48	144	Dijual mobil Suzuki Ertiga tahun 2016, pemakaian pribadi, kilometer rendah. Jaminan performa dan kenyamanan!	2022-11-01
1127	48	39	Dijual mobil Suzuki Ertiga tahun 2016, tangguh dengan desain elegan. Siap menemani perjalananmu!	2022-09-13
1128	17	73	Dijual mobil Daihatsu Ayla tahun 2019, ruang interior luas untuk keluarga. Dijamin nyaman dan ekonomis!	2022-10-23
1129	42	117	Dijual mobil Honda Civic tahun 2010, pemakaian pribadi, kilometer rendah. Jaminan performa dan kenyamanan!	2023-01-20
1130	30	58	Dijual mobil Daihatsu Xenia tahun 2018, desain kompak dengan fitur canggih. Solusi tepat untuk mobilitas perkotaan!	2022-10-02
1131	7	46	Dijual mobil Toyota Agya tahun 2014, kondisi sangat terawat. Siap antar jalan-jalan keluarga!	2022-08-05
1132	41	89	Dijual mobil Honda Civic tahun 2018, simbol kemewahan dan prestise. Pengalaman berkendara yang tak terlupakan!	2022-06-05
1133	12	91	Dijual mobil Toyota Calya tahun 2019, desain kompak dengan fitur canggih. Solusi tepat untuk mobilitas perkotaan!	2022-07-18
1134	4	24	Dijual mobil Toyota Yaris tahun 2020, desain kompak dengan fitur canggih. Solusi tepat untuk mobilitas perkotaan!	2022-11-07
1135	47	139	Dijual mobil Suzuki Ertiga tahun 2018, tampilan stylish dan performa tangguh. Siap temani petualanganmu!	2022-06-08
1136	1	15	Dijual mobil Toyota Yaris tahun 2016, desain kompak dengan fitur canggih. Solusi tepat untuk mobilitas perkotaan!	2022-02-27
1137	11	110	Dijual mobil Toyota Calya tahun 2019, gaya modern dengan teknologi terkini. Dijamin memikat perhatian di jalan!	2022-04-29
1138	43	89	Dijual mobil Honda Civic tahun 2013, gabungan sempurna antara performa dan kemewahan. Pengalaman berkendara yang luar biasa!	2022-07-14
1139	19	61	Dijual mobil Daihatsu Ayla tahun 2017, ruang interior luas untuk keluarga. Dijamin nyaman dan ekonomis!	2023-02-13
1140	28	73	Dijual mobil Daihatsu Xenia tahun 2017, kondisi sangat terawat. Siap antar jalan-jalan keluarga!	2023-01-24
1141	6	19	Dijual mobil Toyota Agya tahun 2019, gaya modern dengan teknologi terkini. Dijamin memikat perhatian di jalan!	2022-09-20
1142	7	108	Dijual mobil Toyota Agya tahun 2014, tampilan stylish dan performa tangguh. Siap temani petualanganmu!	2023-01-22
1143	9	126	Dijual mobil Toyota Agya tahun 2022, tangguh dengan desain elegan. Siap menemani perjalananmu!	2022-11-08
1144	18	49	Dijual mobil Daihatsu Ayla tahun 2015, pemakaian pribadi, kilometer rendah. Jaminan performa dan kenyamanan!	2022-10-11
1145	49	116	Dijual mobil Suzuki Ertiga tahun 2012, kuat dan andal di segala medan. Cocok untuk petualangan di alam terbuka!	2022-11-21
1146	10	15	Dijual mobil Toyota Agya tahun 2017, gaya modern dengan teknologi terkini. Dijamin memikat perhatian di jalan!	2023-02-04
1147	34	27	Dijual mobil Honda Jazz tahun 2015, gabungan sempurna antara performa dan kemewahan. Pengalaman berkendara yang luar biasa!	2022-09-19
1148	20	6	Dijual mobil Daihatsu Ayla tahun 2017, kondisi sangat terawat. Siap antar jalan-jalan keluarga!	2022-09-04
1149	5	65	Dijual mobil Toyota Yaris tahun 2012, gaya modern dengan teknologi terkini. Dijamin memikat perhatian di jalan!	2022-11-04
1150	20	110	Dijual mobil Daihatsu Ayla tahun 2017, simbol kemewahan dan prestise. Pengalaman berkendara yang tak terlupakan!	2022-08-28
1151	29	89	Dijual mobil Daihatsu Xenia tahun 2014, pemakaian pribadi, kilometer rendah. Jaminan performa dan kenyamanan!	2022-09-14
1152	1	72	Dijual mobil Toyota Yaris tahun 2016, gabungan sempurna antara performa dan kemewahan. Pengalaman berkendara yang luar biasa!	2022-08-04
1153	13	114	Dijual mobil Toyota Calya tahun 2017, ruang interior luas untuk keluarga. Dijamin nyaman dan ekonomis!	2022-06-30
1154	19	138	Dijual mobil Daihatsu Ayla tahun 2017, desain kompak dengan fitur canggih. Solusi tepat untuk mobilitas perkotaan!	2023-01-06
1155	10	39	Dijual mobil Toyota Agya tahun 2017, gabungan sempurna antara performa dan kemewahan. Pengalaman berkendara yang luar biasa!	2022-11-04
1156	10	110	Dijual mobil Toyota Agya tahun 2017, gaya modern dengan teknologi terkini. Dijamin memikat perhatian di jalan!	2022-04-17
1157	11	98	Dijual mobil Toyota Calya tahun 2019, gaya modern dengan teknologi terkini. Dijamin memikat perhatian di jalan!	2023-01-17
1158	15	106	Dijual mobil Toyota Calya tahun 2016, tangguh dengan desain elegan. Siap menemani perjalananmu!	2022-05-05
1159	36	92	Dijual mobil Honda CR-V tahun 2018, pemakaian pribadi, kilometer rendah. Jaminan performa dan kenyamanan!	2022-08-14
1160	30	51	Dijual mobil Daihatsu Xenia tahun 2018, gabungan sempurna antara performa dan kemewahan. Pengalaman berkendara yang luar biasa!	2022-03-19
1161	8	140	Dijual mobil Toyota Agya tahun 2016, tangguh dengan desain elegan. Siap menemani perjalananmu!	2022-08-31
1162	27	120	Dijual mobil Daihatsu Xenia tahun 2022, kondisi sangat terawat. Siap antar jalan-jalan keluarga!	2022-06-01
1163	32	69	Dijual mobil Honda Jazz tahun 2019, simbol kemewahan dan prestise. Pengalaman berkendara yang tak terlupakan!	2022-10-21
1164	23	13	Dijual mobil Daihatsu Terios tahun 2019, ruang interior luas untuk keluarga. Dijamin nyaman dan ekonomis!	2022-07-04
1165	49	110	Dijual mobil Suzuki Ertiga tahun 2012, desain kompak dengan fitur canggih. Solusi tepat untuk mobilitas perkotaan!	2023-01-29
1166	34	59	Dijual mobil Honda Jazz tahun 2015, desain kompak dengan fitur canggih. Solusi tepat untuk mobilitas perkotaan!	2022-08-12
1167	26	3	Dijual mobil Daihatsu Xenia tahun 2019, pemakaian pribadi, kilometer rendah. Jaminan performa dan kenyamanan!	2022-10-18
1168	28	95	Dijual mobil Daihatsu Xenia tahun 2017, tampilan stylish dan performa tangguh. Siap temani petualanganmu!	2022-07-26
1169	20	120	Dijual mobil Daihatsu Ayla tahun 2017, tangguh dengan desain elegan. Siap menemani perjalananmu!	2023-01-15
1170	49	75	Dijual mobil Suzuki Ertiga tahun 2012, desain kompak dengan fitur canggih. Solusi tepat untuk mobilitas perkotaan!	2023-02-06
1171	40	119	Dijual mobil Honda CR-V tahun 2018, gaya modern dengan teknologi terkini. Dijamin memikat perhatian di jalan!	2023-01-10
1172	7	107	Dijual mobil Toyota Agya tahun 2014, desain kompak dengan fitur canggih. Solusi tepat untuk mobilitas perkotaan!	2022-05-03
1173	40	13	Dijual mobil Honda CR-V tahun 2018, ruang interior luas untuk keluarga. Dijamin nyaman dan ekonomis!	2022-08-31
1174	3	20	Dijual mobil Toyota Yaris tahun 2014, gabungan sempurna antara performa dan kemewahan. Pengalaman berkendara yang luar biasa!	2022-08-01
1175	17	120	Dijual mobil Daihatsu Ayla tahun 2019, tangguh dengan desain elegan. Siap menemani perjalananmu!	2022-06-06
1176	38	38	Dijual mobil Honda CR-V tahun 2009, gabungan sempurna antara performa dan kemewahan. Pengalaman berkendara yang luar biasa!	2022-09-26
1177	1	49	Dijual mobil Toyota Yaris tahun 2016, tampilan stylish dan performa tangguh. Siap temani petualanganmu!	2022-07-20
1178	34	19	Dijual mobil Honda Jazz tahun 2015, gabungan sempurna antara performa dan kemewahan. Pengalaman berkendara yang luar biasa!	2023-01-07
1179	50	83	Dijual mobil Suzuki Ertiga tahun 2018, gabungan sempurna antara performa dan kemewahan. Pengalaman berkendara yang luar biasa!	2022-05-01
1180	6	132	Dijual mobil Toyota Agya tahun 2019, simbol kemewahan dan prestise. Pengalaman berkendara yang tak terlupakan!	2022-09-02
1181	16	69	Dijual mobil Daihatsu Ayla tahun 2016, tampilan stylish dan performa tangguh. Siap temani petualanganmu!	2022-05-18
1182	30	113	Dijual mobil Daihatsu Xenia tahun 2018, tampilan stylish dan performa tangguh. Siap temani petualanganmu!	2022-09-08
1183	5	139	Dijual mobil Toyota Yaris tahun 2012, tampilan stylish dan performa tangguh. Siap temani petualanganmu!	2022-08-17
1184	37	73	Dijual mobil Honda CR-V tahun 2017, pemakaian pribadi, kilometer rendah. Jaminan performa dan kenyamanan!	2023-01-27
1185	14	132	Dijual mobil Toyota Calya tahun 2016, gabungan sempurna antara performa dan kemewahan. Pengalaman berkendara yang luar biasa!	2022-09-04
1186	34	73	Dijual mobil Honda Jazz tahun 2015, tampilan stylish dan performa tangguh. Siap temani petualanganmu!	2022-11-17
1187	10	35	Dijual mobil Toyota Agya tahun 2017, tampilan stylish dan performa tangguh. Siap temani petualanganmu!	2022-08-30
1188	47	23	Dijual mobil Suzuki Ertiga tahun 2018, tangguh dengan desain elegan. Siap menemani perjalananmu!	2022-12-04
1189	32	65	Dijual mobil Honda Jazz tahun 2019, tampilan stylish dan performa tangguh. Siap temani petualanganmu!	2022-04-17
1190	8	29	Dijual mobil Toyota Agya tahun 2016, ruang interior luas untuk keluarga. Dijamin nyaman dan ekonomis!	2022-05-29
1191	35	105	Dijual mobil Honda Jazz tahun 2013, gabungan sempurna antara performa dan kemewahan. Pengalaman berkendara yang luar biasa!	2022-07-09
1192	6	28	Dijual mobil Toyota Agya tahun 2019, kondisi sangat terawat. Siap antar jalan-jalan keluarga!	2023-02-07
1193	34	63	Dijual mobil Honda Jazz tahun 2015, tampilan stylish dan performa tangguh. Siap temani petualanganmu!	2022-03-01
1194	12	36	Dijual mobil Toyota Calya tahun 2019, simbol kemewahan dan prestise. Pengalaman berkendara yang tak terlupakan!	2022-06-24
1195	16	125	Dijual mobil Daihatsu Ayla tahun 2016, ruang interior luas untuk keluarga. Dijamin nyaman dan ekonomis!	2022-05-24
1196	8	62	Dijual mobil Toyota Agya tahun 2016, gaya modern dengan teknologi terkini. Dijamin memikat perhatian di jalan!	2022-12-02
1197	6	130	Dijual mobil Toyota Agya tahun 2019, gaya modern dengan teknologi terkini. Dijamin memikat perhatian di jalan!	2022-04-06
1198	27	91	Dijual mobil Daihatsu Xenia tahun 2022, ruang interior luas untuk keluarga. Dijamin nyaman dan ekonomis!	2022-12-22
1199	20	9	Dijual mobil Daihatsu Ayla tahun 2017, tangguh dengan desain elegan. Siap menemani perjalananmu!	2022-03-04
1200	21	8	Dijual mobil Daihatsu Terios tahun 2018, gabungan sempurna antara performa dan kemewahan. Pengalaman berkendara yang luar biasa!	2022-03-13
1201	8	67	Dijual mobil Toyota Agya tahun 2016, pemakaian pribadi, kilometer rendah. Jaminan performa dan kenyamanan!	2022-03-27
1202	28	5	Dijual mobil Daihatsu Xenia tahun 2017, desain kompak dengan fitur canggih. Solusi tepat untuk mobilitas perkotaan!	2022-04-11
1203	23	2	Dijual mobil Daihatsu Terios tahun 2019, ruang interior luas untuk keluarga. Dijamin nyaman dan ekonomis!	2022-11-30
1204	16	149	Dijual mobil Daihatsu Ayla tahun 2016, tampilan stylish dan performa tangguh. Siap temani petualanganmu!	2022-11-17
1205	12	49	Dijual mobil Toyota Calya tahun 2019, tangguh dengan desain elegan. Siap menemani perjalananmu!	2022-06-06
1206	3	7	Dijual mobil Toyota Yaris tahun 2014, kuat dan andal di segala medan. Cocok untuk petualangan di alam terbuka!	2022-12-21
1207	6	98	Dijual mobil Toyota Agya tahun 2019, kuat dan andal di segala medan. Cocok untuk petualangan di alam terbuka!	2022-08-19
1208	30	147	Dijual mobil Daihatsu Xenia tahun 2018, tangguh dengan desain elegan. Siap menemani perjalananmu!	2023-01-20
1209	22	64	Dijual mobil Daihatsu Terios tahun 2022, ruang interior luas untuk keluarga. Dijamin nyaman dan ekonomis!	2022-08-23
1210	34	123	Dijual mobil Honda Jazz tahun 2015, simbol kemewahan dan prestise. Pengalaman berkendara yang tak terlupakan!	2022-05-17
1211	48	143	Dijual mobil Suzuki Ertiga tahun 2016, gaya modern dengan teknologi terkini. Dijamin memikat perhatian di jalan!	2022-05-12
1212	37	125	Dijual mobil Honda CR-V tahun 2017, kondisi sangat terawat. Siap antar jalan-jalan keluarga!	2022-11-19
1213	7	3	Dijual mobil Toyota Agya tahun 2014, gabungan sempurna antara performa dan kemewahan. Pengalaman berkendara yang luar biasa!	2022-12-22
1214	36	115	Dijual mobil Honda CR-V tahun 2018, tangguh dengan desain elegan. Siap menemani perjalananmu!	2022-06-22
1215	23	71	Dijual mobil Daihatsu Terios tahun 2019, kondisi sangat terawat. Siap antar jalan-jalan keluarga!	2022-08-10
1216	8	52	Dijual mobil Toyota Agya tahun 2016, desain kompak dengan fitur canggih. Solusi tepat untuk mobilitas perkotaan!	2023-02-14
1217	29	36	Dijual mobil Daihatsu Xenia tahun 2014, gabungan sempurna antara performa dan kemewahan. Pengalaman berkendara yang luar biasa!	2022-07-01
1218	49	90	Dijual mobil Suzuki Ertiga tahun 2012, kondisi sangat terawat. Siap antar jalan-jalan keluarga!	2022-03-26
1219	3	91	Dijual mobil Toyota Yaris tahun 2014, gabungan sempurna antara performa dan kemewahan. Pengalaman berkendara yang luar biasa!	2023-02-04
1220	39	80	Dijual mobil Honda CR-V tahun 2016, pemakaian pribadi, kilometer rendah. Jaminan performa dan kenyamanan!	2022-10-12
1221	47	37	Dijual mobil Suzuki Ertiga tahun 2018, simbol kemewahan dan prestise. Pengalaman berkendara yang tak terlupakan!	2022-10-05
1222	50	64	Dijual mobil Suzuki Ertiga tahun 2018, simbol kemewahan dan prestise. Pengalaman berkendara yang tak terlupakan!	2022-03-21
1223	12	20	Dijual mobil Toyota Calya tahun 2019, gabungan sempurna antara performa dan kemewahan. Pengalaman berkendara yang luar biasa!	2022-04-18
1224	20	69	Dijual mobil Daihatsu Ayla tahun 2017, kondisi sangat terawat. Siap antar jalan-jalan keluarga!	2022-07-09
1225	40	61	Dijual mobil Honda CR-V tahun 2018, kondisi sangat terawat. Siap antar jalan-jalan keluarga!	2022-07-23
1226	26	53	Dijual mobil Daihatsu Xenia tahun 2019, pemakaian pribadi, kilometer rendah. Jaminan performa dan kenyamanan!	2022-08-05
1227	27	87	Dijual mobil Daihatsu Xenia tahun 2022, gabungan sempurna antara performa dan kemewahan. Pengalaman berkendara yang luar biasa!	2022-08-19
1228	42	133	Dijual mobil Honda Civic tahun 2010, gaya modern dengan teknologi terkini. Dijamin memikat perhatian di jalan!	2023-02-22
1229	50	72	Dijual mobil Suzuki Ertiga tahun 2018, gaya modern dengan teknologi terkini. Dijamin memikat perhatian di jalan!	2022-12-24
1230	31	136	Dijual mobil Honda Jazz tahun 2018, kondisi sangat terawat. Siap antar jalan-jalan keluarga!	2022-05-31
1231	26	43	Dijual mobil Daihatsu Xenia tahun 2019, pemakaian pribadi, kilometer rendah. Jaminan performa dan kenyamanan!	2022-06-26
1232	35	15	Dijual mobil Honda Jazz tahun 2013, pemakaian pribadi, kilometer rendah. Jaminan performa dan kenyamanan!	2022-11-06
1233	33	137	Dijual mobil Honda Jazz tahun 2018, kuat dan andal di segala medan. Cocok untuk petualangan di alam terbuka!	2022-11-21
1234	41	141	Dijual mobil Honda Civic tahun 2018, ruang interior luas untuk keluarga. Dijamin nyaman dan ekonomis!	2023-01-14
1235	48	113	Dijual mobil Suzuki Ertiga tahun 2016, tampilan stylish dan performa tangguh. Siap temani petualanganmu!	2022-05-05
1236	6	109	Dijual mobil Toyota Agya tahun 2019, kuat dan andal di segala medan. Cocok untuk petualangan di alam terbuka!	2022-11-10
1237	3	19	Dijual mobil Toyota Yaris tahun 2014, gaya modern dengan teknologi terkini. Dijamin memikat perhatian di jalan!	2022-05-05
1238	24	74	Dijual mobil Daihatsu Terios tahun 2017, pemakaian pribadi, kilometer rendah. Jaminan performa dan kenyamanan!	2022-05-13
1239	41	35	Dijual mobil Honda Civic tahun 2018, kondisi sangat terawat. Siap antar jalan-jalan keluarga!	2022-09-03
1240	2	94	Dijual mobil Toyota Yaris tahun 2018, desain kompak dengan fitur canggih. Solusi tepat untuk mobilitas perkotaan!	2022-12-10
1241	47	104	Dijual mobil Suzuki Ertiga tahun 2018, tampilan stylish dan performa tangguh. Siap temani petualanganmu!	2022-07-07
1242	5	4	Dijual mobil Toyota Yaris tahun 2012, gabungan sempurna antara performa dan kemewahan. Pengalaman berkendara yang luar biasa!	2023-01-28
1243	34	143	Dijual mobil Honda Jazz tahun 2015, ruang interior luas untuk keluarga. Dijamin nyaman dan ekonomis!	2022-07-01
1244	37	126	Dijual mobil Honda CR-V tahun 2017, ruang interior luas untuk keluarga. Dijamin nyaman dan ekonomis!	2023-02-03
1245	37	63	Dijual mobil Honda CR-V tahun 2017, gabungan sempurna antara performa dan kemewahan. Pengalaman berkendara yang luar biasa!	2022-04-03
1246	42	98	Dijual mobil Honda Civic tahun 2010, tampilan stylish dan performa tangguh. Siap temani petualanganmu!	2022-04-03
1247	28	135	Dijual mobil Daihatsu Xenia tahun 2017, kuat dan andal di segala medan. Cocok untuk petualangan di alam terbuka!	2022-06-16
1248	17	125	Dijual mobil Daihatsu Ayla tahun 2019, gabungan sempurna antara performa dan kemewahan. Pengalaman berkendara yang luar biasa!	2022-04-30
1249	8	42	Dijual mobil Toyota Agya tahun 2016, ruang interior luas untuk keluarga. Dijamin nyaman dan ekonomis!	2022-12-06
1250	7	71	Dijual mobil Toyota Agya tahun 2014, ruang interior luas untuk keluarga. Dijamin nyaman dan ekonomis!	2022-12-03
1251	9	137	Dijual mobil Toyota Agya tahun 2022, ruang interior luas untuk keluarga. Dijamin nyaman dan ekonomis!	2023-02-02
1252	26	73	Dijual mobil Daihatsu Xenia tahun 2019, tampilan stylish dan performa tangguh. Siap temani petualanganmu!	2022-07-28
1253	12	24	Dijual mobil Toyota Calya tahun 2019, simbol kemewahan dan prestise. Pengalaman berkendara yang tak terlupakan!	2022-11-13
1254	34	74	Dijual mobil Honda Jazz tahun 2015, kuat dan andal di segala medan. Cocok untuk petualangan di alam terbuka!	2022-08-07
1255	26	104	Dijual mobil Daihatsu Xenia tahun 2019, kondisi sangat terawat. Siap antar jalan-jalan keluarga!	2022-03-09
1256	30	42	Dijual mobil Daihatsu Xenia tahun 2018, gabungan sempurna antara performa dan kemewahan. Pengalaman berkendara yang luar biasa!	2022-08-31
1257	1	112	Dijual mobil Toyota Yaris tahun 2016, desain kompak dengan fitur canggih. Solusi tepat untuk mobilitas perkotaan!	2023-01-31
1258	49	14	Dijual mobil Suzuki Ertiga tahun 2012, kondisi sangat terawat. Siap antar jalan-jalan keluarga!	2022-03-23
1259	42	68	Dijual mobil Honda Civic tahun 2010, tangguh dengan desain elegan. Siap menemani perjalananmu!	2022-03-03
1260	20	45	Dijual mobil Daihatsu Ayla tahun 2017, gaya modern dengan teknologi terkini. Dijamin memikat perhatian di jalan!	2023-02-08
1261	24	15	Dijual mobil Daihatsu Terios tahun 2017, tangguh dengan desain elegan. Siap menemani perjalananmu!	2022-03-19
1262	33	88	Dijual mobil Honda Jazz tahun 2018, tangguh dengan desain elegan. Siap menemani perjalananmu!	2022-07-27
1263	42	92	Dijual mobil Honda Civic tahun 2010, ruang interior luas untuk keluarga. Dijamin nyaman dan ekonomis!	2022-11-29
1264	20	53	Dijual mobil Daihatsu Ayla tahun 2017, tampilan stylish dan performa tangguh. Siap temani petualanganmu!	2022-12-28
1265	6	60	Dijual mobil Toyota Agya tahun 2019, gabungan sempurna antara performa dan kemewahan. Pengalaman berkendara yang luar biasa!	2022-11-07
1266	46	81	Dijual mobil Suzuki Ertiga tahun 2015, tangguh dengan desain elegan. Siap menemani perjalananmu!	2022-03-24
1267	40	14	Dijual mobil Honda CR-V tahun 2018, gaya modern dengan teknologi terkini. Dijamin memikat perhatian di jalan!	2022-05-01
1268	26	145	Dijual mobil Daihatsu Xenia tahun 2019, gaya modern dengan teknologi terkini. Dijamin memikat perhatian di jalan!	2022-06-09
1269	13	127	Dijual mobil Toyota Calya tahun 2017, tampilan stylish dan performa tangguh. Siap temani petualanganmu!	2022-10-16
1270	2	17	Dijual mobil Toyota Yaris tahun 2018, kuat dan andal di segala medan. Cocok untuk petualangan di alam terbuka!	2022-11-30
1271	49	73	Dijual mobil Suzuki Ertiga tahun 2012, simbol kemewahan dan prestise. Pengalaman berkendara yang tak terlupakan!	2023-01-29
1272	17	30	Dijual mobil Daihatsu Ayla tahun 2019, pemakaian pribadi, kilometer rendah. Jaminan performa dan kenyamanan!	2022-04-20
1273	2	130	Dijual mobil Toyota Yaris tahun 2018, simbol kemewahan dan prestise. Pengalaman berkendara yang tak terlupakan!	2022-10-19
1274	47	69	Dijual mobil Suzuki Ertiga tahun 2018, tampilan stylish dan performa tangguh. Siap temani petualanganmu!	2022-10-26
1275	25	13	Dijual mobil Daihatsu Terios tahun 2018, kuat dan andal di segala medan. Cocok untuk petualangan di alam terbuka!	2022-09-11
1276	6	14	Dijual mobil Toyota Agya tahun 2019, ruang interior luas untuk keluarga. Dijamin nyaman dan ekonomis!	2022-12-04
1277	17	4	Dijual mobil Daihatsu Ayla tahun 2019, kondisi sangat terawat. Siap antar jalan-jalan keluarga!	2022-12-04
1278	48	118	Dijual mobil Suzuki Ertiga tahun 2016, tangguh dengan desain elegan. Siap menemani perjalananmu!	2022-08-06
1279	42	80	Dijual mobil Honda Civic tahun 2010, gaya modern dengan teknologi terkini. Dijamin memikat perhatian di jalan!	2022-07-16
1280	37	27	Dijual mobil Honda CR-V tahun 2017, tangguh dengan desain elegan. Siap menemani perjalananmu!	2022-04-16
1281	19	65	Dijual mobil Daihatsu Ayla tahun 2017, tampilan stylish dan performa tangguh. Siap temani petualanganmu!	2022-08-10
1282	27	62	Dijual mobil Daihatsu Xenia tahun 2022, kuat dan andal di segala medan. Cocok untuk petualangan di alam terbuka!	2023-02-22
1283	29	97	Dijual mobil Daihatsu Xenia tahun 2014, pemakaian pribadi, kilometer rendah. Jaminan performa dan kenyamanan!	2022-08-11
1284	33	107	Dijual mobil Honda Jazz tahun 2018, kondisi sangat terawat. Siap antar jalan-jalan keluarga!	2022-05-28
1285	27	90	Dijual mobil Daihatsu Xenia tahun 2022, kuat dan andal di segala medan. Cocok untuk petualangan di alam terbuka!	2022-11-21
1286	32	1	Dijual mobil Honda Jazz tahun 2019, gaya modern dengan teknologi terkini. Dijamin memikat perhatian di jalan!	2023-02-23
1287	9	127	Dijual mobil Toyota Agya tahun 2022, kondisi sangat terawat. Siap antar jalan-jalan keluarga!	2022-10-12
1288	11	120	Dijual mobil Toyota Calya tahun 2019, gaya modern dengan teknologi terkini. Dijamin memikat perhatian di jalan!	2023-01-17
1289	34	85	Dijual mobil Honda Jazz tahun 2015, tangguh dengan desain elegan. Siap menemani perjalananmu!	2022-03-20
1290	42	36	Dijual mobil Honda Civic tahun 2010, pemakaian pribadi, kilometer rendah. Jaminan performa dan kenyamanan!	2022-12-11
1291	21	81	Dijual mobil Daihatsu Terios tahun 2018, simbol kemewahan dan prestise. Pengalaman berkendara yang tak terlupakan!	2022-04-07
1292	48	13	Dijual mobil Suzuki Ertiga tahun 2016, tampilan stylish dan performa tangguh. Siap temani petualanganmu!	2022-05-12
1293	23	17	Dijual mobil Daihatsu Terios tahun 2019, gaya modern dengan teknologi terkini. Dijamin memikat perhatian di jalan!	2022-09-08
1294	26	94	Dijual mobil Daihatsu Xenia tahun 2019, tampilan stylish dan performa tangguh. Siap temani petualanganmu!	2022-06-22
1295	14	128	Dijual mobil Toyota Calya tahun 2016, kuat dan andal di segala medan. Cocok untuk petualangan di alam terbuka!	2022-03-20
1296	38	84	Dijual mobil Honda CR-V tahun 2009, simbol kemewahan dan prestise. Pengalaman berkendara yang tak terlupakan!	2022-09-20
1297	13	125	Dijual mobil Toyota Calya tahun 2017, gaya modern dengan teknologi terkini. Dijamin memikat perhatian di jalan!	2023-01-06
1298	6	21	Dijual mobil Toyota Agya tahun 2019, desain kompak dengan fitur canggih. Solusi tepat untuk mobilitas perkotaan!	2022-11-22
1299	29	49	Dijual mobil Daihatsu Xenia tahun 2014, ruang interior luas untuk keluarga. Dijamin nyaman dan ekonomis!	2022-09-15
1300	39	98	Dijual mobil Honda CR-V tahun 2016, ruang interior luas untuk keluarga. Dijamin nyaman dan ekonomis!	2022-12-31
1301	44	10	Dijual mobil Honda Civic tahun 2013, tangguh dengan desain elegan. Siap menemani perjalananmu!	2022-06-28
1302	22	81	Dijual mobil Daihatsu Terios tahun 2022, simbol kemewahan dan prestise. Pengalaman berkendara yang tak terlupakan!	2022-05-12
1303	43	30	Dijual mobil Honda Civic tahun 2013, gaya modern dengan teknologi terkini. Dijamin memikat perhatian di jalan!	2022-03-29
1304	27	111	Dijual mobil Daihatsu Xenia tahun 2022, simbol kemewahan dan prestise. Pengalaman berkendara yang tak terlupakan!	2022-10-18
1305	43	37	Dijual mobil Honda Civic tahun 2013, pemakaian pribadi, kilometer rendah. Jaminan performa dan kenyamanan!	2022-05-22
1306	37	21	Dijual mobil Honda CR-V tahun 2017, ruang interior luas untuk keluarga. Dijamin nyaman dan ekonomis!	2023-01-15
1307	17	81	Dijual mobil Daihatsu Ayla tahun 2019, gaya modern dengan teknologi terkini. Dijamin memikat perhatian di jalan!	2022-09-27
1308	31	78	Dijual mobil Honda Jazz tahun 2018, desain kompak dengan fitur canggih. Solusi tepat untuk mobilitas perkotaan!	2022-04-29
1309	28	117	Dijual mobil Daihatsu Xenia tahun 2017, kondisi sangat terawat. Siap antar jalan-jalan keluarga!	2022-08-02
1310	19	69	Dijual mobil Daihatsu Ayla tahun 2017, pemakaian pribadi, kilometer rendah. Jaminan performa dan kenyamanan!	2022-06-05
1311	5	94	Dijual mobil Toyota Yaris tahun 2012, kondisi sangat terawat. Siap antar jalan-jalan keluarga!	2022-12-07
1312	14	62	Dijual mobil Toyota Calya tahun 2016, gaya modern dengan teknologi terkini. Dijamin memikat perhatian di jalan!	2023-02-07
1313	39	5	Dijual mobil Honda CR-V tahun 2016, kondisi sangat terawat. Siap antar jalan-jalan keluarga!	2022-03-06
1314	47	10	Dijual mobil Suzuki Ertiga tahun 2018, ruang interior luas untuk keluarga. Dijamin nyaman dan ekonomis!	2022-07-14
1315	30	59	Dijual mobil Daihatsu Xenia tahun 2018, tampilan stylish dan performa tangguh. Siap temani petualanganmu!	2022-11-12
1316	43	61	Dijual mobil Honda Civic tahun 2013, kondisi sangat terawat. Siap antar jalan-jalan keluarga!	2022-05-25
1317	50	115	Dijual mobil Suzuki Ertiga tahun 2018, kuat dan andal di segala medan. Cocok untuk petualangan di alam terbuka!	2022-06-27
1318	36	64	Dijual mobil Honda CR-V tahun 2018, kondisi sangat terawat. Siap antar jalan-jalan keluarga!	2022-07-19
1319	2	77	Dijual mobil Toyota Yaris tahun 2018, ruang interior luas untuk keluarga. Dijamin nyaman dan ekonomis!	2023-01-25
1320	23	57	Dijual mobil Daihatsu Terios tahun 2019, gaya modern dengan teknologi terkini. Dijamin memikat perhatian di jalan!	2022-08-19
1321	15	7	Dijual mobil Toyota Calya tahun 2016, desain kompak dengan fitur canggih. Solusi tepat untuk mobilitas perkotaan!	2022-09-24
1322	40	118	Dijual mobil Honda CR-V tahun 2018, gabungan sempurna antara performa dan kemewahan. Pengalaman berkendara yang luar biasa!	2022-08-27
1323	18	4	Dijual mobil Daihatsu Ayla tahun 2015, simbol kemewahan dan prestise. Pengalaman berkendara yang tak terlupakan!	2022-05-18
1324	32	80	Dijual mobil Honda Jazz tahun 2019, simbol kemewahan dan prestise. Pengalaman berkendara yang tak terlupakan!	2022-07-18
1325	41	42	Dijual mobil Honda Civic tahun 2018, gabungan sempurna antara performa dan kemewahan. Pengalaman berkendara yang luar biasa!	2022-07-30
1326	1	57	Dijual mobil Toyota Yaris tahun 2016, simbol kemewahan dan prestise. Pengalaman berkendara yang tak terlupakan!	2022-11-23
1327	15	1	Dijual mobil Toyota Calya tahun 2016, simbol kemewahan dan prestise. Pengalaman berkendara yang tak terlupakan!	2022-11-15
1328	24	123	Dijual mobil Daihatsu Terios tahun 2017, ruang interior luas untuk keluarga. Dijamin nyaman dan ekonomis!	2022-10-08
1329	46	10	Dijual mobil Suzuki Ertiga tahun 2015, kondisi sangat terawat. Siap antar jalan-jalan keluarga!	2023-02-14
1330	13	16	Dijual mobil Toyota Calya tahun 2017, ruang interior luas untuk keluarga. Dijamin nyaman dan ekonomis!	2022-04-11
1331	24	13	Dijual mobil Daihatsu Terios tahun 2017, tampilan stylish dan performa tangguh. Siap temani petualanganmu!	2022-04-20
1332	41	86	Dijual mobil Honda Civic tahun 2018, gabungan sempurna antara performa dan kemewahan. Pengalaman berkendara yang luar biasa!	2022-10-06
1333	33	21	Dijual mobil Honda Jazz tahun 2018, kuat dan andal di segala medan. Cocok untuk petualangan di alam terbuka!	2022-10-20
1334	28	136	Dijual mobil Daihatsu Xenia tahun 2017, desain kompak dengan fitur canggih. Solusi tepat untuk mobilitas perkotaan!	2022-09-25
1335	30	136	Dijual mobil Daihatsu Xenia tahun 2018, simbol kemewahan dan prestise. Pengalaman berkendara yang tak terlupakan!	2022-04-15
1336	23	83	Dijual mobil Daihatsu Terios tahun 2019, pemakaian pribadi, kilometer rendah. Jaminan performa dan kenyamanan!	2022-05-05
1337	6	79	Dijual mobil Toyota Agya tahun 2019, tangguh dengan desain elegan. Siap menemani perjalananmu!	2022-06-21
1338	47	85	Dijual mobil Suzuki Ertiga tahun 2018, gabungan sempurna antara performa dan kemewahan. Pengalaman berkendara yang luar biasa!	2022-11-12
1339	34	123	Dijual mobil Honda Jazz tahun 2015, pemakaian pribadi, kilometer rendah. Jaminan performa dan kenyamanan!	2023-02-03
1340	1	131	Dijual mobil Toyota Yaris tahun 2016, kondisi sangat terawat. Siap antar jalan-jalan keluarga!	2022-04-12
1341	13	125	Dijual mobil Toyota Calya tahun 2017, pemakaian pribadi, kilometer rendah. Jaminan performa dan kenyamanan!	2022-05-21
1342	39	126	Dijual mobil Honda CR-V tahun 2016, ruang interior luas untuk keluarga. Dijamin nyaman dan ekonomis!	2022-11-03
1343	24	43	Dijual mobil Daihatsu Terios tahun 2017, pemakaian pribadi, kilometer rendah. Jaminan performa dan kenyamanan!	2022-02-26
1344	13	4	Dijual mobil Toyota Calya tahun 2017, gaya modern dengan teknologi terkini. Dijamin memikat perhatian di jalan!	2022-11-18
1345	42	25	Dijual mobil Honda Civic tahun 2010, ruang interior luas untuk keluarga. Dijamin nyaman dan ekonomis!	2022-05-19
1346	32	96	Dijual mobil Honda Jazz tahun 2019, tampilan stylish dan performa tangguh. Siap temani petualanganmu!	2022-03-03
1347	26	63	Dijual mobil Daihatsu Xenia tahun 2019, pemakaian pribadi, kilometer rendah. Jaminan performa dan kenyamanan!	2022-11-17
1348	16	1	Dijual mobil Daihatsu Ayla tahun 2016, pemakaian pribadi, kilometer rendah. Jaminan performa dan kenyamanan!	2022-08-07
1349	44	106	Dijual mobil Honda Civic tahun 2013, tangguh dengan desain elegan. Siap menemani perjalananmu!	2023-02-07
1350	7	143	Dijual mobil Toyota Agya tahun 2014, gabungan sempurna antara performa dan kemewahan. Pengalaman berkendara yang luar biasa!	2022-11-18
1351	45	17	Dijual mobil Honda Civic tahun 2019, kondisi sangat terawat. Siap antar jalan-jalan keluarga!	2022-11-04
1352	1	126	Dijual mobil Toyota Yaris tahun 2016, kuat dan andal di segala medan. Cocok untuk petualangan di alam terbuka!	2022-09-24
1353	36	142	Dijual mobil Honda CR-V tahun 2018, desain kompak dengan fitur canggih. Solusi tepat untuk mobilitas perkotaan!	2022-10-16
1354	3	74	Dijual mobil Toyota Yaris tahun 2014, gaya modern dengan teknologi terkini. Dijamin memikat perhatian di jalan!	2022-07-27
1355	21	49	Dijual mobil Daihatsu Terios tahun 2018, gaya modern dengan teknologi terkini. Dijamin memikat perhatian di jalan!	2022-02-28
1356	19	65	Dijual mobil Daihatsu Ayla tahun 2017, desain kompak dengan fitur canggih. Solusi tepat untuk mobilitas perkotaan!	2022-06-02
1357	33	23	Dijual mobil Honda Jazz tahun 2018, tangguh dengan desain elegan. Siap menemani perjalananmu!	2022-10-09
1358	40	149	Dijual mobil Honda CR-V tahun 2018, simbol kemewahan dan prestise. Pengalaman berkendara yang tak terlupakan!	2022-12-13
1359	9	126	Dijual mobil Toyota Agya tahun 2022, kondisi sangat terawat. Siap antar jalan-jalan keluarga!	2022-12-12
1360	47	144	Dijual mobil Suzuki Ertiga tahun 2018, tangguh dengan desain elegan. Siap menemani perjalananmu!	2022-12-24
1361	41	107	Dijual mobil Honda Civic tahun 2018, pemakaian pribadi, kilometer rendah. Jaminan performa dan kenyamanan!	2022-12-10
1362	2	98	Dijual mobil Toyota Yaris tahun 2018, ruang interior luas untuk keluarga. Dijamin nyaman dan ekonomis!	2022-11-12
1363	24	123	Dijual mobil Daihatsu Terios tahun 2017, desain kompak dengan fitur canggih. Solusi tepat untuk mobilitas perkotaan!	2022-10-27
1364	29	140	Dijual mobil Daihatsu Xenia tahun 2014, kuat dan andal di segala medan. Cocok untuk petualangan di alam terbuka!	2022-06-14
1365	45	126	Dijual mobil Honda Civic tahun 2019, gaya modern dengan teknologi terkini. Dijamin memikat perhatian di jalan!	2022-05-08
1366	24	16	Dijual mobil Daihatsu Terios tahun 2017, simbol kemewahan dan prestise. Pengalaman berkendara yang tak terlupakan!	2022-12-04
1367	19	131	Dijual mobil Daihatsu Ayla tahun 2017, ruang interior luas untuk keluarga. Dijamin nyaman dan ekonomis!	2022-06-19
1368	26	142	Dijual mobil Daihatsu Xenia tahun 2019, kondisi sangat terawat. Siap antar jalan-jalan keluarga!	2022-08-30
1369	8	8	Dijual mobil Toyota Agya tahun 2016, kuat dan andal di segala medan. Cocok untuk petualangan di alam terbuka!	2022-03-27
1370	50	7	Dijual mobil Suzuki Ertiga tahun 2018, tangguh dengan desain elegan. Siap menemani perjalananmu!	2022-07-07
1371	6	8	Dijual mobil Toyota Agya tahun 2019, pemakaian pribadi, kilometer rendah. Jaminan performa dan kenyamanan!	2022-12-12
1372	4	134	Dijual mobil Toyota Yaris tahun 2020, tampilan stylish dan performa tangguh. Siap temani petualanganmu!	2022-04-02
1373	49	65	Dijual mobil Suzuki Ertiga tahun 2012, tampilan stylish dan performa tangguh. Siap temani petualanganmu!	2023-01-28
1374	47	150	Dijual mobil Suzuki Ertiga tahun 2018, tampilan stylish dan performa tangguh. Siap temani petualanganmu!	2022-10-28
1375	44	82	Dijual mobil Honda Civic tahun 2013, ruang interior luas untuk keluarga. Dijamin nyaman dan ekonomis!	2023-01-01
1376	20	135	Dijual mobil Daihatsu Ayla tahun 2017, ruang interior luas untuk keluarga. Dijamin nyaman dan ekonomis!	2022-12-08
1377	50	80	Dijual mobil Suzuki Ertiga tahun 2018, gaya modern dengan teknologi terkini. Dijamin memikat perhatian di jalan!	2022-04-14
1378	31	1	Dijual mobil Honda Jazz tahun 2018, desain kompak dengan fitur canggih. Solusi tepat untuk mobilitas perkotaan!	2022-12-29
1379	22	43	Dijual mobil Daihatsu Terios tahun 2022, ruang interior luas untuk keluarga. Dijamin nyaman dan ekonomis!	2023-01-09
1380	28	129	Dijual mobil Daihatsu Xenia tahun 2017, ruang interior luas untuk keluarga. Dijamin nyaman dan ekonomis!	2023-01-27
1381	13	130	Dijual mobil Toyota Calya tahun 2017, tangguh dengan desain elegan. Siap menemani perjalananmu!	2022-11-19
1382	38	120	Dijual mobil Honda CR-V tahun 2009, ruang interior luas untuk keluarga. Dijamin nyaman dan ekonomis!	2023-02-12
1383	24	62	Dijual mobil Daihatsu Terios tahun 2017, simbol kemewahan dan prestise. Pengalaman berkendara yang tak terlupakan!	2022-11-12
1384	12	55	Dijual mobil Toyota Calya tahun 2019, simbol kemewahan dan prestise. Pengalaman berkendara yang tak terlupakan!	2022-04-19
1385	31	84	Dijual mobil Honda Jazz tahun 2018, desain kompak dengan fitur canggih. Solusi tepat untuk mobilitas perkotaan!	2022-03-08
1386	36	113	Dijual mobil Honda CR-V tahun 2018, tampilan stylish dan performa tangguh. Siap temani petualanganmu!	2022-07-21
1387	42	29	Dijual mobil Honda Civic tahun 2010, simbol kemewahan dan prestise. Pengalaman berkendara yang tak terlupakan!	2023-02-01
1388	39	77	Dijual mobil Honda CR-V tahun 2016, gaya modern dengan teknologi terkini. Dijamin memikat perhatian di jalan!	2022-12-07
1389	39	147	Dijual mobil Honda CR-V tahun 2016, pemakaian pribadi, kilometer rendah. Jaminan performa dan kenyamanan!	2022-12-06
1390	14	125	Dijual mobil Toyota Calya tahun 2016, gabungan sempurna antara performa dan kemewahan. Pengalaman berkendara yang luar biasa!	2022-04-07
1391	2	31	Dijual mobil Toyota Yaris tahun 2018, kuat dan andal di segala medan. Cocok untuk petualangan di alam terbuka!	2022-06-09
1392	36	38	Dijual mobil Honda CR-V tahun 2018, desain kompak dengan fitur canggih. Solusi tepat untuk mobilitas perkotaan!	2022-11-26
1393	45	102	Dijual mobil Honda Civic tahun 2019, kondisi sangat terawat. Siap antar jalan-jalan keluarga!	2022-05-06
1394	41	82	Dijual mobil Honda Civic tahun 2018, tangguh dengan desain elegan. Siap menemani perjalananmu!	2022-12-25
1395	10	78	Dijual mobil Toyota Agya tahun 2017, kuat dan andal di segala medan. Cocok untuk petualangan di alam terbuka!	2022-09-01
1396	38	93	Dijual mobil Honda CR-V tahun 2009, simbol kemewahan dan prestise. Pengalaman berkendara yang tak terlupakan!	2022-05-19
1397	50	36	Dijual mobil Suzuki Ertiga tahun 2018, pemakaian pribadi, kilometer rendah. Jaminan performa dan kenyamanan!	2022-11-10
1398	47	150	Dijual mobil Suzuki Ertiga tahun 2018, simbol kemewahan dan prestise. Pengalaman berkendara yang tak terlupakan!	2023-02-13
1399	29	5	Dijual mobil Daihatsu Xenia tahun 2014, tangguh dengan desain elegan. Siap menemani perjalananmu!	2023-01-25
1400	33	53	Dijual mobil Honda Jazz tahun 2018, desain kompak dengan fitur canggih. Solusi tepat untuk mobilitas perkotaan!	2023-02-20
1401	35	35	Dijual mobil Honda Jazz tahun 2013, desain kompak dengan fitur canggih. Solusi tepat untuk mobilitas perkotaan!	2023-02-20
1402	29	84	Dijual mobil Daihatsu Xenia tahun 2014, tampilan stylish dan performa tangguh. Siap temani petualanganmu!	2022-05-15
1403	31	63	Dijual mobil Honda Jazz tahun 2018, kondisi sangat terawat. Siap antar jalan-jalan keluarga!	2022-08-21
1404	33	68	Dijual mobil Honda Jazz tahun 2018, pemakaian pribadi, kilometer rendah. Jaminan performa dan kenyamanan!	2022-03-25
1405	46	121	Dijual mobil Suzuki Ertiga tahun 2015, gabungan sempurna antara performa dan kemewahan. Pengalaman berkendara yang luar biasa!	2022-02-28
1406	3	72	Dijual mobil Toyota Yaris tahun 2014, pemakaian pribadi, kilometer rendah. Jaminan performa dan kenyamanan!	2022-09-19
1407	47	99	Dijual mobil Suzuki Ertiga tahun 2018, kuat dan andal di segala medan. Cocok untuk petualangan di alam terbuka!	2022-08-01
1408	3	96	Dijual mobil Toyota Yaris tahun 2014, simbol kemewahan dan prestise. Pengalaman berkendara yang tak terlupakan!	2022-09-20
1409	35	13	Dijual mobil Honda Jazz tahun 2013, tangguh dengan desain elegan. Siap menemani perjalananmu!	2022-06-28
1410	39	49	Dijual mobil Honda CR-V tahun 2016, tangguh dengan desain elegan. Siap menemani perjalananmu!	2023-01-28
1411	42	149	Dijual mobil Honda Civic tahun 2010, gabungan sempurna antara performa dan kemewahan. Pengalaman berkendara yang luar biasa!	2022-07-23
1412	48	19	Dijual mobil Suzuki Ertiga tahun 2016, ruang interior luas untuk keluarga. Dijamin nyaman dan ekonomis!	2022-10-01
1413	33	91	Dijual mobil Honda Jazz tahun 2018, tangguh dengan desain elegan. Siap menemani perjalananmu!	2023-02-17
1414	41	41	Dijual mobil Honda Civic tahun 2018, ruang interior luas untuk keluarga. Dijamin nyaman dan ekonomis!	2022-07-22
1415	42	11	Dijual mobil Honda Civic tahun 2010, pemakaian pribadi, kilometer rendah. Jaminan performa dan kenyamanan!	2022-05-17
1416	1	139	Dijual mobil Toyota Yaris tahun 2016, simbol kemewahan dan prestise. Pengalaman berkendara yang tak terlupakan!	2023-02-01
1417	21	125	Dijual mobil Daihatsu Terios tahun 2018, tangguh dengan desain elegan. Siap menemani perjalananmu!	2022-11-22
1418	10	115	Dijual mobil Toyota Agya tahun 2017, tampilan stylish dan performa tangguh. Siap temani petualanganmu!	2022-08-25
1419	47	119	Dijual mobil Suzuki Ertiga tahun 2018, tangguh dengan desain elegan. Siap menemani perjalananmu!	2022-08-29
1420	27	85	Dijual mobil Daihatsu Xenia tahun 2022, kuat dan andal di segala medan. Cocok untuk petualangan di alam terbuka!	2022-12-15
1421	50	92	Dijual mobil Suzuki Ertiga tahun 2018, gaya modern dengan teknologi terkini. Dijamin memikat perhatian di jalan!	2022-06-14
1422	16	71	Dijual mobil Daihatsu Ayla tahun 2016, desain kompak dengan fitur canggih. Solusi tepat untuk mobilitas perkotaan!	2022-10-31
1423	23	18	Dijual mobil Daihatsu Terios tahun 2019, tangguh dengan desain elegan. Siap menemani perjalananmu!	2022-08-20
1424	22	58	Dijual mobil Daihatsu Terios tahun 2022, tangguh dengan desain elegan. Siap menemani perjalananmu!	2022-10-08
1425	29	106	Dijual mobil Daihatsu Xenia tahun 2014, kuat dan andal di segala medan. Cocok untuk petualangan di alam terbuka!	2022-03-01
1426	44	87	Dijual mobil Honda Civic tahun 2013, pemakaian pribadi, kilometer rendah. Jaminan performa dan kenyamanan!	2022-11-21
1427	6	120	Dijual mobil Toyota Agya tahun 2019, tangguh dengan desain elegan. Siap menemani perjalananmu!	2022-08-29
1428	12	113	Dijual mobil Toyota Calya tahun 2019, pemakaian pribadi, kilometer rendah. Jaminan performa dan kenyamanan!	2022-06-01
1429	4	15	Dijual mobil Toyota Yaris tahun 2020, tangguh dengan desain elegan. Siap menemani perjalananmu!	2022-07-21
1430	20	22	Dijual mobil Daihatsu Ayla tahun 2017, tangguh dengan desain elegan. Siap menemani perjalananmu!	2022-12-02
1431	46	147	Dijual mobil Suzuki Ertiga tahun 2015, gabungan sempurna antara performa dan kemewahan. Pengalaman berkendara yang luar biasa!	2022-10-16
1432	34	150	Dijual mobil Honda Jazz tahun 2015, kuat dan andal di segala medan. Cocok untuk petualangan di alam terbuka!	2023-02-05
1433	40	17	Dijual mobil Honda CR-V tahun 2018, gabungan sempurna antara performa dan kemewahan. Pengalaman berkendara yang luar biasa!	2022-07-01
1434	31	109	Dijual mobil Honda Jazz tahun 2018, gabungan sempurna antara performa dan kemewahan. Pengalaman berkendara yang luar biasa!	2022-06-16
1435	18	42	Dijual mobil Daihatsu Ayla tahun 2015, kondisi sangat terawat. Siap antar jalan-jalan keluarga!	2022-08-22
1436	20	95	Dijual mobil Daihatsu Ayla tahun 2017, desain kompak dengan fitur canggih. Solusi tepat untuk mobilitas perkotaan!	2022-07-05
1437	31	57	Dijual mobil Honda Jazz tahun 2018, tampilan stylish dan performa tangguh. Siap temani petualanganmu!	2022-08-24
1438	2	37	Dijual mobil Toyota Yaris tahun 2018, kondisi sangat terawat. Siap antar jalan-jalan keluarga!	2022-03-06
1439	15	45	Dijual mobil Toyota Calya tahun 2016, tangguh dengan desain elegan. Siap menemani perjalananmu!	2022-12-29
1440	7	78	Dijual mobil Toyota Agya tahun 2014, kuat dan andal di segala medan. Cocok untuk petualangan di alam terbuka!	2023-01-18
1441	45	11	Dijual mobil Honda Civic tahun 2019, desain kompak dengan fitur canggih. Solusi tepat untuk mobilitas perkotaan!	2022-05-04
1442	13	146	Dijual mobil Toyota Calya tahun 2017, pemakaian pribadi, kilometer rendah. Jaminan performa dan kenyamanan!	2022-07-25
1443	23	19	Dijual mobil Daihatsu Terios tahun 2019, tangguh dengan desain elegan. Siap menemani perjalananmu!	2023-02-20
1444	46	52	Dijual mobil Suzuki Ertiga tahun 2015, tangguh dengan desain elegan. Siap menemani perjalananmu!	2022-09-17
1445	22	57	Dijual mobil Daihatsu Terios tahun 2022, tampilan stylish dan performa tangguh. Siap temani petualanganmu!	2022-10-10
1446	28	90	Dijual mobil Daihatsu Xenia tahun 2017, simbol kemewahan dan prestise. Pengalaman berkendara yang tak terlupakan!	2022-06-20
1447	48	55	Dijual mobil Suzuki Ertiga tahun 2016, tangguh dengan desain elegan. Siap menemani perjalananmu!	2022-06-10
1448	48	53	Dijual mobil Suzuki Ertiga tahun 2016, ruang interior luas untuk keluarga. Dijamin nyaman dan ekonomis!	2022-07-15
1449	22	137	Dijual mobil Daihatsu Terios tahun 2022, tangguh dengan desain elegan. Siap menemani perjalananmu!	2022-11-29
1450	29	1	Dijual mobil Daihatsu Xenia tahun 2014, kondisi sangat terawat. Siap antar jalan-jalan keluarga!	2022-09-07
1451	43	98	Dijual mobil Honda Civic tahun 2013, kondisi sangat terawat. Siap antar jalan-jalan keluarga!	2022-04-24
1452	44	114	Dijual mobil Honda Civic tahun 2013, gabungan sempurna antara performa dan kemewahan. Pengalaman berkendara yang luar biasa!	2022-05-01
1453	41	75	Dijual mobil Honda Civic tahun 2018, desain kompak dengan fitur canggih. Solusi tepat untuk mobilitas perkotaan!	2022-09-14
1454	5	26	Dijual mobil Toyota Yaris tahun 2012, kondisi sangat terawat. Siap antar jalan-jalan keluarga!	2022-04-28
1455	6	112	Dijual mobil Toyota Agya tahun 2019, gaya modern dengan teknologi terkini. Dijamin memikat perhatian di jalan!	2022-12-16
1456	1	57	Dijual mobil Toyota Yaris tahun 2016, simbol kemewahan dan prestise. Pengalaman berkendara yang tak terlupakan!	2023-01-18
1457	38	88	Dijual mobil Honda CR-V tahun 2009, gabungan sempurna antara performa dan kemewahan. Pengalaman berkendara yang luar biasa!	2022-03-29
1458	47	7	Dijual mobil Suzuki Ertiga tahun 2018, gabungan sempurna antara performa dan kemewahan. Pengalaman berkendara yang luar biasa!	2022-09-30
1459	2	150	Dijual mobil Toyota Yaris tahun 2018, gaya modern dengan teknologi terkini. Dijamin memikat perhatian di jalan!	2022-11-27
1460	30	124	Dijual mobil Daihatsu Xenia tahun 2018, ruang interior luas untuk keluarga. Dijamin nyaman dan ekonomis!	2022-09-03
1461	20	115	Dijual mobil Daihatsu Ayla tahun 2017, simbol kemewahan dan prestise. Pengalaman berkendara yang tak terlupakan!	2022-11-22
1462	23	5	Dijual mobil Daihatsu Terios tahun 2019, pemakaian pribadi, kilometer rendah. Jaminan performa dan kenyamanan!	2022-12-28
1463	16	116	Dijual mobil Daihatsu Ayla tahun 2016, tampilan stylish dan performa tangguh. Siap temani petualanganmu!	2022-12-31
1464	19	19	Dijual mobil Daihatsu Ayla tahun 2017, kuat dan andal di segala medan. Cocok untuk petualangan di alam terbuka!	2022-11-12
1465	49	67	Dijual mobil Suzuki Ertiga tahun 2012, ruang interior luas untuk keluarga. Dijamin nyaman dan ekonomis!	2022-10-29
1466	43	96	Dijual mobil Honda Civic tahun 2013, desain kompak dengan fitur canggih. Solusi tepat untuk mobilitas perkotaan!	2022-12-22
1467	17	83	Dijual mobil Daihatsu Ayla tahun 2019, tampilan stylish dan performa tangguh. Siap temani petualanganmu!	2022-11-12
1468	15	45	Dijual mobil Toyota Calya tahun 2016, gaya modern dengan teknologi terkini. Dijamin memikat perhatian di jalan!	2022-03-29
1469	7	128	Dijual mobil Toyota Agya tahun 2014, ruang interior luas untuk keluarga. Dijamin nyaman dan ekonomis!	2022-08-13
1470	38	81	Dijual mobil Honda CR-V tahun 2009, kondisi sangat terawat. Siap antar jalan-jalan keluarga!	2022-11-11
1471	42	107	Dijual mobil Honda Civic tahun 2010, gabungan sempurna antara performa dan kemewahan. Pengalaman berkendara yang luar biasa!	2023-02-11
1472	1	32	Dijual mobil Toyota Yaris tahun 2016, simbol kemewahan dan prestise. Pengalaman berkendara yang tak terlupakan!	2022-09-18
1473	26	2	Dijual mobil Daihatsu Xenia tahun 2019, tangguh dengan desain elegan. Siap menemani perjalananmu!	2022-07-05
1474	3	15	Dijual mobil Toyota Yaris tahun 2014, tangguh dengan desain elegan. Siap menemani perjalananmu!	2022-08-18
1475	17	85	Dijual mobil Daihatsu Ayla tahun 2019, pemakaian pribadi, kilometer rendah. Jaminan performa dan kenyamanan!	2022-09-18
1476	29	108	Dijual mobil Daihatsu Xenia tahun 2014, tangguh dengan desain elegan. Siap menemani perjalananmu!	2022-03-06
1477	12	87	Dijual mobil Toyota Calya tahun 2019, gabungan sempurna antara performa dan kemewahan. Pengalaman berkendara yang luar biasa!	2022-06-17
1478	10	119	Dijual mobil Toyota Agya tahun 2017, ruang interior luas untuk keluarga. Dijamin nyaman dan ekonomis!	2022-05-20
1479	45	119	Dijual mobil Honda Civic tahun 2019, gaya modern dengan teknologi terkini. Dijamin memikat perhatian di jalan!	2023-01-05
1480	7	77	Dijual mobil Toyota Agya tahun 2014, ruang interior luas untuk keluarga. Dijamin nyaman dan ekonomis!	2022-07-27
1481	39	22	Dijual mobil Honda CR-V tahun 2016, tampilan stylish dan performa tangguh. Siap temani petualanganmu!	2023-01-05
1482	43	133	Dijual mobil Honda Civic tahun 2013, kondisi sangat terawat. Siap antar jalan-jalan keluarga!	2022-12-08
1483	22	149	Dijual mobil Daihatsu Terios tahun 2022, desain kompak dengan fitur canggih. Solusi tepat untuk mobilitas perkotaan!	2022-05-01
1484	1	127	Dijual mobil Toyota Yaris tahun 2016, desain kompak dengan fitur canggih. Solusi tepat untuk mobilitas perkotaan!	2022-08-05
1485	18	76	Dijual mobil Daihatsu Ayla tahun 2015, tangguh dengan desain elegan. Siap menemani perjalananmu!	2023-01-15
1486	14	144	Dijual mobil Toyota Calya tahun 2016, kondisi sangat terawat. Siap antar jalan-jalan keluarga!	2023-01-05
1487	20	44	Dijual mobil Daihatsu Ayla tahun 2017, gaya modern dengan teknologi terkini. Dijamin memikat perhatian di jalan!	2022-05-20
1488	27	105	Dijual mobil Daihatsu Xenia tahun 2022, ruang interior luas untuk keluarga. Dijamin nyaman dan ekonomis!	2022-02-26
1489	30	37	Dijual mobil Daihatsu Xenia tahun 2018, tangguh dengan desain elegan. Siap menemani perjalananmu!	2022-08-14
1490	23	95	Dijual mobil Daihatsu Terios tahun 2019, kondisi sangat terawat. Siap antar jalan-jalan keluarga!	2023-02-10
1491	46	61	Dijual mobil Suzuki Ertiga tahun 2015, simbol kemewahan dan prestise. Pengalaman berkendara yang tak terlupakan!	2022-04-01
1492	23	89	Dijual mobil Daihatsu Terios tahun 2019, kondisi sangat terawat. Siap antar jalan-jalan keluarga!	2023-01-07
1493	35	10	Dijual mobil Honda Jazz tahun 2013, tangguh dengan desain elegan. Siap menemani perjalananmu!	2022-08-02
1494	25	113	Dijual mobil Daihatsu Terios tahun 2018, gaya modern dengan teknologi terkini. Dijamin memikat perhatian di jalan!	2022-12-27
1495	31	100	Dijual mobil Honda Jazz tahun 2018, ruang interior luas untuk keluarga. Dijamin nyaman dan ekonomis!	2022-04-04
1496	6	1	Dijual mobil Toyota Agya tahun 2019, tangguh dengan desain elegan. Siap menemani perjalananmu!	2022-09-12
1497	40	36	Dijual mobil Honda CR-V tahun 2018, kuat dan andal di segala medan. Cocok untuk petualangan di alam terbuka!	2022-07-11
1498	43	105	Dijual mobil Honda Civic tahun 2013, desain kompak dengan fitur canggih. Solusi tepat untuk mobilitas perkotaan!	2022-11-23
1499	32	7	Dijual mobil Honda Jazz tahun 2019, simbol kemewahan dan prestise. Pengalaman berkendara yang tak terlupakan!	2022-10-12
1500	6	23	Dijual mobil Toyota Agya tahun 2019, simbol kemewahan dan prestise. Pengalaman berkendara yang tak terlupakan!	2022-09-03
\.


--
-- TOC entry 4891 (class 0 OID 26443)
-- Dependencies: 217
-- Data for Name: product_detail; Type: TABLE DATA; Schema: public; Owner: postgres
--

COPY public.product_detail (product_detail_id, brand, model, body_type, transmission, year, price) FROM stdin;
1	Toyota	Toyota Yaris	Hatchback	automatic	2016	175000000
2	Toyota	Toyota Yaris	Hatchback	automatic	2018	215000000
3	Toyota	Toyota Yaris	Hatchback	automatic	2014	162000000
4	Toyota	Toyota Yaris	Hatchback	automatic	2020	220000000
5	Toyota	Toyota Yaris	Hatchback	automatic	2012	124000000
6	Toyota	Toyota Agya	Hatchback	automatic	2019	114000000
7	Toyota	Toyota Agya	Hatchback	automatic	2014	97000000
8	Toyota	Toyota Agya	Hatchback	automatic	2016	110000000
9	Toyota	Toyota Agya	Hatchback	automatic	2022	155500000
10	Toyota	Toyota Agya	Hatchback	automatic	2017	115500000
11	Toyota	Toyota Calya	Wagon	manual	2019	130000000
12	Toyota	Toyota Calya	Wagon	manual	2019	137000000
13	Toyota	Toyota Calya	Wagon	manual	2017	115500000
14	Toyota	Toyota Calya	Wagon	manual	2016	104000000
15	Toyota	Toyota Calya	Wagon	manual	2016	107000000
16	Daihatsu	Daihatsu Ayla	Hatchback	manual	2016	83000000
17	Daihatsu	Daihatsu Ayla	Hatchback	manual	2019	120000000
18	Daihatsu	Daihatsu Ayla	Hatchback	manual	2015	96000000
19	Daihatsu	Daihatsu Ayla	Hatchback	manual	2017	115000000
20	Daihatsu	Daihatsu Ayla	Hatchback	manual	2017	113000000
21	Daihatsu	Daihatsu Terios	SUV	automatic	2018	190000000
22	Daihatsu	Daihatsu Terios	SUV	automatic	2022	223000000
23	Daihatsu	Daihatsu Terios	SUV	automatic	2019	189900000
24	Daihatsu	Daihatsu Terios	SUV	automatic	2017	166000000
25	Daihatsu	Daihatsu Terios	SUV	automatic	2018	201000000
26	Daihatsu	Daihatsu Xenia	MPV	automatic	2019	170000000
27	Daihatsu	Daihatsu Xenia	MPV	automatic	2022	220500000
28	Daihatsu	Daihatsu Xenia	MPV	automatic	2017	135000000
29	Daihatsu	Daihatsu Xenia	MPV	automatic	2014	100000000
30	Daihatsu	Daihatsu Xenia	MPV	automatic	2018	159000000
31	Honda	Honda Jazz	Hatchback	manual	2018	236000000
32	Honda	Honda Jazz	Hatchback	manual	2019	250000000
33	Honda	Honda Jazz	Hatchback	manual	2018	216000000
34	Honda	Honda Jazz	Hatchback	manual	2015	192000000
35	Honda	Honda Jazz	Hatchback	manual	2013	178000000
36	Honda	Honda CR-V	SUV	automatic	2018	415000000
37	Honda	Honda CR-V	SUV	automatic	2017	345000000
38	Honda	Honda CR-V	SUV	automatic	2009	116000000
39	Honda	Honda CR-V	SUV	automatic	2016	269000000
40	Honda	Honda CR-V	SUV	automatic	2018	398500000
41	Honda	Honda Civic	Hatchback	manual	2018	350000000
42	Honda	Honda Civic	Sedan	manual	2010	165000000
43	Honda	Honda Civic	Sedan	manual	2013	186000000
44	Honda	Honda Civic	Sedan	manual	2013	179000000
45	Honda	Honda Civic	Hatchback	manual	2019	397500000
46	Suzuki	Suzuki Ertiga	MPV	automatic	2015	125000000
47	Suzuki	Suzuki Ertiga	MPV	automatic	2018	178000000
48	Suzuki	Suzuki Ertiga	MPV	automatic	2016	168000000
49	Suzuki	Suzuki Ertiga	MPV	automatic	2012	100000000
50	Suzuki	Suzuki Ertiga	MPV	automatic	2018	167000000
\.


--
-- TOC entry 4893 (class 0 OID 26452)
-- Dependencies: 219
-- Data for Name: seller; Type: TABLE DATA; Schema: public; Owner: postgres
--

COPY public.seller (seller_id, seller_name, seller_contact, city_id) FROM stdin;
1	Jefri Lailasari	081345754327	7371
2	Gamanto Wahyuni	087478513865	3173
3	Zizi Pranowo, S.IP	087927935307	3172
4	Kasiran Dongoran	089935724673	6472
5	Jayeng Hartati	087121281021	1375
6	Lala Sirait, M.Ak	087962570336	3471
7	drg. Kartika Iswahyudi, M.Kom.	083201665617	3471
8	Lintang Yuniar	081888865773	1375
9	Dasa Novitasari	086238645606	3173
10	Dr. Calista Habibi	083099336057	3578
11	Harimurti Mulyani	088849002060	7371
12	Ida Simbolon	084348459170	3273
13	Ajimin Firmansyah	081252453876	3578
14	Jaya Pudjiastuti, M.Pd	082544113549	7371
15	Ellis Saptono	083382176742	1375
16	T. Galang Astuti, M.Farm	089871623439	6471
17	KH. Vinsen Firmansyah, S.E.I	088831841503	3171
18	Eja Farida, M.TI.	081834147874	3573
19	Tgk. Pranawa Hidayanto, S.Gz	086793409927	7371
20	Raden Sudiati	085455190689	3273
21	Jaeman Winarsih	081977337541	3175
22	Mahesa Prayoga, M.Pd	085895519305	3175
23	R. Tami Adriansyah, S.Sos	083487205789	3173
24	Galang Rahayu	088716977186	3171
25	Eko Wijayanti	086851299503	1375
26	R.A. Ami Hasanah, M.Kom.	084873024741	7371
27	Mariadi Wacana	082749894030	6472
28	Hendra Laksmiwati	085464408194	6471
29	R. Zaenab Suryatmi, S.Psi	084959780874	3171
30	Ega Sihombing	085891707279	7371
31	Bakiman Situmorang	085111700439	1371
32	Uli Waskita	080613356739	5171
33	Drs. Kemba Haryanto, S.Psi	083059356797	3573
34	Drs. Cakrabuana Hastuti	087316883349	7371
35	Diana Kuswandari, S.IP	080583318350	6471
36	Jabal Hakim	087912367799	3171
37	Dr. Oskar Tamba	088331608411	1375
38	KH. Nasrullah Najmudin	082715296668	3174
39	Maya Anggraini, S.E.	084236045072	3173
40	Gamani Adriansyah	089129398230	3273
41	Cinta Mandasari, S.Pt	087438842954	3171
42	Ibrani Halim	087204247614	6472
43	Novi Permadi	088966032972	3171
44	Ihsan Astuti	088940511781	3173
45	Gada Lestari, S.Sos	080529247413	3573
46	Dwi Melani	087981698431	6472
47	Mariadi Saptono	087023638615	1371
48	R.A. Ika Jailani, S.Ked	082324285962	5171
49	Maya Budiyanto	089375559446	3171
50	Puti Maulana	085560141537	3573
51	Ghaliyati Namaga, S.Pt	087165368694	6471
52	Restu Wasita	089050405379	7371
53	Rusman Natsir	081240737730	3273
54	Pranata Andriani	084259583348	6472
55	Gangsa Yolanda	084964215341	3173
56	Gatra Utami, S.IP	083178056368	3175
57	Drs. Zulfa Wibisono	083563980582	3174
58	Gangsa Purnawati	085180413018	1371
59	Tasdik Sirait	082969083384	3171
60	Jumari Prabowo	084077240822	3171
61	Dt. Nasrullah Mustofa, M.Pd	080997269508	5171
62	Daniswara Nurdiyanti	088089495620	3471
63	Dewi Widiastuti, S.T.	089671218287	3471
64	drg. Putri Siregar, S.E.	083144754751	6472
65	Shakila Gunawan	085450053249	3471
66	Jarwi Wibowo	080781730015	3273
67	Dr. Genta Zulaika	087826707348	3171
68	Rangga Hariyah, M.M.	089405324334	3175
69	Pia Rahimah	081245627632	6471
70	Belinda Nasyiah	080342788836	3573
71	Jasmin Kusumo	089767634350	5171
72	Kamaria Tamba	086894673724	3172
73	Drs. Rahmi Januar, S.E.I	086463986674	3578
74	H. Wardaya Budiman	082058968593	6472
75	dr. Puti Nasyidah	085865878115	3172
76	Jais Mahendra, S.Farm	085819998884	3171
77	Damar Wijaya	083454012954	3174
78	Nilam Gunawan	081271562068	3175
79	Jumari Usamah	087543309572	3578
80	Putri Narpati, M.Pd	088196862095	3471
81	Balangga Mangunsong	086359816612	3471
82	Tgk. Jelita Rahimah	089616277082	3173
83	Dr. Anita Wasita, M.M.	084829323489	3173
84	Martaka Nugroho	089925245137	3174
85	Puti Ika Yuliarti, S.Pd	081604929454	7371
86	Ikin Megantara	081369463525	3471
87	Cinthia Suryono	089985906411	3273
88	Maman Megantara, M.Kom.	083314595492	3174
89	R. Aris Sitompul, S.E.	081964301428	5171
90	Ir. Maimunah Suartini	087336690807	5171
91	Padmi Oktaviani	081045689458	3273
92	R. Raharja Safitri	088107205395	6472
93	Sutan Gangsar Salahudin, M.Farm	089376974747	3573
94	Enteng Sihombing, M.M.	088982657670	3174
95	Ridwan Riyanti	080933667042	3171
96	Salimah Latupono	085762727039	5171
97	Vera Megantara	084448743445	6471
98	Cut Halima Wibisono, S.E.	080097966405	6472
99	Farah Maulana	086606188910	3573
100	Maman Nugroho	087567231307	3578
101	Tantri Iswahyudi	088951425259	6472
102	Puti Tina Kuswoyo, S.Gz	089175210028	6471
103	Dt. Gangsa Lailasari, S.Pt	089354860394	3471
104	Naradi Pertiwi	083618172977	1375
105	Oliva Purwanti	083982618409	3171
106	Violet Napitupulu	084840043291	3171
107	drg. Ian Nashiruddin, M.Kom.	088847951350	7371
108	Puti Rahayu Palastri	085747521830	3174
109	Ifa Mulyani	085203891341	1371
110	R. Marsito Widiastuti	084730198118	6472
111	drg. Halima Saefullah, S.Pd	082281325727	6472
112	Dr. Devi Uyainah	082906624886	3174
113	Jaya Firgantoro	089766861794	3171
114	Cayadi Winarsih	080704462392	3471
115	drg. Ade Hutapea, S.Ked	081029747249	3173
116	Prabowo Maulana	083848527852	6472
117	Ira Januar	089520574988	3573
118	Usyi Rajata	080030141014	6471
119	Zulaikha Nuraini	085455349641	3273
120	R.M. Luis Fujiati, M.Pd	089429039574	3173
121	Kurnia Hasanah, S.Pd	089418903188	3573
122	Irma Sinaga	084811644273	6471
123	Paris Budiyanto	081756714045	3578
124	Lurhur Hidayanto	080325243974	3471
125	H. Galuh Marbun	088138107727	5171
126	Maria Simbolon	083286573666	3175
127	Novi Tarihoran	086190663996	3171
128	Dr. Sakti Damanik, S.IP	084656032734	7371
129	Drs. Dimas Setiawan	085040848247	1371
130	Tgk. Laras Aryani, S.E.	081944444329	3171
131	Kamila Hidayanto, S.Pd	085716925976	5171
132	Harjasa Kurniawan	080204380522	6471
133	Darsirah Yolanda, S.Kom	083079763271	7371
134	Siti Rahimah	083194734341	3174
135	Jayadi Kusmawati	084614052813	7371
136	Harsana Putra	085469261212	5171
137	Zelaya Mandala	087101695297	3173
138	Xanana Melani	080102028404	3173
139	Indah Aryani, S.H.	081956143323	6472
140	Darijan Wasita	085006208331	3174
141	Yuni Hasanah	088287983705	3174
142	Nasrullah Saptono	081401511316	3171
143	Kawaca Rahimah	082480054716	3273
144	Drs. Edi Sitorus	087373015787	3578
145	Dagel Mardhiyah	081807306591	7371
146	Tgk. Kiandra Sudiati, S.E.I	086306224008	7371
147	Emong Pranowo	083676553625	3471
148	Yuliana Marpaung	089805977037	3471
149	Chelsea Farida	086836463565	6472
150	Agus Namaga	087142464440	1371
\.


--
-- TOC entry 4911 (class 0 OID 0)
-- Dependencies: 224
-- Name: bid_bid_id_seq; Type: SEQUENCE SET; Schema: public; Owner: postgres
--

SELECT pg_catalog.setval('public.bid_bid_id_seq', 1, false);


--
-- TOC entry 4912 (class 0 OID 0)
-- Dependencies: 220
-- Name: buyer_buyer_id_seq; Type: SEQUENCE SET; Schema: public; Owner: postgres
--

SELECT pg_catalog.setval('public.buyer_buyer_id_seq', 1, false);


--
-- TOC entry 4913 (class 0 OID 0)
-- Dependencies: 216
-- Name: product_detail_product_detail_id_seq; Type: SEQUENCE SET; Schema: public; Owner: postgres
--

SELECT pg_catalog.setval('public.product_detail_product_detail_id_seq', 1, false);


--
-- TOC entry 4914 (class 0 OID 0)
-- Dependencies: 222
-- Name: product_product_id_seq; Type: SEQUENCE SET; Schema: public; Owner: postgres
--

SELECT pg_catalog.setval('public.product_product_id_seq', 1, false);


--
-- TOC entry 4915 (class 0 OID 0)
-- Dependencies: 218
-- Name: seller_seller_id_seq; Type: SEQUENCE SET; Schema: public; Owner: postgres
--

SELECT pg_catalog.setval('public.seller_seller_id_seq', 1, false);


--
-- TOC entry 4739 (class 2606 OID 26488)
-- Name: bid bid_pkey; Type: CONSTRAINT; Schema: public; Owner: postgres
--

ALTER TABLE ONLY public.bid
    ADD CONSTRAINT bid_pkey PRIMARY KEY (bid_id);


--
-- TOC entry 4733 (class 2606 OID 26472)
-- Name: buyer buyer_buyer_name_key; Type: CONSTRAINT; Schema: public; Owner: postgres
--

ALTER TABLE ONLY public.buyer
    ADD CONSTRAINT buyer_buyer_name_key UNIQUE (buyer_name);


--
-- TOC entry 4735 (class 2606 OID 26470)
-- Name: buyer buyer_pkey; Type: CONSTRAINT; Schema: public; Owner: postgres
--

ALTER TABLE ONLY public.buyer
    ADD CONSTRAINT buyer_pkey PRIMARY KEY (buyer_id);


--
-- TOC entry 4723 (class 2606 OID 26441)
-- Name: city city_city_name_key; Type: CONSTRAINT; Schema: public; Owner: postgres
--

ALTER TABLE ONLY public.city
    ADD CONSTRAINT city_city_name_key UNIQUE (city_name);


--
-- TOC entry 4725 (class 2606 OID 26439)
-- Name: city city_pkey; Type: CONSTRAINT; Schema: public; Owner: postgres
--

ALTER TABLE ONLY public.city
    ADD CONSTRAINT city_pkey PRIMARY KEY (city_id);


--
-- TOC entry 4727 (class 2606 OID 26450)
-- Name: product_detail product_detail_pkey; Type: CONSTRAINT; Schema: public; Owner: postgres
--

ALTER TABLE ONLY public.product_detail
    ADD CONSTRAINT product_detail_pkey PRIMARY KEY (product_detail_id);


--
-- TOC entry 4737 (class 2606 OID 26481)
-- Name: product product_pkey; Type: CONSTRAINT; Schema: public; Owner: postgres
--

ALTER TABLE ONLY public.product
    ADD CONSTRAINT product_pkey PRIMARY KEY (product_id);


--
-- TOC entry 4729 (class 2606 OID 26459)
-- Name: seller seller_pkey; Type: CONSTRAINT; Schema: public; Owner: postgres
--

ALTER TABLE ONLY public.seller
    ADD CONSTRAINT seller_pkey PRIMARY KEY (seller_id);


--
-- TOC entry 4731 (class 2606 OID 26461)
-- Name: seller seller_seller_name_key; Type: CONSTRAINT; Schema: public; Owner: postgres
--

ALTER TABLE ONLY public.seller
    ADD CONSTRAINT seller_seller_name_key UNIQUE (seller_name);


--
-- TOC entry 4744 (class 2606 OID 26518)
-- Name: bid fk_buyer_id; Type: FK CONSTRAINT; Schema: public; Owner: postgres
--

ALTER TABLE ONLY public.bid
    ADD CONSTRAINT fk_buyer_id FOREIGN KEY (buyer_id) REFERENCES public.buyer(buyer_id);


--
-- TOC entry 4740 (class 2606 OID 26490)
-- Name: seller fk_city; Type: FK CONSTRAINT; Schema: public; Owner: postgres
--

ALTER TABLE ONLY public.seller
    ADD CONSTRAINT fk_city FOREIGN KEY (city_id) REFERENCES public.city(city_id);


--
-- TOC entry 4741 (class 2606 OID 26495)
-- Name: buyer fk_city; Type: FK CONSTRAINT; Schema: public; Owner: postgres
--

ALTER TABLE ONLY public.buyer
    ADD CONSTRAINT fk_city FOREIGN KEY (city_id) REFERENCES public.city(city_id);


--
-- TOC entry 4742 (class 2606 OID 26501)
-- Name: product fk_product_detail; Type: FK CONSTRAINT; Schema: public; Owner: postgres
--

ALTER TABLE ONLY public.product
    ADD CONSTRAINT fk_product_detail FOREIGN KEY (product_detail_id) REFERENCES public.product_detail(product_detail_id);


--
-- TOC entry 4745 (class 2606 OID 26513)
-- Name: bid fk_product_id; Type: FK CONSTRAINT; Schema: public; Owner: postgres
--

ALTER TABLE ONLY public.bid
    ADD CONSTRAINT fk_product_id FOREIGN KEY (product_id) REFERENCES public.product(product_id);


--
-- TOC entry 4743 (class 2606 OID 26506)
-- Name: product fk_seller; Type: FK CONSTRAINT; Schema: public; Owner: postgres
--

ALTER TABLE ONLY public.product
    ADD CONSTRAINT fk_seller FOREIGN KEY (seller_id) REFERENCES public.seller(seller_id);


-- Completed on 2024-03-02 09:55:25

--
-- PostgreSQL database dump complete
--

-- Completed on 2024-03-02 09:55:25

--
-- PostgreSQL database cluster dump complete
--

