bid_id,product_id,buyer_id,date_bid,bid_price,bid_status
1,411,111,2023-03-07,90048000,Sent
2,1380,137,2023-12-31,126954000,Declined
3,576,22,2023-06-08,165166200,Sent
4,971,69,2023-04-25,155990200,Declined
5,346,110,2023-01-04,178579200,Declined
6,467,62,2022-06-17,158205600,Declined
7,361,53,2023-07-22,102190000,Declined
8,863,3,2023-07-26,123201000,Sent
9,665,94,2023-03-19,103476000,Sent
10,891,69,2022-07-21,393959500,Declined
11,352,72,2023-05-26,105598200,Declined
12,829,18,2022-10-31,193622400,Declined
13,1496,118,2022-12-30,102178200,Declined
14,1474,7,2023-08-07,153883800,Declined
15,205,10,2022-08-17,108662400,Declined
16,1333,4,2023-04-25,204638400,Declined
17,128,38,2022-12-14,123834300,Sent
18,110,31,2022-07-24,88665600,Sent
19,548,139,2023-01-29,107450800,Declined
20,1074,68,2022-06-14,146041500,Sent
21,1422,56,2022-11-04,77048900,Sent
22,1003,43,2022-10-07,354411000,Declined
23,1290,63,2023-02-06,153928500,Sent
24,806,71,2023-04-20,163172600,Declined
25,188,42,2022-09-15,76567500,Declined
26,1288,130,2023-06-06,113204000,Declined
27,624,42,2022-06-01,159844000,Declined
28,1193,128,2023-01-30,170726400,Sent
29,803,57,2023-04-21,88949000,Sent
30,698,64,2023-07-14,158776000,Sent
31,943,108,2023-08-01,163493000,Declined
32,301,135,2024-01-23,101409000,Sent
33,103,133,2023-01-27,147870000,Declined
34,874,11,2023-05-01,114303200,Sent
35,535,131,2023-04-21,166590200,Sent
36,1036,60,2023-10-15,151162200,Declined
37,173,53,2023-06-22,109224000,Declined
38,631,89,2023-04-25,98259200,Sent
39,924,129,2023-08-30,142131000,Sent
40,131,33,2022-12-25,148569600,Declined
41,494,48,2022-05-14,105685000,Declined
42,438,11,2023-03-26,147616150,Declined
43,907,127,2023-10-23,191757700,Sent
44,430,60,2023-10-18,153780000,Declined
45,1248,51,2023-04-28,110400000,Sent
46,1389,110,2023-06-05,247453100,Sent
47,1111,51,2022-08-01,104887200,Declined
48,916,51,2023-12-29,194612000,Declined
49,957,103,2023-02-25,106772400,Declined
50,1082,102,2022-12-15,86330000,Sent
51,68,83,2023-01-12,124510500,Declined
52,972,52,2023-05-24,77671400,Declined
53,344,90,2023-09-06,105075500,Declined
54,328,30,2022-06-03,342909250,Declined
55,840,27,2023-08-13,172608000,Declined
56,1217,34,2022-08-27,88090000,Sent
57,695,30,2023-02-01,145764600,Sent
58,839,29,2023-05-08,235859200,Sent
59,421,1,2022-11-28,123511500,Declined
60,1274,70,2023-03-07,167818400,Declined
61,21,108,2023-04-28,149080900,Declined
62,1096,87,2023-05-09,153782000,Declined
63,1043,132,2023-11-11,194478300,Declined
64,887,34,2022-10-29,239921100,Sent
65,875,98,2023-07-25,101847600,Sent
66,1061,124,2022-07-23,316192500,Sent
67,490,59,2023-03-17,90854400,Sent
68,1268,81,2023-03-08,157964000,Declined
69,62,41,2022-08-29,298770000,Sent
70,1300,146,2023-08-12,247991100,Sent
71,522,51,2023-04-15,145803000,Declined
72,1356,69,2023-02-09,104638500,Sent
73,1372,88,2023-02-04,193094000,Sent
74,1091,123,2023-01-27,88032000,Declined
75,160,104,2023-10-23,153384000,Sent
76,82,46,2022-04-14,107559500,Declined
77,313,87,2023-08-06,324170000,Sent
78,650,27,2022-11-23,150175200,Declined
79,202,142,2022-07-28,75413800,Declined
80,81,75,2023-03-23,105424800,Declined
81,55,103,2023-09-29,198247000,Declined
82,464,143,2023-05-29,195348000,Sent
83,1231,147,2023-06-12,152388000,Sent
84,410,49,2023-09-21,140778600,Declined
85,163,118,2022-06-03,157668000,Sent
86,1278,106,2023-05-04,145051200,Sent
87,1108,20,2023-01-27,108500000,Sent
88,1159,75,2022-09-18,365324500,Declined
89,385,41,2023-11-18,293836500,Declined
90,9,19,2023-04-01,200992000,Declined
91,1141,83,2023-01-30,101676600,Declined
92,1386,100,2022-08-11,367897500,Sent
93,830,124,2023-09-26,156821900,Sent
94,863,57,2023-05-13,115063000,Sent
95,979,28,2023-06-14,313530000,Declined
96,340,56,2023-07-02,170506000,Declined
97,18,141,2022-06-24,103522650,Declined
98,520,146,2023-08-02,143374200,Declined
99,309,137,2022-11-13,88440000,Declined
100,695,137,2023-03-16,144121200,Declined
101,447,133,2023-07-20,88960000,Declined
102,870,104,2022-10-17,189034650,Declined
103,164,100,2022-09-19,153255000,Sent
104,178,150,2023-06-08,191156500,Declined
105,430,143,2023-05-12,148104000,Sent
106,467,111,2022-12-26,147789600,Declined
107,367,133,2023-03-21,323955000,Declined
108,1071,41,2023-03-10,140508300,Sent
109,1121,20,2022-04-16,109470900,Declined
110,790,92,2023-04-30,99852800,Declined
111,202,4,2022-05-07,71645600,Declined
112,1436,127,2023-05-15,97225200,Sent
113,1245,26,2023-02-06,311397000,Declined
114,348,58,2023-03-08,111091600,Declined
115,469,58,2023-05-17,220188000,Declined
116,823,55,2023-07-12,114625000,Declined
117,689,123,2023-08-17,109318400,Declined
118,793,134,2022-08-29,165326940,Sent
119,429,25,2022-06-15,91904800,Sent
120,1320,7,2023-07-07,167206950,Declined
121,1268,142,2023-03-28,149906000,Sent
122,1410,47,2023-07-31,241158500,Declined
123,584,138,2022-12-28,90074200,Declined
124,1247,4,2023-02-28,120487500,Sent
125,1023,44,2023-08-06,90598000,Sent
126,947,108,2022-11-24,143892000,Declined
127,1439,56,2023-05-06,100012900,Declined
128,609,129,2022-08-26,315735000,Sent
129,816,62,2022-06-22,103707000,Declined
130,652,39,2023-12-12,157432800,Declined
131,128,23,2023-03-10,126451000,Sent
132,412,132,2023-09-04,108073350,Declined
133,699,29,2022-10-10,152670000,Declined
134,1275,117,2023-07-07,184839600,Declined
135,1260,150,2023-09-06,102389300,Sent
136,765,20,2023-01-22,124601500,Sent
137,327,58,2023-04-29,147477700,Sent
138,1384,135,2022-09-13,117107600,Declined
139,1257,81,2024-01-30,156922500,Declined
140,872,62,2023-07-10,197511100,Sent
141,94,148,2023-05-04,101901500,Declined
142,126,25,2023-03-04,150688000,Declined
143,1072,39,2023-01-02,85320000,Sent
144,40,43,2023-08-28,142843000,Sent
145,495,26,2023-03-22,86851200,Sent
146,720,86,2023-05-26,106875000,Declined
147,268,76,2023-08-16,193775400,Sent
148,91,73,2023-08-05,168744000,Sent
149,712,3,2023-01-24,109787500,Declined
150,1298,92,2023-09-15,106202400,Declined
151,1251,17,2023-12-06,143246600,Sent
152,85,49,2023-02-14,340956600,Declined
153,1251,113,2023-02-03,135238350,Declined
154,1062,119,2023-03-17,160580000,Sent
155,964,89,2022-12-16,327301500,Sent
156,326,104,2023-01-06,313467000,Declined
157,909,88,2023-09-12,122798000,Declined
158,439,91,2023-01-07,204206400,Sent
159,26,38,2022-11-08,156660000,Declined
160,1272,107,2022-11-26,109932000,Declined
161,1224,82,2023-07-05,103609700,Declined
162,760,41,2023-10-08,174477000,Declined
163,1399,23,2023-04-05,90830000,Declined
164,467,26,2023-01-16,142884000,Sent
165,742,77,2022-12-16,311086500,Declined
166,643,50,2022-08-23,155435000,Declined
167,1255,142,2022-11-21,156927000,Declined
168,1407,69,2022-11-28,160538200,Sent
169,396,18,2022-11-07,99759000,Declined
170,1330,134,2022-12-27,107796150,Declined
171,1187,63,2023-01-21,101651550,Declined
172,1147,33,2023-07-10,172742400,Declined
173,670,49,2023-10-15,233626500,Declined
174,503,36,2022-09-17,158625600,Declined
175,1449,83,2023-08-15,199428900,Sent
176,225,103,2022-08-13,111396000,Declined
177,1259,89,2022-07-21,150760500,Declined
178,330,103,2022-12-13,107717600,Sent
179,653,31,2023-12-18,107508800,Declined
180,846,18,2023-07-04,91946300,Declined
181,123,90,2022-12-12,208901700,Declined
182,551,63,2023-01-18,101654800,Sent
183,1036,33,2023-08-09,141636600,Sent
184,2,91,2022-07-25,103176150,Declined
185,811,110,2023-12-15,73662500,Declined
186,1372,58,2022-07-11,187792000,Declined
187,1089,101,2023-06-06,169958400,Declined
188,725,118,2023-03-30,94567000,Declined
189,1308,84,2023-01-21,212754000,Declined
190,754,116,2022-09-04,118233000,Sent
191,1050,107,2023-05-15,102039500,Declined
192,513,56,2022-12-01,221556800,Sent
193,1313,59,2022-04-29,249174700,Declined
194,1341,124,2023-01-31,102979800,Declined
195,853,42,2022-11-08,184857000,Sent
196,4,99,2022-04-08,84816000,Declined
197,900,51,2022-03-21,153568800,Sent
198,1379,85,2023-11-03,202907700,Sent
199,148,15,2023-04-02,152938600,Declined
200,1324,17,2022-08-04,233725000,Declined
201,599,25,2022-06-07,107903200,Declined
202,835,38,2022-11-02,322816500,Sent
203,1341,18,2023-02-04,99087450,Declined
204,200,131,2023-02-13,191989350,Sent
205,639,43,2022-09-13,201638400,Declined
206,1349,32,2023-05-10,163015300,Declined
207,1389,110,2023-08-03,231662800,Sent
208,1500,18,2023-05-24,99476400,Declined
209,631,45,2023-07-17,97843200,Declined
210,1159,55,2023-05-12,373002000,Declined
211,346,35,2023-04-29,169785600,Sent
212,200,42,2023-02-28,205638300,Sent
213,1258,97,2022-06-22,85640000,Declined
214,60,115,2022-11-28,313260000,Sent
215,104,96,2022-07-24,102044250,Declined
216,475,127,2023-07-12,104840800,Declined
217,60,22,2022-12-03,301288500,Sent
218,640,80,2023-02-15,152635000,Declined
219,544,87,2023-04-27,342684750,Declined
220,1096,15,2023-08-08,148767000,Sent
221,406,86,2022-10-29,203540500,Declined
222,914,44,2023-02-13,86543400,Declined
223,727,110,2023-08-17,377235000,Sent
224,54,7,2023-03-12,119974500,Sent
225,283,61,2023-01-29,202683600,Declined
226,1253,4,2023-11-01,123053400,Declined
227,1323,68,2023-02-21,83212800,Declined
228,1340,76,2022-12-20,159302500,Sent
229,41,36,2023-03-11,236531700,Declined
230,1477,65,2023-03-11,120710700,Declined
231,841,35,2023-07-22,155677400,Declined
232,924,16,2023-03-27,146305500,Declined
233,1378,77,2023-04-02,205556000,Sent
234,482,124,2023-05-26,96185600,Sent
235,976,110,2023-01-14,168853000,Declined
236,1374,108,2023-05-27,154504000,Declined
237,982,73,2023-04-10,144606000,Sent
238,405,31,2023-10-25,129821200,Sent
239,210,129,2022-10-16,147059400,Declined
240,569,116,2024-01-26,200707200,Sent
241,428,43,2023-01-12,195781950,Sent
242,994,7,2022-11-22,144287200,Sent
243,40,15,2023-05-05,152886000,Declined
244,737,26,2023-06-14,84671300,Sent
245,1122,97,2022-07-01,172315260,Sent
246,1303,124,2022-07-22,158602200,Declined
247,1233,41,2023-10-12,184053600,Declined
248,1036,71,2023-01-25,137716200,Declined
249,1161,103,2023-04-21,94897000,Declined
250,373,33,2023-05-18,97027600,Sent
251,282,48,2023-01-14,241293000,Declined
252,1,135,2023-02-12,372219000,Declined
253,350,53,2023-09-02,156911400,Declined
254,1108,123,2023-12-21,106512500,Declined
255,1366,101,2023-08-30,149433200,Declined
256,868,86,2022-10-16,329805000,Declined
257,495,52,2022-08-09,82742400,Declined
258,1321,23,2023-06-07,97423500,Sent
259,1103,121,2023-10-15,348607800,Declined
260,337,119,2022-09-14,142842300,Declined
261,264,56,2023-04-14,342645000,Sent
262,559,89,2023-07-27,117787600,Declined
263,1411,69,2022-10-15,140844000,Sent
264,1329,6,2023-09-08,112150000,Declined
265,1443,140,2023-11-23,178202160,Sent
266,313,63,2023-08-23,317345000,Sent
267,249,22,2023-04-28,151401600,Declined
268,750,133,2023-01-26,112896000,Sent
269,134,15,2023-02-18,309715000,Sent
270,1469,70,2022-12-07,86213600,Declined
271,126,109,2022-12-04,160191000,Declined
272,1146,119,2024-01-12,106398600,Declined
273,483,150,2022-11-23,345348000,Declined
274,1211,143,2022-07-06,143270400,Sent
275,1169,146,2023-10-14,98728100,Declined
276,1235,112,2022-05-26,148125600,Sent
277,800,92,2023-11-11,145106300,Sent
278,1438,105,2022-08-08,191973500,Sent
279,1000,74,2023-06-29,198472050,Sent
280,1404,134,2022-12-26,203623200,Declined
281,1217,134,2023-03-09,86060000,Sent
282,366,32,2023-03-13,98533050,Sent
283,1251,124,2023-11-17,134087650,Declined
284,321,144,2023-11-10,171532800,Declined
285,36,20,2022-08-28,115530800,Declined
286,73,100,2023-06-14,180120150,Declined
287,962,93,2023-05-10,106733550,Declined
288,73,54,2022-11-13,176929830,Sent
289,1092,87,2023-04-21,87387300,Sent
290,273,80,2023-05-31,163327500,Declined
291,967,25,2022-12-28,108100000,Declined
292,349,116,2023-10-24,105381600,Declined
293,983,66,2023-02-12,121316000,Declined
294,788,140,2023-11-27,102062500,Declined
295,267,73,2022-05-31,247103400,Sent
296,995,2,2022-08-16,96139500,Declined
297,651,112,2023-05-06,85020000,Sent
298,324,65,2022-08-20,96000400,Sent
299,165,89,2023-07-06,166412200,Sent
300,1148,18,2023-07-26,101507900,Sent
301,415,93,2022-11-18,147644700,Sent
302,705,40,2023-03-23,150587500,Declined
303,969,13,2023-08-21,377108250,Declined
304,1071,93,2023-10-28,140587800,Declined
305,942,26,2023-06-18,197434500,Sent
306,1301,106,2022-09-06,155497300,Declined
307,815,73,2022-11-11,308050500,Sent
308,1003,55,2023-02-06,370986750,Sent
309,1197,55,2023-03-31,101642400,Declined
310,870,28,2023-05-30,202308750,Sent
311,972,56,2023-09-08,74301600,Declined
312,1246,69,2022-05-13,156568500,Declined
313,253,37,2022-11-24,117217200,Sent
314,165,6,2023-07-18,168690600,Declined
315,1077,42,2023-02-15,201938000,Declined
316,307,131,2023-04-05,101327100,Declined
317,909,84,2022-12-27,118534000,Declined
318,535,115,2022-11-02,167391200,Sent
319,238,36,2023-01-13,300702000,Declined
320,1458,129,2023-07-12,166697000,Declined
321,729,53,2022-12-19,95540300,Declined
322,1495,38,2022-10-30,220494800,Sent
323,1217,34,2023-06-09,85470000,Declined
324,907,138,2023-02-05,208794900,Sent
325,530,42,2022-07-07,212022400,Declined
326,312,110,2022-08-27,110912500,Sent
327,285,101,2023-10-12,156355200,Sent
328,80,147,2022-04-19,162649350,Declined
329,1222,123,2022-10-14,143386200,Sent
330,1144,72,2023-02-09,82886400,Declined
331,849,93,2022-11-14,143661600,Declined
332,941,75,2022-09-03,157147200,Sent
333,724,136,2023-05-26,153754200,Declined
334,225,6,2022-10-14,111084000,Declined
335,283,16,2022-11-22,189762300,Declined
336,236,150,2023-05-04,147420000,Sent
337,487,50,2023-11-16,114088000,Declined
338,53,134,2023-04-06,178297110,Sent
339,1297,140,2023-04-24,107553600,Sent
340,150,70,2023-05-07,170745600,Declined
341,1044,135,2023-05-20,345268500,Declined
342,1484,37,2022-09-18,151270000,Declined
343,1125,68,2023-06-22,82012800,Declined
344,585,59,2023-07-06,169708800,Declined
345,794,85,2022-12-07,113737500,Sent
346,1301,32,2023-02-24,157842200,Sent
347,41,95,2023-07-04,235563300,Declined
348,1446,85,2023-02-16,126225000,Sent
349,1242,115,2024-01-09,116746000,Sent
350,382,32,2023-02-20,145834800,Declined
351,805,90,2023-04-22,98174400,Declined
352,1208,113,2023-01-25,145612200,Sent
353,327,83,2023-04-14,155059500,Declined
354,201,80,2023-01-07,96781500,Sent
355,382,31,2022-11-15,140142600,Declined
356,1426,51,2023-07-09,161887600,Declined
357,538,73,2023-02-18,316468500,Sent
358,424,98,2023-05-12,163940400,Declined
359,1078,34,2022-11-27,175408000,Sent
360,1044,98,2023-03-24,369078750,Declined
361,1246,133,2023-01-01,145761000,Sent
362,429,118,2022-07-04,90688000,Sent
363,306,61,2022-10-11,90170000,Sent
364,1183,28,2023-02-09,107582400,Declined
365,1381,65,2023-09-15,99988350,Declined
366,370,103,2023-07-29,99110000,Sent
367,1411,126,2023-03-16,141240000,Declined
368,733,63,2023-07-27,129506100,Sent
369,1160,75,2022-07-10,140985300,Declined
370,164,59,2022-04-21,145333000,Sent
371,301,120,2023-08-12,108743250,Sent
372,1228,86,2023-07-31,154407000,Declined
373,1480,31,2023-04-06,86446400,Sent
374,824,90,2023-09-13,105463050,Sent
375,877,128,2023-01-28,159635000,Sent
376,513,126,2023-09-10,203384800,Sent
377,537,105,2022-07-30,318435000,Sent
378,192,61,2023-02-28,161452980,Sent
379,92,48,2023-11-04,107399400,Sent
380,284,10,2023-01-11,98040800,Sent
381,813,102,2022-03-31,170599200,Declined
382,1354,131,2023-01-09,150903000,Sent
383,816,141,2023-01-26,101177000,Sent
384,707,2,2022-04-03,346973950,Declined
385,1026,88,2023-03-29,346934100,Declined
386,863,149,2023-07-21,121290000,Declined
387,57,118,2023-03-22,157231200,Sent
388,95,25,2023-07-09,200296800,Declined
389,1294,120,2023-04-18,159001000,Declined
390,767,41,2023-05-07,351835650,Sent
391,477,116,2022-08-05,86840000,Declined
392,1187,80,2023-01-08,98498400,Declined
393,389,122,2023-09-14,146149000,Declined
394,1388,77,2023-09-29,237311800,Sent
395,1303,10,2022-11-06,161038800,Declined
396,726,149,2022-11-15,72981900,Sent
397,520,32,2023-07-21,151325600,Sent
398,765,148,2023-02-22,119669500,Declined
399,367,105,2023-02-11,310431000,Declined
400,349,56,2023-12-14,97048200,Sent
401,336,32,2022-12-17,158665600,Sent
402,1115,19,2023-01-23,145163000,Declined
403,1081,91,2023-03-05,109020800,Declined
404,1331,46,2022-11-22,145067400,Declined
405,1354,52,2022-12-03,138007800,Sent
406,1277,49,2023-11-10,107184000,Sent
407,1182,73,2023-07-09,142209600,Declined
408,111,51,2023-06-18,155658200,Declined
409,916,123,2023-05-14,195756000,Declined
410,1038,133,2023-03-27,173503200,Declined
411,218,140,2023-03-03,154758900,Declined
412,111,141,2023-03-15,150429200,Declined
413,77,20,2023-02-18,98682900,Sent
414,879,121,2023-02-03,92080000,Sent
415,895,87,2022-11-01,190322000,Declined
416,1085,135,2023-10-20,116343000,Declined
417,259,5,2022-11-26,168537600,Declined
418,1460,134,2023-07-22,146057400,Declined
419,904,34,2023-03-04,106592400,Declined
420,766,128,2023-02-24,89472800,Declined
421,853,128,2022-08-17,186254500,Declined
422,1058,34,2023-10-06,181497600,Declined
423,380,107,2023-07-19,152279000,Declined
424,721,99,2023-05-30,155038000,Sent
425,951,108,2023-04-20,157097000,Sent
426,121,119,2023-10-03,121532700,Declined
427,637,55,2023-03-04,100399800,Declined
428,223,54,2022-12-14,87086600,Declined
429,397,84,2023-02-08,246915100,Declined
430,1286,19,2024-01-31,220325000,Declined
431,1193,11,2022-06-28,180307200,Sent
432,1045,2,2023-11-30,162312500,Declined
433,254,21,2023-06-16,145233000,Declined
434,412,133,2023-06-28,105255150,Declined
435,62,26,2022-07-29,316365000,Declined
436,918,42,2023-05-04,117539600,Declined
437,1411,125,2023-02-26,141619500,Sent
438,88,103,2022-05-06,175200000,Declined
439,925,113,2023-08-16,102267000,Sent
440,1245,37,2022-10-10,318021000,Declined
441,937,45,2023-04-02,199173600,Sent
442,782,76,2023-05-15,98175000,Sent
443,154,12,2023-04-13,109413150,Sent
444,380,137,2023-10-05,161944400,Declined
445,818,66,2022-12-12,159630000,Sent
446,1198,122,2023-01-20,196950600,Sent
447,269,89,2023-07-03,172116300,Sent
448,1245,70,2022-07-31,295216500,Sent
449,752,113,2023-01-07,294457500,Declined
450,1029,23,2023-06-29,146820600,Sent
451,242,42,2022-11-26,146694200,Declined
452,553,138,2022-12-05,93714400,Sent
453,800,137,2023-02-05,146776300,Declined
454,425,109,2023-08-29,108831200,Sent
455,1448,80,2022-11-02,154509600,Declined
456,907,56,2022-12-28,205271500,Declined
457,1229,114,2023-10-09,151135000,Sent
458,1389,2,2023-01-14,253828400,Declined
459,1223,117,2023-04-17,128040200,Sent
460,479,64,2023-03-01,91441900,Declined
461,467,101,2022-12-27,149923200,Declined
462,920,35,2023-09-12,191019150,Sent
463,509,40,2023-07-22,118792700,Declined
464,379,18,2023-06-15,323470000,Sent
465,1235,21,2022-11-12,144513600,Declined
466,761,42,2022-03-29,71496200,Declined
467,282,79,2023-10-13,244225100,Sent
468,990,6,2023-01-20,137601950,Sent
469,1015,96,2023-03-28,358211650,Sent
470,470,46,2023-04-17,101694500,Sent
471,1014,91,2023-06-13,87110000,Declined
472,184,69,2023-08-04,144212400,Declined
473,933,116,2023-03-05,347213050,Declined
474,272,19,2023-09-19,177235200,Sent
475,1280,132,2023-01-20,317676000,Sent
476,528,25,2022-12-23,382547000,Sent
477,256,118,2022-12-09,138886500,Declined
478,88,148,2022-11-12,180384000,Sent
479,962,20,2023-04-28,99318450,Declined
480,706,10,2023-09-02,87520000,Declined
481,320,46,2023-01-07,160004200,Declined
482,312,76,2022-10-18,114287500,Declined
483,29,11,2022-07-14,163813400,Declined
484,144,83,2022-09-13,82566400,Sent
485,760,148,2023-10-02,175484000,Declined
486,708,6,2023-04-05,148562400,Declined
487,957,76,2023-04-18,98313600,Sent
488,404,143,2022-05-24,378189500,Declined
489,1224,106,2022-11-07,104332900,Declined
490,728,70,2022-12-28,109362500,Declined
491,515,33,2023-01-06,149852500,Sent
492,118,9,2023-01-18,89174400,Sent
493,1065,77,2022-08-06,109551750,Declined
494,617,106,2023-06-21,167035200,Sent
495,1175,20,2023-05-21,102984000,Sent
496,223,76,2022-09-01,83798300,Sent
497,619,122,2022-10-13,215633200,Declined
498,394,141,2023-01-22,101616000,Declined
499,458,70,2023-02-24,87250000,Sent
500,200,150,2022-09-24,195054300,Sent
501,853,31,2023-05-21,200509000,Declined
502,769,58,2022-05-09,103750400,Sent
503,749,41,2023-06-01,126560600,Sent
504,229,9,2023-05-12,92720000,Declined
505,237,136,2023-05-01,154802000,Declined
506,69,28,2022-07-05,101522000,Declined
507,975,35,2022-12-31,88665600,Declined
508,100,1,2022-07-03,97059600,Sent
509,1163,36,2022-11-28,234200000,Sent
510,474,93,2023-03-11,218200000,Sent
511,28,67,2023-03-28,104139000,Sent
512,1335,76,2022-05-08,142066500,Sent
513,841,143,2023-03-23,145340100,Declined
514,850,77,2022-07-05,122930100,Sent
515,1017,84,2023-03-27,110250000,Declined
516,913,58,2022-09-04,159834000,Declined
517,14,123,2022-10-12,90700000,Sent
518,167,77,2022-12-19,343479750,Declined
519,1243,113,2022-10-05,166540800,Sent
520,7,52,2022-10-29,108390400,Sent
521,837,101,2022-12-06,103261200,Sent
522,439,71,2023-05-29,199411200,Declined
523,1275,150,2023-06-19,171674100,Declined
524,143,51,2023-03-10,103106850,Declined
525,192,82,2023-10-18,176208210,Declined
526,416,60,2022-11-22,90537600,Declined
527,955,141,2023-05-10,102287600,Declined
528,780,6,2023-10-31,113196000,Sent
529,5,116,2023-05-23,150479000,Sent
530,699,56,2022-07-17,157710000,Declined
531,613,31,2023-02-15,161018800,Declined
532,1055,111,2023-11-07,164920000,Sent
533,716,56,2023-12-17,327215000,Sent
534,1354,107,2023-02-23,149169600,Declined
535,910,92,2023-09-01,154357500,Declined
536,524,124,2022-11-28,181342200,Declined
537,1427,142,2023-05-26,97937400,Declined
538,1393,33,2022-10-15,358465500,Sent
539,688,127,2023-02-02,163065000,Declined
540,404,101,2022-07-31,353497000,Declined
541,1153,41,2022-07-17,107657550,Declined
542,184,107,2023-07-07,139563000,Sent
543,1380,68,2023-06-20,123876000,Declined
544,100,112,2022-05-26,103854000,Sent
545,148,100,2022-11-07,156629300,Sent
546,1388,90,2023-07-08,240109400,Declined
547,457,68,2023-02-02,169214000,Declined
548,1347,136,2023-09-04,154921000,Declined
549,302,134,2022-11-14,207769100,Declined
550,1081,84,2023-05-17,110074800,Declined
551,854,135,2022-06-10,304360000,Declined
552,897,64,2023-01-01,196819800,Declined
553,300,150,2022-12-23,164160000,Sent
554,691,17,2022-11-01,142220300,Declined
555,492,26,2023-07-23,224075000,Declined
556,520,62,2023-09-05,149151000,Sent
557,324,109,2022-07-21,95155100,Declined
558,378,54,2023-02-17,85660700,Sent
559,753,12,2023-04-24,112932000,Declined
560,251,102,2023-03-10,107973500,Sent
561,399,76,2022-06-04,120042000,Declined
562,363,91,2023-01-20,350361200,Sent
563,699,104,2023-01-04,152057500,Declined
564,1499,33,2023-02-02,231650000,Declined
565,1013,31,2022-09-10,111786000,Declined
566,766,13,2022-12-27,84981700,Declined
567,503,25,2023-02-20,146025600,Declined
568,972,73,2023-06-02,78335400,Sent
569,1391,116,2023-04-26,186964000,Sent
570,187,94,2023-04-02,144237400,Sent
571,1251,88,2024-01-28,147491750,Declined
572,1205,139,2023-03-28,123683600,Sent
573,99,143,2023-02-11,347494500,Declined
574,681,32,2024-01-02,195544800,Declined
575,1425,45,2022-08-08,91220000,Declined
576,1152,20,2023-04-24,165812500,Sent
577,258,114,2023-07-04,155360100,Declined
578,489,43,2022-09-15,164792400,Sent
579,743,19,2022-11-16,175937400,Sent
580,1174,146,2023-03-16,145071000,Sent
581,1257,62,2023-02-19,155365000,Declined
582,363,5,2022-07-29,361240250,Sent
583,457,73,2023-06-20,170829000,Sent
584,335,134,2022-12-25,245139700,Declined
585,368,147,2022-08-25,101846900,Sent
586,570,63,2023-07-30,137524200,Declined
587,251,43,2023-09-01,103373500,Sent
588,827,41,2023-04-04,316750000,Sent
589,201,139,2022-12-28,91410100,Declined
590,611,5,2022-11-24,163706600,Sent
591,1246,92,2022-08-04,154143000,Declined
592,1338,67,2023-04-25,153542800,Declined
593,794,5,2023-10-08,108087500,Sent
594,309,56,2022-07-12,88040000,Sent
595,495,14,2022-11-26,90422400,Sent
596,324,24,2023-03-01,95989700,Declined
597,1360,121,2023-07-10,164027000,Declined
598,597,35,2022-12-23,105732000,Sent
599,151,3,2023-04-21,100991000,Declined
600,917,69,2022-11-12,179436510,Declined
601,1141,42,2023-06-09,105814800,Declined
602,964,39,2023-04-07,316882500,Sent
603,457,66,2023-02-16,167941000,Declined
604,256,72,2022-11-28,145087500,Declined
605,438,82,2023-06-04,135331650,Declined
606,998,128,2023-08-19,85990000,Declined
607,122,66,2023-01-01,142654800,Sent
608,418,69,2023-05-16,199994400,Declined
609,43,66,2023-03-02,87620000,Sent
610,584,95,2022-12-09,82508200,Sent
611,986,12,2023-05-18,202104900,Declined
612,493,24,2023-01-24,103592000,Declined
613,519,128,2023-01-19,105940200,Declined
614,81,72,2023-02-19,115320000,Declined
615,1274,131,2023-02-20,157797000,Declined
616,943,101,2023-06-28,163742200,Declined
617,534,94,2022-10-16,118705500,Declined
618,571,15,2022-07-06,99089700,Sent
619,1247,130,2022-08-21,126103500,Sent
620,1030,16,2023-06-24,373729500,Sent
621,637,27,2022-12-01,102679800,Declined
622,1428,60,2022-09-10,126711300,Declined
623,484,141,2022-12-08,150127800,Declined
624,897,105,2023-06-25,205672900,Declined
625,1316,21,2023-04-27,176160600,Sent
626,215,147,2022-06-18,97093800,Declined
627,944,63,2023-02-16,172691000,Sent
628,415,48,2023-03-15,142417600,Declined
629,415,44,2023-10-24,146058200,Declined
630,451,130,2023-03-15,141174000,Sent
631,197,92,2022-12-18,204959300,Declined
632,1030,150,2023-10-24,360651750,Declined
633,1380,18,2023-06-03,115411500,Declined
634,244,73,2022-12-02,144702200,Sent
635,657,114,2022-12-17,189737500,Declined
636,913,94,2022-08-25,160293000,Declined
637,1150,8,2022-12-13,101383600,Sent
638,1498,110,2023-08-27,173538000,Declined
639,862,100,2023-10-27,158174400,Sent
640,837,46,2023-06-15,104298600,Declined
641,208,145,2023-01-31,101351250,Declined
642,882,45,2022-07-05,204714000,Declined
643,145,111,2022-12-26,92450000,Sent
644,309,62,2023-02-18,89540000,Sent
645,468,139,2023-08-06,195866000,Sent
646,438,115,2023-03-19,143557600,Declined
647,676,26,2022-09-19,121394000,Declined
648,101,107,2023-11-15,99670200,Sent
649,128,141,2023-04-08,122450600,Declined
650,184,122,2023-07-20,152280000,Declined
651,786,30,2023-05-18,91220000,Declined
652,677,123,2022-10-20,244036800,Declined
653,830,84,2023-07-19,155873200,Sent
654,1141,95,2023-05-30,103500600,Sent
655,260,108,2022-06-24,93667800,Declined
656,1093,4,2022-11-12,317975000,Declined
657,886,24,2022-09-12,199760000,Sent
658,821,110,2022-08-27,132672600,Declined
659,1009,137,2023-02-17,137462000,Sent
660,362,143,2023-03-13,140712000,Declined
661,722,39,2022-10-01,95634000,Declined
662,1001,64,2023-08-15,102602000,Sent
663,1398,131,2023-12-09,160573800,Sent
664,705,80,2023-10-01,151305000,Sent
665,290,57,2023-08-01,299977500,Sent
666,1131,36,2023-07-19,83934100,Sent
667,1042,25,2022-11-27,222575000,Declined
668,110,18,2023-04-14,89865600,Sent
669,1040,95,2022-12-01,140632200,Sent
670,225,76,2022-11-23,108084000,Sent
671,1275,117,2022-09-26,171875100,Sent
672,185,71,2023-11-06,215279200,Sent
673,1041,134,2022-06-19,316050000,Sent
674,1446,88,2022-10-20,127885500,Declined
675,341,68,2022-07-01,144540000,Sent
676,955,12,2023-01-04,102852600,Declined
677,152,104,2022-09-20,103510000,Declined
678,601,129,2023-06-22,116194000,Declined
679,127,81,2023-03-24,189092500,Sent
680,214,58,2023-03-23,149205000,Declined
681,219,51,2023-02-19,145781200,Sent
682,144,4,2023-03-16,90520400,Sent
683,812,123,2023-01-23,98623200,Sent
684,1280,25,2023-02-24,320160000,Declined
685,1084,72,2022-10-21,190123200,Declined
686,1056,98,2022-12-14,165484800,Declined
687,659,112,2022-09-12,156481800,Sent
688,1230,146,2022-08-04,209261200,Sent
689,264,62,2023-08-02,357829500,Declined
690,736,78,2023-04-11,148262600,Declined
691,780,119,2023-06-06,106488000,Sent
692,1039,40,2023-07-23,191026000,Sent
693,239,47,2022-12-13,97247800,Declined
694,22,135,2023-03-03,252779300,Declined
695,538,28,2023-04-10,308982000,Sent
696,1305,148,2023-01-20,172980000,Sent
697,56,69,2023-05-08,315910000,Declined
698,176,16,2023-01-17,162431000,Declined
699,1207,78,2023-02-06,101232000,Declined
700,1188,60,2023-09-09,158028400,Declined
701,53,71,2023-02-07,161471970,Sent
702,298,13,2023-08-30,154725500,Declined
703,128,117,2023-01-23,119436600,Declined
704,410,61,2022-10-22,146184600,Declined
705,939,1,2022-08-01,198789000,Declined
706,337,27,2022-11-19,138208400,Declined
707,1250,112,2023-10-26,91762000,Sent
708,1230,34,2023-03-27,206570800,Sent
709,620,17,2023-03-08,72044000,Declined
710,1014,88,2023-02-21,85260000,Sent
711,17,7,2022-08-23,165237400,Sent
712,430,84,2023-04-24,150579000,Sent
713,1371,63,2023-03-30,107103000,Sent
714,313,84,2024-01-29,307125000,Sent
715,475,21,2023-07-04,108935600,Sent
716,169,140,2023-03-04,138934200,Declined
717,1206,6,2022-12-25,144633600,Sent
718,204,5,2023-01-23,376750500,Declined
719,475,69,2023-07-23,99052400,Sent
720,833,49,2023-05-24,176149000,Declined
721,847,51,2023-04-24,160205000,Declined
722,145,99,2022-12-21,87260000,Sent
723,816,132,2022-10-19,104213000,Declined
724,213,53,2022-07-24,109262500,Declined
725,973,24,2022-10-09,184497900,Declined
726,558,149,2023-05-02,174585600,Sent
727,438,117,2023-07-20,140447600,Sent
728,1403,58,2023-05-20,221438800,Sent
729,1452,129,2022-10-14,155819500,Sent
730,828,140,2023-02-23,232173900,Declined
731,952,139,2023-08-18,168106800,Declined
732,1143,28,2023-01-24,146341050,Declined
733,1084,17,2023-02-15,186386400,Declined
734,235,7,2023-03-24,151096000,Declined
735,1119,129,2023-04-10,360532500,Declined
736,1,19,2023-06-20,353496750,Declined
737,1354,19,2023-04-21,145297800,Sent
738,194,93,2023-09-01,113894000,Sent
739,1375,32,2023-06-27,157341000,Sent
740,1205,74,2022-12-03,127560700,Declined
741,94,60,2023-02-23,100291500,Declined
742,634,52,2022-11-05,162497430,Declined
743,223,73,2022-12-19,91762000,Sent
744,670,25,2023-03-20,243202900,Sent
745,381,56,2022-04-22,204223400,Sent
746,936,9,2023-02-04,97327200,Declined
747,1351,98,2023-04-12,368482500,Sent
748,537,1,2022-10-03,298597500,Sent
749,1011,37,2023-04-15,89531000,Sent
750,492,112,2023-06-09,235150000,Declined
751,403,126,2023-06-21,151518600,Declined
752,904,113,2023-10-09,102080000,Sent
753,707,45,2022-11-30,363790650,Declined
754,1194,143,2022-11-17,120847700,Sent
755,467,94,2022-10-27,152124000,Declined
756,1085,130,2022-11-18,121068000,Sent
757,508,23,2023-01-15,110916000,Sent
758,755,149,2023-03-04,99895200,Declined
759,945,102,2023-08-20,77737800,Declined
760,1139,4,2023-11-18,104259000,Sent
761,629,133,2022-05-18,116462500,Sent
762,1066,65,2023-11-01,137259850,Declined
763,341,64,2022-05-01,152724000,Declined
764,1005,14,2023-10-01,226050000,Declined
765,1137,117,2022-07-25,115986000,Declined
766,1450,9,2022-09-11,86880000,Sent
767,1430,28,2023-02-06,100796000,Sent
768,1482,148,2022-12-13,161317800,Sent
769,64,18,2022-09-02,101536050,Declined
770,1399,129,2023-03-15,94900000,Declined
771,367,109,2023-06-21,323092500,Declined
772,880,3,2023-09-04,103360950,Sent
773,657,130,2022-11-22,185287000,Sent
774,1465,55,2022-11-13,87110000,Declined
775,481,23,2023-04-25,165860400,Declined
776,1338,26,2023-05-03,158954000,Declined
777,1258,16,2022-08-16,89970000,Sent
778,1222,61,2023-02-08,157648000,Sent
779,489,75,2022-11-13,157975000,Declined
780,611,68,2023-01-27,160769600,Declined
781,126,107,2023-03-30,158219000,Sent
782,461,95,2023-06-26,146546400,Declined
783,1459,121,2023-02-15,183846500,Declined
784,459,78,2023-08-03,205087050,Declined
785,918,137,2024-02-19,111476000,Sent
786,384,16,2023-04-16,149632400,Declined
787,930,54,2023-07-03,142002900,Sent
788,1460,113,2022-09-06,138282300,Declined
789,171,123,2023-01-26,207916000,Declined
790,988,122,2023-01-06,89180000,Sent
791,685,105,2023-06-24,141716700,Declined
792,1134,7,2023-07-11,193490000,Sent
793,1318,139,2023-04-21,383377000,Sent
794,1147,113,2023-05-06,173971200,Declined
795,1082,87,2022-08-29,90950000,Declined
796,25,85,2023-04-02,139452400,Declined
797,311,132,2023-04-04,163795200,Declined
798,1099,115,2023-12-29,160885200,Sent
799,1248,118,2022-06-03,112440000,Sent
800,1061,62,2022-11-07,293664000,Sent
801,1419,57,2022-10-04,160431400,Declined
802,805,131,2022-08-14,98174400,Declined
803,229,102,2023-02-18,91960000,Sent
804,1166,91,2022-10-26,177081600,Declined
805,170,97,2023-04-27,99446800,Sent
806,443,30,2022-09-26,297955000,Sent
807,758,12,2023-07-21,169067970,Declined
808,1351,110,2023-03-13,348766500,Declined
809,989,83,2023-10-12,86097200,Declined
810,906,144,2022-11-04,155397000,Declined
811,560,56,2023-03-08,216199600,Declined
812,775,84,2024-01-16,190498000,Declined
813,254,148,2023-02-10,137943000,Declined
814,272,101,2023-07-03,178579200,Declined
815,1220,18,2023-05-14,242126900,Sent
816,717,113,2023-06-29,174548400,Declined
817,1328,100,2023-05-30,148470400,Sent
818,171,149,2022-08-09,207160800,Sent
819,490,58,2023-03-15,87609600,Sent
820,840,141,2023-02-27,165223800,Declined
821,1150,29,2023-07-03,106152200,Declined
822,115,135,2023-01-19,195263000,Declined
823,1177,130,2023-02-13,161350000,Declined
824,1204,88,2023-03-29,76874600,Declined
825,447,96,2023-04-21,87210000,Sent
826,1439,84,2023-06-11,91987900,Sent
827,496,69,2023-03-03,97722400,Declined
828,1291,126,2022-08-01,178942000,Declined
829,56,57,2023-07-16,322420000,Declined
830,825,145,2023-08-03,152022800,Sent
831,1164,106,2023-06-22,164415420,Declined
832,842,87,2023-03-30,198396000,Declined
833,560,68,2023-05-12,216482800,Declined
834,584,72,2023-03-25,85738300,Declined
835,1316,73,2022-08-16,170041200,Declined
836,1271,19,2023-12-13,89010000,Declined
837,702,104,2023-03-02,143287200,Sent
838,855,97,2022-12-16,149782500,Sent
839,457,9,2023-03-04,169195000,Sent
840,508,144,2023-06-02,107988000,Sent
841,1330,72,2022-06-28,99179850,Declined
842,1096,127,2023-09-26,145962000,Declined
843,1084,117,2022-10-17,184291200,Sent
844,1472,108,2023-08-20,158235000,Sent
845,1163,121,2023-06-14,231600000,Declined
846,724,82,2023-09-01,138429000,Declined
847,547,147,2023-01-30,316503000,Sent
848,46,77,2023-03-19,164650000,Declined
849,50,122,2023-03-13,91551200,Declined
850,463,61,2022-08-12,133574500,Sent
851,61,119,2023-02-20,101220600,Sent
852,1067,130,2023-10-07,155534400,Declined
853,1449,18,2023-03-27,211716200,Sent
854,278,62,2022-12-19,353417250,Sent
855,1263,61,2023-03-17,148516500,Declined
856,1396,91,2023-03-17,101848000,Declined
857,979,118,2023-04-04,323155000,Sent
858,1276,78,2022-12-10,98461800,Declined
859,943,67,2022-12-07,162086800,Declined
860,792,10,2022-11-13,347295750,Declined
861,336,42,2023-10-16,165217000,Declined
862,403,56,2023-04-21,145945800,Sent
863,764,2,2022-11-12,148632000,Sent
864,112,21,2023-05-12,72683100,Declined
865,1456,129,2023-07-17,166057500,Declined
866,36,66,2023-04-25,111637200,Declined
867,62,139,2022-11-18,297597000,Declined
868,1334,27,2022-11-01,123039000,Sent
869,173,45,2023-05-13,107112000,Declined
870,170,142,2023-01-24,110084000,Declined
871,641,91,2023-05-14,158793800,Declined
872,195,45,2023-10-23,315571500,Declined
873,1418,140,2022-10-14,108258150,Declined
874,1302,12,2023-04-25,211203300,Sent
875,104,122,2022-10-09,104377350,Sent
876,1084,114,2023-06-01,186667200,Sent
877,1444,132,2023-09-08,106412500,Declined
878,1003,128,2023-03-01,349919250,Sent
879,708,72,2022-09-19,154257600,Declined
880,220,145,2022-11-23,175814700,Sent
881,625,67,2023-03-16,104178500,Sent
882,391,5,2022-06-14,98775600,Sent
883,928,72,2023-02-11,166789170,Sent
884,947,122,2022-12-22,154308000,Declined
885,8,55,2023-06-19,91180800,Sent
886,14,60,2022-12-02,86120000,Sent
887,539,29,2022-08-26,116613000,Declined
888,436,64,2023-04-13,164907600,Sent
889,363,72,2023-06-01,372278700,Sent
890,951,97,2023-04-04,152235000,Declined
891,338,61,2023-01-14,246484700,Sent
892,1203,3,2023-03-27,168327360,Declined
893,338,59,2023-09-14,242395900,Sent
894,582,59,2023-02-07,213438400,Declined
895,91,65,2022-12-25,161588400,Sent
896,387,13,2023-02-01,246915100,Sent
897,413,34,2022-11-17,171231600,Declined
898,552,3,2022-06-30,166231000,Sent
899,967,101,2022-09-19,108162500,Declined
900,1326,88,2023-06-16,152302500,Declined
901,79,64,2023-01-03,152163000,Declined
902,270,87,2022-12-02,348488250,Declined
903,437,11,2023-04-16,113600000,Declined
904,1226,115,2023-06-16,152218000,Sent
905,1472,100,2023-01-16,149100000,Sent
906,559,86,2023-06-20,110025200,Sent
907,553,9,2023-07-06,90927200,Declined
908,674,33,2023-06-03,98174400,Sent
909,901,140,2022-10-03,164757240,Declined
910,353,100,2022-10-06,147456600,Sent
911,1060,68,2023-07-07,165690000,Declined
912,966,67,2023-04-10,90850200,Sent
913,489,101,2022-09-27,164614400,Sent
914,1418,35,2023-04-22,100080750,Sent
915,703,45,2022-11-04,99392300,Declined
916,1455,124,2023-03-06,102873600,Sent
917,600,66,2022-08-17,85507200,Sent
918,1182,97,2023-07-04,148617300,Declined
919,1285,15,2023-04-04,201051900,Sent
920,1329,126,2023-10-23,118362500,Declined
921,750,108,2023-03-01,110700000,Declined
922,1404,40,2022-06-01,194767200,Declined
923,1296,33,2023-07-28,99365600,Declined
924,426,112,2023-03-25,77605000,Declined
925,28,122,2023-03-15,105336000,Declined
926,1172,4,2022-07-27,90714400,Declined
927,1478,112,2023-05-13,101201100,Declined
928,992,28,2023-04-20,201234000,Declined
929,101,36,2023-10-13,97709400,Declined
930,825,37,2023-05-24,146976400,Declined
931,215,32,2022-11-23,105700800,Declined
932,150,76,2022-11-17,176563200,Sent
933,1405,52,2022-03-02,118312500,Declined
934,1105,103,2023-05-15,220825000,Sent
935,437,55,2022-09-21,115062500,Declined
936,1022,1,2022-11-20,143739400,Declined
937,482,91,2022-11-17,98818500,Sent
938,712,123,2023-05-17,115150000,Sent
939,257,113,2023-04-20,380596500,Declined
940,772,6,2022-10-07,152409600,Sent
941,638,138,2023-09-27,315192000,Declined
942,1074,3,2022-06-15,153087000,Declined
943,424,143,2023-08-14,168590400,Declined
944,406,139,2023-05-09,190533000,Declined
945,613,55,2023-08-09,164543200,Declined
946,229,75,2023-05-20,94480000,Declined
947,661,126,2022-05-21,205458000,Declined
948,418,120,2023-12-07,198720000,Sent
949,196,32,2022-10-26,342048750,Sent
950,52,76,2023-05-30,158039100,Sent
951,556,115,2023-08-08,96976000,Sent
952,118,134,2023-04-02,82204800,Sent
953,888,114,2023-07-29,174086400,Sent
954,880,109,2023-08-02,107565150,Sent
955,1364,18,2022-12-10,86640000,Declined
956,1331,39,2022-06-18,149068000,Declined
957,225,112,2022-12-11,109836000,Sent
958,348,102,2023-09-04,117688400,Declined
959,1082,68,2022-11-02,88140000,Sent
960,1098,70,2022-10-03,328650000,Sent
961,736,49,2023-12-07,143503100,Declined
962,749,93,2023-08-05,120354500,Sent
963,802,135,2023-05-13,140556000,Declined
964,153,2,2022-10-07,318573000,Sent
965,923,142,2022-11-23,142122600,Sent
966,448,144,2023-06-07,152443200,Sent
967,1185,5,2023-03-11,88722400,Declined
968,15,47,2023-03-27,202917000,Declined
969,658,8,2023-08-01,151958600,Declined
970,375,24,2022-07-03,149117800,Declined
971,36,20,2022-09-13,115964800,Declined
972,759,93,2023-07-14,184420800,Declined
973,1430,101,2023-02-16,105236900,Sent
974,318,72,2022-08-27,103811400,Declined
975,1107,1,2023-06-27,170380800,Sent
976,833,2,2023-10-07,161918000,Declined
977,482,145,2023-02-12,103112500,Sent
978,579,105,2024-01-04,103657600,Declined
979,288,150,2023-04-16,101311800,Declined
980,1218,125,2023-01-29,90820000,Declined
981,1036,57,2023-11-05,140988600,Declined
982,1389,87,2023-03-22,253989800,Declined
983,862,32,2023-04-16,158937000,Declined
984,251,44,2023-04-29,105777000,Declined
985,907,149,2023-04-24,196552200,Sent
986,376,54,2022-09-15,186749100,Sent
987,1161,108,2023-05-26,97537000,Sent
988,1002,69,2023-05-16,192676000,Declined
989,323,7,2022-11-01,104196000,Declined
990,26,145,2022-05-05,155102500,Sent
991,499,2,2022-08-06,86340000,Sent
992,478,121,2022-03-31,76725200,Declined
993,1168,103,2022-12-17,120109500,Sent
994,701,54,2023-03-28,90995700,Sent
995,356,101,2022-04-24,153888000,Declined
996,720,114,2023-06-03,108537500,Sent
997,896,77,2023-09-26,120299700,Declined
998,329,89,2023-06-29,161090000,Declined
999,187,45,2022-08-19,147192200,Sent
1000,1361,42,2023-03-30,309925000,Declined
1001,1249,128,2023-11-28,98219000,Declined
1002,1177,109,2023-04-17,155942500,Sent
1003,1072,58,2023-08-31,89260000,Sent
1004,658,150,2022-12-02,162549600,Declined
1005,1072,81,2023-07-22,92240000,Sent
1006,313,90,2023-04-27,307405000,Sent
1007,808,94,2023-03-21,108190000,Sent
1008,920,3,2023-07-28,200280150,Declined
1009,1300,6,2023-02-14,234917700,Declined
1010,1100,89,2023-01-09,100326000,Declined
1011,100,150,2022-11-01,103420800,Declined
1012,623,61,2023-06-24,117287500,Sent
1013,774,95,2023-01-15,106627600,Sent
1014,575,113,2023-04-29,155533000,Declined
1015,850,105,2022-11-26,119340700,Sent
1016,321,45,2023-07-23,175891200,Declined
1017,1230,23,2023-04-30,211385200,Sent
1018,1207,87,2023-07-30,99715800,Declined
1019,957,105,2022-11-10,104811600,Declined
1020,1358,15,2023-10-21,340677650,Declined
1021,433,149,2023-02-15,101154000,Declined
1022,541,4,2023-04-23,95929600,Declined
1023,807,76,2022-08-09,111050000,Sent
1024,1379,88,2023-02-18,193341000,Declined
1025,379,147,2023-07-27,302085000,Declined
1026,194,19,2023-02-05,111029600,Declined
1027,1079,95,2023-05-05,101327100,Declined
1028,418,66,2023-08-29,193406400,Declined
1029,910,101,2023-11-13,146635500,Sent
1030,539,134,2023-07-01,115020000,Declined
1031,232,66,2022-10-13,196636000,Sent
1032,508,6,2022-09-14,111780000,Declined
1033,1112,33,2022-12-07,161596800,Sent
1034,733,27,2023-06-02,126437300,Declined
1035,908,81,2022-08-16,153206100,Declined
1036,1235,102,2023-03-16,154140000,Sent
1037,155,68,2023-05-30,157898500,Declined
1038,388,75,2023-03-06,109517100,Sent
1039,1390,82,2022-06-05,95326400,Declined
1040,94,142,2023-11-17,107053500,Declined
1041,158,122,2023-06-16,317345000,Sent
1042,202,9,2022-07-10,78244100,Declined
1043,467,74,2022-10-02,151317600,Declined
1044,1489,89,2023-04-12,135833700,Declined
1045,836,10,2022-12-04,164250400,Sent
1046,1350,86,2023-03-13,85505500,Sent
1047,438,54,2023-08-14,139281350,Declined
1048,1233,33,2023-09-10,189691200,Declined
1049,989,138,2023-12-28,84739200,Declined
1050,1004,110,2023-02-24,141409800,Declined
1051,1269,25,2023-01-12,104966400,Declined
1052,2,59,2022-09-09,101339700,Declined
1053,936,72,2023-11-04,90992800,Sent
1054,633,13,2023-06-15,313605000,Declined
1055,21,102,2022-07-25,153439600,Declined
1056,731,2,2023-05-12,160038000,Sent
1057,1148,13,2022-12-04,106186100,Declined
1058,75,74,2023-03-27,177688000,Declined
1059,354,3,2023-01-19,90510000,Declined
1060,1081,125,2022-08-29,112158000,Sent
1061,153,16,2023-02-22,325542000,Sent
1062,1049,70,2023-04-20,190275000,Declined
1063,652,8,2023-03-06,146647200,Sent
1064,1119,134,2022-12-24,358465500,Sent
1065,755,78,2023-12-12,98996400,Sent
1066,615,100,2023-03-02,157027500,Declined
1067,1182,111,2023-04-04,142241400,Sent
1068,827,120,2023-11-12,315595000,Sent
1069,861,56,2023-06-26,168939800,Sent
1070,378,21,2023-10-05,88318500,Declined
1071,509,27,2023-05-25,121779300,Sent
1072,906,119,2023-09-18,158015000,Sent
1073,557,49,2022-04-24,204006000,Declined
1074,159,17,2022-09-19,90440000,Sent
1075,1250,122,2023-01-09,88745300,Declined
1076,726,135,2023-06-03,71529400,Declined
1077,1492,45,2023-08-19,161718840,Declined
1078,1458,148,2023-08-01,157298600,Declined
1079,206,21,2023-11-02,96343800,Declined
1080,510,1,2023-09-24,157497700,Declined
1081,399,13,2023-04-19,121500000,Sent
1082,1116,50,2023-11-16,77953600,Sent
1083,1492,146,2023-04-18,165269970,Sent
1084,29,76,2022-09-03,163617600,Declined
1085,83,139,2023-02-09,120286000,Declined
1086,1409,131,2022-12-31,161196800,Sent
1087,1018,117,2023-06-24,156887500,Declined
1088,1249,14,2023-11-21,98406000,Sent
1089,315,145,2023-04-20,165672500,Declined
1090,845,136,2023-01-07,184156200,Sent
1091,1150,92,2023-01-11,104332900,Declined
1092,871,102,2023-07-27,171875100,Declined
1093,1323,41,2023-04-01,81705600,Declined
1094,876,28,2023-05-31,179360550,Sent
1095,1118,86,2023-07-22,157036000,Declined
1096,756,129,2022-09-15,152721500,Sent
1097,66,47,2023-10-29,147890400,Declined
1098,677,74,2022-11-04,247883500,Sent
1099,238,71,2023-04-14,302220000,Declined
1100,738,54,2023-04-15,201124000,Sent
1101,949,133,2023-06-03,202015700,Sent
1102,1423,115,2023-06-23,178638930,Declined
1103,1273,35,2022-11-19,202530000,Declined
1104,791,104,2023-11-22,165794000,Declined
1105,1103,68,2023-07-22,350122100,Declined
1106,257,25,2023-05-23,381717000,Sent
1107,674,142,2023-01-14,103146400,Declined
1108,627,142,2023-05-15,152145000,Sent
1109,400,89,2023-06-10,180196500,Declined
1110,537,134,2023-02-11,316641000,Declined
1111,411,50,2023-10-06,89980800,Declined
1112,294,82,2023-01-07,98074200,Sent
1113,1415,89,2023-01-15,145365000,Sent
1114,1368,106,2023-07-07,156298000,Sent
1115,591,100,2023-06-07,153334200,Declined
1116,357,89,2022-07-10,233050000,Declined
1117,677,77,2022-10-29,236531700,Declined
1118,1335,30,2022-10-30,136406100,Sent
1119,737,40,2023-09-14,89792900,Sent
1120,386,26,2023-03-11,183070800,Declined
1121,152,62,2023-02-17,99407000,Declined
1122,700,138,2023-08-30,201652000,Declined
1123,769,63,2022-12-12,106186400,Declined
1124,838,86,2023-05-21,168403320,Sent
1125,929,129,2023-02-08,109737500,Sent
1126,883,111,2023-02-21,110700000,Declined
1127,7,66,2022-07-17,101070800,Declined
1128,926,97,2022-08-27,163345200,Declined
1129,293,82,2023-04-19,133621150,Declined
1130,324,84,2022-08-28,97958500,Sent
1131,683,138,2023-02-03,145864200,Declined
1132,144,38,2022-06-18,89113900,Sent
1133,426,62,2024-01-17,76243800,Declined
1134,403,35,2023-04-12,144034200,Declined
1135,120,78,2023-04-14,196149600,Declined
1136,155,107,2023-04-11,151986700,Sent
1137,1245,102,2023-01-03,301564500,Sent
1138,112,112,2023-10-05,77015700,Declined
1139,1443,17,2023-07-07,162725310,Declined
1140,435,5,2023-10-20,178176000,Declined
1141,572,87,2023-02-01,190266600,Declined
1142,1405,113,2022-07-25,118225000,Declined
1143,303,108,2023-06-22,164667800,Sent
1144,859,62,2023-10-17,205436000,Declined
1145,1250,10,2023-05-09,86068100,Sent
1146,280,131,2022-11-14,193306500,Declined
1147,1311,31,2023-09-28,116312000,Declined
1148,819,142,2022-12-30,302496000,Sent
1149,1050,18,2022-08-26,98152500,Declined
1150,936,27,2023-11-13,100815400,Sent
1151,1480,95,2023-03-27,91985100,Sent
1152,403,81,2023-07-15,151065000,Sent
1153,396,116,2022-10-17,102179000,Declined
1154,168,140,2023-03-18,210333600,Declined
1155,331,7,2022-05-31,144934600,Declined
1156,1020,82,2022-05-18,143068200,Declined
1157,1497,104,2023-05-28,377419350,Sent
1158,155,44,2023-09-01,151970000,Sent
1159,112,28,2023-04-16,78850000,Declined
1160,1039,123,2023-05-04,206910000,Sent
1161,249,74,2023-01-25,159381600,Sent
1162,1028,147,2023-01-05,117562500,Declined
1163,506,58,2023-01-10,312328500,Sent
1164,189,24,2022-07-03,87052800,Declined
1165,255,83,2023-08-10,323230500,Sent
1166,401,129,2023-04-06,363955000,Declined
1167,464,66,2023-10-30,196552200,Sent
1168,71,12,2022-12-02,110987500,Declined
1169,546,51,2023-07-20,156512400,Sent
1170,94,94,2023-02-11,108824500,Declined
1171,874,27,2022-11-05,112554800,Declined
1172,570,84,2022-12-16,143075550,Declined
1173,1307,129,2023-06-15,112356000,Sent
1174,1099,95,2023-03-20,157305200,Sent
1175,161,23,2022-07-29,150518000,Sent
1176,1374,1,2023-09-28,164934800,Sent
1177,384,38,2023-01-03,151226000,Declined
1178,740,26,2023-05-28,207020000,Declined
1179,1496,100,2023-06-20,101551200,Declined
1180,839,147,2023-02-21,236666200,Sent
1181,1476,126,2022-07-02,94370000,Declined
1182,531,35,2022-10-11,106557600,Declined
1183,928,120,2023-05-23,163465920,Declined
1184,506,19,2023-06-03,311086500,Declined
1185,772,6,2022-10-07,151233600,Sent
1186,670,29,2023-05-29,243337400,Sent
1187,717,120,2023-04-05,178287000,Sent
1188,386,10,2022-10-07,174126300,Declined
1189,220,150,2023-05-17,186166200,Sent
1190,170,113,2023-06-18,104202800,Sent
1191,473,35,2023-09-14,100783300,Declined
1192,1416,82,2023-04-30,151147500,Declined
1193,982,33,2023-05-19,147988500,Declined
1194,516,148,2023-02-28,100357950,Sent
1195,546,16,2023-08-09,144338100,Sent
1196,640,22,2022-05-12,155109200,Declined
1197,774,5,2023-01-18,108500000,Sent
1198,1202,125,2022-06-09,116775000,Declined
1199,703,107,2022-09-03,99820300,Declined
1200,74,107,2022-10-12,154456500,Sent
1201,530,96,2022-09-14,217922400,Declined
1202,542,42,2022-09-19,138286150,Declined
1203,1220,11,2023-03-10,239571400,Sent
1204,497,65,2022-04-30,85150000,Declined
1205,1411,64,2022-10-17,149275500,Sent
1206,14,51,2022-11-13,87500000,Declined
1207,841,85,2023-04-25,157347400,Declined
1208,698,116,2023-05-31,157441000,Declined
1209,343,147,2023-01-11,311914500,Sent
1210,1220,90,2023-07-14,239463800,Declined
1211,1041,112,2023-05-03,325570000,Sent
1212,1057,123,2023-11-01,157699000,Sent
1213,464,95,2023-03-31,196775200,Sent
1214,269,104,2023-07-19,186869700,Declined
1215,337,72,2023-07-11,143091100,Declined
1216,321,34,2023-11-16,178867200,Sent
1217,173,116,2023-05-12,109776000,Sent
1218,788,71,2023-04-16,106007000,Declined
1219,848,115,2022-12-09,152140800,Sent
1220,97,19,2023-08-04,208694800,Sent
1221,334,71,2022-12-07,105225600,Declined
1222,72,38,2023-02-13,153664500,Declined
1223,155,102,2023-07-03,154692100,Declined
1224,390,143,2023-03-05,235939900,Declined
1225,303,5,2023-10-03,168156600,Declined
1226,363,99,2022-09-25,348767200,Declined
1227,142,140,2022-10-04,91699000,Sent
1228,836,89,2022-10-11,160688300,Sent
1229,187,5,2022-11-09,149433200,Sent
1230,31,137,2023-03-22,103615050,Declined
1231,792,111,2023-01-30,349362750,Declined
1232,186,120,2023-04-07,194918400,Sent
1233,100,146,2022-07-26,102189600,Sent
1234,365,131,2023-03-24,145945800,Sent
1235,73,21,2023-05-26,172998900,Sent
1236,1322,32,2022-12-02,343068650,Sent
1237,800,125,2023-04-19,149515100,Sent
1238,499,44,2022-05-12,86260000,Declined
1239,1347,64,2023-09-16,149549000,Declined
1240,665,93,2023-06-02,106428000,Declined
1241,1184,100,2023-12-27,319815000,Declined
1242,707,139,2023-03-09,339003950,Declined
1243,1369,62,2023-03-08,102102000,Declined
1244,1196,2,2022-12-14,94831000,Sent
1245,908,50,2023-07-31,164930600,Declined
1246,993,52,2023-01-25,121669700,Declined
1247,229,140,2023-01-20,86500000,Declined
1248,268,7,2023-06-28,199640700,Declined
1249,540,117,2022-05-14,189482700,Declined
1250,1003,91,2022-10-16,343042500,Declined
1251,664,125,2023-01-06,108726800,Declined
1252,28,69,2023-06-02,98724000,Sent
1253,501,16,2023-04-21,87430000,Declined
1254,1142,33,2023-11-20,83662500,Sent
1255,1072,145,2023-03-23,90910000,Sent
1256,51,143,2023-04-16,102667950,Sent
1257,391,49,2022-05-18,108754800,Sent
1258,1387,24,2023-07-04,156271500,Sent
1259,1068,81,2023-01-29,84710400,Declined
1260,896,39,2023-02-05,128410100,Declined
1261,168,13,2022-11-30,189906800,Declined
1262,684,97,2022-12-27,99338800,Sent
1263,1359,79,2023-07-12,137959600,Declined
1264,1213,108,2023-08-24,91247900,Declined
1265,148,104,2022-06-27,151803000,Declined
1266,846,93,2023-03-30,89075100,Sent
1267,684,105,2022-12-19,97070400,Declined
1268,307,18,2023-10-18,107135300,Sent
1269,1134,27,2023-06-14,197296000,Sent
1270,24,28,2023-04-06,222666000,Sent
1271,418,106,2024-01-26,196279200,Declined
1272,721,41,2023-06-15,158384400,Declined
1273,575,39,2023-05-13,152779000,Sent
1274,1012,59,2023-02-28,100334850,Sent
1275,229,98,2022-07-24,91630000,Declined
1276,724,45,2022-09-18,144325800,Declined
1277,1369,112,2022-05-21,94996000,Declined
1278,138,107,2023-04-11,373713300,Declined
1279,562,109,2022-03-27,101767800,Declined
1280,1466,15,2023-01-17,167307000,Declined
1281,492,60,2023-02-14,218850000,Declined
1282,766,149,2023-07-18,90714400,Declined
1283,494,93,2023-01-25,108479500,Declined
1284,1349,130,2023-12-26,167365000,Sent
1285,782,58,2022-08-18,107391900,Declined
1286,198,54,2023-05-03,248905700,Sent
1287,61,59,2023-01-15,97002600,Declined
1288,1427,66,2023-03-24,104766000,Declined
1289,750,29,2023-07-01,112848000,Sent
1290,548,124,2022-05-22,108715200,Declined
1291,769,111,2023-01-29,105757200,Sent
1292,1271,57,2023-10-23,88650000,Declined
1293,677,75,2022-09-01,240297700,Sent
1294,59,102,2023-06-06,144372000,Declined
1295,1090,105,2023-09-11,89084800,Declined
1296,1483,71,2023-03-28,209776100,Sent
1297,428,150,2023-01-22,189299250,Declined
1298,1165,31,2023-03-09,92010000,Declined
1299,1118,36,2023-11-15,146578000,Declined
1300,76,138,2023-01-12,95940000,Sent
1301,1490,78,2023-04-20,169048980,Declined
1302,131,116,2023-05-01,141351000,Sent
1303,1455,50,2023-11-10,104139000,Sent
1304,403,13,2023-09-20,153025200,Declined
1305,428,13,2023-07-20,202551300,Declined
1306,844,84,2023-07-22,154560000,Declined
1307,13,45,2023-06-13,189502800,Sent
1308,1031,36,2023-01-15,368612500,Sent
1309,918,83,2023-11-14,116609600,Sent
1310,1294,57,2023-03-29,157182000,Sent
1311,832,137,2023-09-24,205128000,Sent
1312,751,141,2022-10-26,199713600,Declined
1313,353,34,2022-10-28,136501500,Sent
1314,1467,86,2023-08-03,105084000,Declined
1315,434,78,2023-05-27,106606500,Declined
1316,985,74,2022-07-27,217356000,Declined
1317,1032,67,2022-12-14,119696900,Sent
1318,495,14,2022-12-15,83414400,Sent
1319,971,95,2023-05-03,145316400,Declined
1320,416,36,2023-05-06,85900800,Declined
1321,961,76,2022-12-16,147109200,Sent
1322,170,116,2023-02-22,107624800,Sent
1323,1130,96,2023-09-03,140524200,Declined
1324,362,41,2023-07-04,147394500,Sent
1325,745,46,2022-08-10,117300000,Sent
1326,970,130,2023-09-14,86902300,Declined
1327,664,149,2022-04-26,98948000,Declined
1328,955,20,2022-09-26,104231200,Sent
1329,134,25,2023-02-14,324730000,Sent
1330,1226,51,2022-11-29,156587000,Declined
1331,87,63,2023-05-14,145054800,Declined
1332,1412,58,2023-07-25,152863200,Declined
1333,338,83,2023-07-25,253962900,Declined
1334,417,90,2023-06-13,121614900,Sent
1335,906,3,2023-08-11,147866000,Sent
1336,1279,90,2023-03-26,151684500,Declined
1337,1478,22,2023-04-12,98382900,Declined
1338,1377,102,2023-04-13,151619300,Declined
1339,306,47,2022-08-04,88980000,Sent
1340,752,47,2023-05-07,318711000,Declined
1341,725,10,2022-10-31,95942000,Declined
1342,353,114,2023-01-12,139920000,Declined
1343,634,137,2022-09-18,173036880,Declined
1344,1049,108,2022-12-10,193242000,Declined
1345,1282,16,2023-10-18,196355250,Sent
1346,565,141,2023-01-09,153681000,Declined
1347,1040,100,2023-07-25,139773600,Declined
1348,611,127,2022-12-29,165896000,Declined
1349,1013,94,2023-04-28,106454000,Sent
1350,408,41,2023-07-17,92990000,Sent
1351,1110,127,2022-06-28,176719000,Declined
1352,59,34,2022-10-12,138568500,Sent
1353,848,91,2022-12-22,144429600,Sent
1354,597,149,2023-05-07,106956000,Sent
1355,172,45,2022-03-18,236950000,Sent
1356,1074,134,2023-03-13,146866500,Sent
1357,899,17,2022-08-30,175579000,Declined
1358,1101,48,2023-01-05,119769000,Sent
1359,325,134,2023-03-16,138409500,Declined
1360,272,137,2023-01-06,181017600,Sent
1361,960,150,2023-11-13,94105000,Declined
1362,705,75,2023-04-07,154997500,Declined
1363,1417,9,2022-11-23,176662000,Sent
1364,1193,51,2023-02-05,168979200,Sent
1365,1187,112,2023-02-18,104804700,Sent
1366,1242,97,2024-01-20,108090800,Declined
1367,1139,25,2023-02-19,109020000,Sent
1368,518,25,2023-04-15,101616000,Declined
1369,132,81,2022-08-14,167017400,Sent
1370,1488,6,2022-05-25,203124600,Declined
1371,920,150,2022-12-15,192320100,Declined
1372,211,103,2024-01-13,242799400,Declined
1373,1391,41,2022-12-29,202981500,Sent
1374,62,37,2022-12-10,300840000,Declined
1375,711,76,2023-09-29,89760000,Sent
1376,350,124,2023-09-27,159936500,Sent
1377,333,33,2024-01-20,122836500,Sent
1378,925,13,2023-06-17,96833000,Sent
1379,82,85,2022-06-21,108790000,Sent
1380,1467,71,2022-12-14,105288000,Declined
1381,994,75,2023-03-29,155957000,Declined
1382,559,58,2023-07-23,107520400,Declined
1383,613,36,2023-09-25,155144800,Sent
1384,834,74,2022-08-13,103417600,Sent
1385,1496,93,2023-01-07,107536200,Declined
1386,1330,34,2022-09-14,106052100,Declined
1387,100,15,2023-02-15,98165400,Declined
1388,1024,95,2023-06-25,90307000,Declined
1389,1475,114,2023-04-15,108360000,Sent
1390,268,45,2023-09-22,195561450,Declined
1391,23,143,2023-04-03,135549350,Sent
1392,1101,113,2023-04-21,122408000,Sent
1393,1298,39,2023-09-15,106966200,Declined
1394,2,9,2022-08-30,105682500,Declined
1395,1388,150,2023-08-28,254608500,Declined
1396,1370,69,2023-02-18,145523800,Declined
1397,844,91,2022-10-23,156152500,Sent
1398,1155,1,2023-05-23,108604650,Sent
1399,1499,113,2023-01-24,222150000,Sent
1400,1042,105,2023-05-11,218025000,Declined
1401,979,35,2022-10-09,321370000,Sent
1402,543,44,2022-10-08,101688700,Declined
1403,1036,92,2023-07-09,146059200,Sent
1404,1320,43,2023-01-02,168023520,Sent
1405,566,90,2023-07-21,90990000,Declined
1406,457,73,2023-07-11,168397000,Declined
1407,389,134,2023-05-13,146268000,Declined
1408,814,59,2022-09-06,122478000,Declined
1409,1380,75,2023-03-24,122377500,Declined
1410,567,77,2023-07-14,138743400,Sent
1411,247,11,2022-09-22,150700200,Sent
1412,545,147,2023-02-11,322175000,Declined
1413,345,35,2023-05-23,155595000,Sent
1414,892,9,2022-07-17,102457100,Sent
1415,796,6,2022-11-22,186645600,Declined
1416,1138,11,2022-07-24,167400000,Declined
1417,626,22,2023-03-28,237661500,Sent
1418,834,63,2022-09-12,104875300,Sent
1419,579,130,2023-11-17,109388000,Declined
1420,800,109,2023-10-15,149682100,Declined
1421,1435,103,2023-07-15,86169600,Sent
1422,768,13,2023-11-17,205506000,Declined
1423,1049,63,2023-04-22,189286000,Declined
1424,444,131,2023-04-07,153815600,Declined
1425,1379,72,2023-09-03,202996900,Sent
1426,1317,114,2023-05-12,146141700,Declined
1427,524,141,2023-04-12,180900000,Declined
1428,94,79,2023-08-10,100280000,Sent
1429,187,42,2022-11-15,141232800,Declined
1430,1236,33,2023-08-06,106715400,Sent
1431,657,126,2022-07-28,199563000,Sent
1432,34,94,2022-11-22,86572500,Declined
1433,956,83,2023-03-07,110955200,Sent
1434,1148,92,2023-01-26,103632300,Declined
1435,40,81,2023-07-26,152288400,Declined
1436,96,64,2022-11-16,72384300,Declined
1437,2,112,2022-08-30,101270400,Declined
1438,1305,73,2022-11-18,164126400,Sent
1439,814,28,2022-08-13,123491800,Sent
1440,958,118,2023-06-05,358650000,Sent
1441,688,21,2023-04-23,160300000,Declined
1442,670,81,2023-06-17,255200300,Sent
1443,705,78,2023-06-07,162592500,Declined
1444,30,133,2022-07-16,141124500,Declined
1445,227,144,2022-12-04,195888000,Sent
1446,1344,149,2022-12-09,108581550,Declined
1447,1257,46,2023-06-08,153107500,Declined
1448,14,88,2023-03-31,94030000,Sent
1449,310,42,2022-11-10,302116500,Declined
1450,548,8,2022-06-18,104504400,Sent
1451,1118,134,2023-05-24,152072600,Declined
1452,1136,96,2022-12-19,154945000,Declined
1453,663,142,2022-12-15,111798400,Declined
1454,982,98,2023-02-07,155727000,Sent
1455,1199,126,2022-07-30,99756400,Declined
1456,796,16,2023-04-22,189583200,Sent
1457,736,55,2023-08-28,150834400,Sent
1458,984,25,2023-05-10,99168400,Sent
1459,1060,79,2023-05-23,151287500,Sent
1460,28,37,2023-04-24,100582200,Sent
1461,1256,135,2023-01-02,136676400,Declined
1462,903,20,2022-06-26,222600000,Declined
1463,896,77,2023-07-18,128437500,Sent
1464,1071,18,2023-04-04,144515100,Declined
1465,118,81,2022-07-23,89827200,Sent
1466,467,84,2022-12-11,158894400,Sent
1467,282,99,2023-09-23,244978300,Sent
1468,1239,134,2023-05-31,313775000,Sent
1469,1283,29,2022-12-12,92440000,Sent
1470,1038,150,2023-01-28,179553300,Sent
1471,1398,63,2023-12-03,168245600,Sent
1472,612,119,2022-12-24,364149750,Declined
1473,575,147,2023-06-01,148155000,Declined
1474,1245,137,2023-03-20,309327000,Declined
1475,613,133,2023-05-30,166483400,Declined
1476,1362,40,2023-09-07,182943500,Declined
1477,271,94,2023-01-28,361208250,Sent
1478,1277,5,2023-07-05,107652000,Sent
1479,1174,24,2023-03-21,141053400,Declined
1480,825,140,2023-03-18,152371400,Declined
1481,147,36,2023-11-10,85478400,Sent
1482,885,18,2024-02-14,140762700,Declined
1483,270,108,2022-08-07,358505250,Declined
1484,391,42,2022-12-10,105936600,Sent
1485,969,34,2023-11-09,349164000,Declined
1486,1087,31,2023-03-09,100783300,Declined
1487,1068,112,2023-03-09,86822400,Declined
1488,341,85,2022-09-03,140613000,Declined
1489,71,30,2023-02-14,110375000,Sent
1490,602,8,2022-11-03,163450000,Declined
1491,947,99,2023-07-22,154896000,Declined
1492,565,108,2023-01-22,155727000,Sent
1493,1029,78,2023-01-11,139474800,Declined
1494,954,124,2022-10-11,162712800,Declined
1495,636,48,2023-08-01,85156300,Declined
1496,1222,99,2022-05-16,158149000,Sent
1497,529,147,2023-03-23,155696600,Declined
1498,595,64,2022-10-15,152587900,Sent
1499,1374,117,2023-06-19,159826200,Sent
1500,642,55,2022-11-05,106750000,Declined
